rail,settlement_stage,transaction_id,entity_type,entity_id,counterparty_type,counterparty_id,credit_debit_indicator,payment.payment_id,payment.transaction_id,payment.transaction_type,payment.status,payment.created_at,payment.transaction_date,payment.payment_method.type,payment.payment_method.card_brand,payment.payment_method.card_number_masked,payment.payment_method.card_funding,payment.payment_method.card_category,merchant.merchant_id,merchant.legal_name,merchant.merchant_name,merchant.merchant_location.city,merchant.merchant_location.state,merchant.merchant_location.postal_code,merchant.merchant_location.country,transaction.amount,transaction.currency,transaction.authorization.status,transaction.authorization.authorization_code,transaction.authorization.authorization_timestamp,transaction.entry.entry_mode,transaction.entry.channel,references.trace_number,references.reference_id,references.order_id,processing.authorization_status,processing.capture_status,processing.settlement_status,processing.posting_status,processing.reconciliation_status,risk.fraud_status,risk.cvv_result,risk.avs_result,format_validation_details.format_validation_status,format_validation_details.rejection_code,format_validation_details.rejection_reason,format_validation_details.field_level_errors,network_response_control.request_timestamp,network_response_control.response_received,network_response_control.response_timestamp,network_response_control.response_time_ms,network_response_control.expected_response_sla_ms,network_response_control.network_timeout_flag,network_response_control.response_code,file_batch_tracking.settlement_batch_id,file_batch_tracking.batch_status,file_batch_tracking.expected_settlement_timestamp,file_batch_tracking.actual_settlement_timestamp,file_batch_tracking.settlement_lag_minutes,file_batch_tracking.file_reached_settlement,retry_control.is_retry,retry_control.retry_count,retry_control.original_transaction_id,retry_control.idempotency_key,retry_control.retry_reason,retry_control.duplicate_check_status,fraud_risk_indicators.new_merchant_risk.is_new_merchant,fraud_risk_indicators.new_merchant_risk.merchant_first_seen_date,fraud_risk_indicators.new_merchant_risk.prior_transaction_count_with_merchant,fraud_risk_indicators.new_merchant_risk.merchant_relationship_age_days,fraud_risk_indicators.new_merchant_risk.new_merchant_risk_flag,fraud_risk_indicators.velocity_checks.transaction_count_1h,fraud_risk_indicators.velocity_checks.transaction_count_24h,fraud_risk_indicators.velocity_checks.cumulative_amount_24h,fraud_risk_indicators.velocity_checks.velocity_baseline_avg_24h,fraud_risk_indicators.velocity_checks.velocity_threshold_breached,fraud_risk_indicators.velocity_checks.velocity_score,fraud_risk_indicators.structuring_detection.reporting_threshold_amount,fraud_risk_indicators.structuring_detection.amount_to_threshold_ratio,fraud_risk_indicators.structuring_detection.aggregate_amount_24h_same_card,fraud_risk_indicators.structuring_detection.related_transactions_24h,fraud_risk_indicators.structuring_detection.structuring_flag,payment_processor_name,merchant.payment_processor_name,payment.settlement_date,payment.posting_date,merchant.merchant_account.account_type,merchant.merchant_account.routing_number,merchant.merchant_account.issuer_bank,card.card_number_masked,card.card_brand,card.card_funding,card.card_category,card.issuer.name,card.issuer.country,settlement.status,settlement.settlement_batch_id,settlement.settlement_reference,settlement.settlement_date,settlement.settlement_timestamp,settlement.gross_amount,settlement.fees.total,settlement.fees.details,settlement.taxes.amount,settlement.taxes.currency,settlement.net_amount,settlement.settlement_currency,bank_posting.status,bank_posting.posting_id,bank_posting.posting_timestamp,bank_posting.debit_credit_indicator,bank_posting.currency,bank_posting.value_date,bank_posting.ledger_transaction_id,bank_posting.account.account_type,bank_posting.account.routing_number,dispute.status,dispute.chargeback_amount,dispute.currency,bank_posting.posted_amount,merchant.merchant_account.onboarded_by,merchant.merchant_account.account_number,reconciliation.reconciliation_status,reconciliation.reconciliation_timestamp,reconciliation.variance_amount,reconciliation.amount_match,reconciliation.ledger_transaction_id,reconciliation.network_settlement_amount,reconciliation.ledger_posted_amount,reconciliation.network_settlement_reference,fraud_risk_indicators_summary.new_payee_risk_flag,fraud_risk_indicators_summary.funnel_account_flag,fraud_risk_indicators_summary.velocity_threshold_breached,fraud_risk_indicators_summary.structuring_flag,fraud_risk_indicators_summary.new_merchant_risk_flag,bank_posting.account.account_number,payment.rail,payment.network,payment.message_type,message.message_id,message.instruction_id,message.end_to_end_id,message.received_timestamp,debtor.name,debtor.account_number,debtor.bank.issuer_name,debtor.bank.routing_number,creditor.name,creditor.account_number,creditor.bank.issuer_name,creditor.bank.routing_number,creditor.bank.onboarded_by,amount.value,amount.currency,remittance.information,remittance.reference,validation.message_validation,validation.participant_validation,validation.account_validation,validation.duplicate_check,validation.format_validation_details.format_validation_status,validation.format_validation_details.rejection_code,validation.format_validation_details.rejection_reason,validation.format_validation_details.field_level_errors,risk_compliance.fraud_status,risk_compliance.sanctions_status,risk_compliance.aml_status,risk_compliance.compliance_status,fraud_risk_indicators.new_payee_risk.is_new_payee,fraud_risk_indicators.new_payee_risk.payee_account_first_seen_date,fraud_risk_indicators.new_payee_risk.prior_transaction_count_with_payee,fraud_risk_indicators.new_payee_risk.payee_relationship_age_days,fraud_risk_indicators.new_payee_risk.new_payee_risk_flag,fraud_risk_indicators.funnel_account_detection.beneficiary_account_number,fraud_risk_indicators.funnel_account_detection.distinct_originating_accounts_24h,fraud_risk_indicators.funnel_account_detection.distinct_originating_accounts_7d,fraud_risk_indicators.funnel_account_detection.funnel_account_flag,fraud_risk_indicators.funnel_account_detection.related_transaction_ids,fraud_risk_indicators.structuring_detection.aggregate_amount_24h_same_originator,processing.decision,parties.debtor.name,parties.debtor.account_number,parties.debtor.bank_name,parties.creditor.name,parties.creditor.account_number,parties.creditor.bank_name,parties.creditor.onboarded_by,settlement.settlement_amount,posting.status,posting.posting_id,posting.posting_timestamp,posting.value_date,posting.customer_account,posting.credit_debit_indicator,posting.currency,posting.ledger_transaction_id,account.account_number,account.credit_amount,account.debit_amount,account.ledger_balance,account.available_balance,account.onboarded_by,posting.posted_amount,audit.received_timestamp,audit.settled_timestamp,audit.posted_timestamp,audit.completed_timestamp,originating_bank.name,originating_bank.bank_role,originating_bank.routing_number,originator.name,originator.identification,originator.account_number,originator.onboarded_by,originator.issuer_bank,receiver.name,receiver.account_number,receiver.account_type,receiver.routing_number,merchant_id,payment.transaction_code,payment.credit_debit,payment.amount,payment.currency,payment.effective_entry_date,payment.company_entry_description,ach_batch.batch_id,ach_batch.sec_code,ach_batch.service_class_code,ach_batch.batch_number,ach_file.file_id,ach_file.file_creation_date,ach_file.file_creation_time,ach_file.file_id_modifier,trace.trace_number,trace.original_trace_number,validation.routing_validation,validation.format_validation,file_batch_tracking.file_ack_status,settlement.expected_settlement_date,account_posting.status,account_posting.posting_date,account_posting.account_entry_type,account_posting.ledger_balance.before,account_posting.ledger_balance.after,account_posting.available_balance.before,account_posting.available_balance.after,timestamps.received_at,timestamps.validated_at,timestamps.settled_at,timestamps.posted_at,validation.fraud_review,wire_id,network.network,network.message_type,network.received_timestamp,network.settlement_status,identifiers.uetr,identifiers.imad,identifiers.message_id,identifiers.instruction_id,identifiers.transaction_id,identifiers.end_to_end_id,payment.value_date,debtor.address.street,debtor.address.city,debtor.address.state,debtor.address.postal_code,debtor.address.country,debtor_agent.issuer_bank,debtor_agent.routing_number,creditor.onboarded_by,creditor.address.city,creditor.address.state,creditor.address.country,creditor_agent.name,creditor_agent.routing_number,processing.account_validation,processing.sanctions_screening,processing.aml_screening,processing.fraud_screening,processing.compliance_status,settlement.network,settlement.amount,settlement.currency,posting.amount,cheque.cheque_number,cheque.amount,cheque.currency,cheque.issue_date,cheque.micr.routing_number,cheque.micr.account_number,cheque.micr.onboarded_by,cheque.micr.issuer_bank,cheque.micr.serial_number,payee.payee_name,payee.depositary_bank.bofd_routing_number,payee.depositary_bank.depositor_account_number,presentment.presentment_id,presentment.presentment_date,presentment.clearing_channel,presentment.status,validation.micr_validation,validation.amount_validation,validation.image_quality,validation.signature_verification,clearing_network_response.request_timestamp,clearing_network_response.response_received,clearing_network_response.response_timestamp,clearing_network_response.response_time_ms,clearing_network_response.expected_response_sla_ms,clearing_network_response.network_timeout_flag,clearing_network_response.response_code,file_batch_tracking.cash_letter_id,file_batch_tracking.file_ack_timestamp
CARD,POST,CARD-MTB-100451,MERCHANT,MERCH-008,EXTERNAL_INDIVIDUAL,EXT-P-2074,CREDIT,MTB-CARD-20260708-717307,CARD-MTB-100451,CARD_PAYMENT,SETTLED,2026-07-08T18:55:38Z,2026-07-08 00:00:00,CARD,DISCOVER,416552XXXXXX1741,CREDIT,COMMERCIAL,MERCH-008,Amberlane Textiles Co LLC,Amberlane Textiles Co,Columbus,IN,95747,US,217.43,USD,APPROVED,JSLN0CJ,2026-07-08T18:55:38Z,81,CARD_NOT_PRESENT,8649331158479926109659,97184963-1X5TRERAX0,ORDER-59545,APPROVED,PENDING,PENDING,PENDING,UNRECONCILED,PASSED,MATCH,PARTIAL_MATCH,PASSED,,,[],2026-07-08T18:55:38Z,True,2026-07-08T18:55:38Z,3505,8000,False,0,BATCH-MTB-20260708-4,SETTLED,2026-07-08T19:55:38Z,2026-07-08T21:55:38Z,180,True,False,0,,IDEMP-CARD-MTB-100451,,PASSED,False,2024-01-23 00:00:00,43,897,False,1,2,235.91,79.97,False,29,10000,0.022,184.61,[],False,Airwallex,Airwallex,2026-07-08 00:00:00,2026-07-08 00:00:00,DDA,MTB0000001,Cascade Point Bank,416552XXXXXX1741,DISCOVER,CREDIT,COMMERCIAL,Summit Ridge Bank,US,SETTLED,BATCH-MTB-20260708-4,SETL-CARD-MTB-100451,2026-07-08 00:00:00,2026-07-08T21:55:38Z,217.43,5.17,"[{'fee_type': 'DISCOUNT_FEE', 'amount': 3.52, 'currency': 'USD'}, {'fee_type': 'TRANSACTION_FEE', 'amount': 0.72, 'currency': 'USD'}, {'fee_type': 'AUTHORIZATION_FEE', 'amount': 0.26, 'currency': 'USD'}, {'fee_type': 'OTHER_FEE', 'amount': 0.67, 'currency': 'USD'}]",0,USD,212.26,USD,POSTED,POST-MTB-709382915,2026-07-08T22:00:38Z,CREDIT,USD,2026-07-08 00:00:00,LEDG-CARD-MTB-100451,DDA,MTB0000001,NONE,0,USD,212.26,BrightLedger Payments,454372367,NOT_YET_RECONCILED,,0,True,LEDG-CARD-MTB-100451,212.26,212.26,SETL-CARD-MTB-100451,,,False,False,False,454372367,,,,,,,,,,,,,,,,,,,,,,,,,,,,,,,,,,,,,,,,,,,,,,,,,,,,,,,,,,,,,,,,,,,,,,,,,,,,,,,,,,,,,,,,,,,,,,,,,,,,,,,,,,,,,,,,,,,,,,,,,,,,,,,,,,,,,,,,,,,,,,,,,,,,,,,,,,,,,,,,,,,,,,,,,,,,,,,,,,,
CARD,POST,CARD-MTB-100500,MERCHANT,MERCH-005,EXTERNAL_INDIVIDUAL,EXT-P-5159,CREDIT,MTB-CARD-20260803-893595,CARD-MTB-100500,CARD_PAYMENT,SETTLED,2026-08-03T21:51:11Z,2026-08-03 00:00:00,CARD,AMEX,518586XXXXXX1918,CREDIT,COMMERCIAL,MERCH-005,Solstice Digital Print LLC,Solstice Digital Print,Atlanta,TN,70467,US,4380.75,USD,APPROVED,M2F7CCT,2026-08-03T21:51:11Z,90,CARD_NOT_PRESENT,2396436948913662698960,35194157-974K8FRLUR,ORDER-78077,APPROVED,PENDING,PENDING,PENDING,UNRECONCILED,PASSED,MATCH,MATCH,PASSED,,,[],2026-08-03T21:51:11Z,True,2026-08-03T21:51:12Z,4280,8000,False,0,BATCH-MTB-20260804-5,SETTLED,2026-08-03T22:51:11Z,2026-08-04T02:51:11Z,300,True,False,0,,IDEMP-CARD-MTB-100500,,PASSED,False,2023-06-14 00:00:00,39,1146,False,1,10,5816.89,3383.37,False,56,10000,0.438,5489.75,[],False,WorldPay,WorldPay,2026-08-04 00:00:00,2026-08-04 00:00:00,DDA,MTB0000001,Ironbridge National Bank,518586XXXXXX1918,AMEX,CREDIT,COMMERCIAL,Summit Ridge Bank,US,SETTLED,BATCH-MTB-20260804-5,SETL-CARD-MTB-100500,2026-08-04 00:00:00,2026-08-04T02:51:11Z,4380.75,124.8,"[{'fee_type': 'DISCOUNT_FEE', 'amount': 84.86, 'currency': 'USD'}, {'fee_type': 'TRANSACTION_FEE', 'amount': 17.47, 'currency': 'USD'}, {'fee_type': 'AUTHORIZATION_FEE', 'amount': 6.24, 'currency': 'USD'}, {'fee_type': 'OTHER_FEE', 'amount': 16.23, 'currency': 'USD'}]",0,USD,4255.95,USD,POSTED,POST-MTB-930636844,2026-08-04T02:56:11Z,CREDIT,USD,2026-08-04 00:00:00,LEDG-CARD-MTB-100500,DDA,MTB0000001,NONE,0,USD,4255.95,Meridian Trust Bank,2260323791,NOT_YET_RECONCILED,,0,True,LEDG-CARD-MTB-100500,4255.95,4255.95,SETL-CARD-MTB-100500,,,False,False,False,2260323791,,,,,,,,,,,,,,,,,,,,,,,,,,,,,,,,,,,,,,,,,,,,,,,,,,,,,,,,,,,,,,,,,,,,,,,,,,,,,,,,,,,,,,,,,,,,,,,,,,,,,,,,,,,,,,,,,,,,,,,,,,,,,,,,,,,,,,,,,,,,,,,,,,,,,,,,,,,,,,,,,,,,,,,,,,,,,,,,,,,
CARD,POST,CARD-MTB-100424,MERCHANT,MERCH-009,EXTERNAL_INDIVIDUAL,EXT-P-8302,CREDIT,MTB-CARD-20260806-270026,CARD-MTB-100424,CARD_PAYMENT,SETTLED,2026-08-06T06:23:08Z,2026-08-06 00:00:00,CARD,AMEX,542728XXXXXX5435,DEBIT,COMMERCIAL,MERCH-009,Copperfield Building Supply LLC,Copperfield Building Supply,Indianapolis,IL,56155,US,99.09,USD,APPROVED,COKFOL2,2026-08-06T06:23:08Z,90,CARD_NOT_PRESENT,6046529019041243699946,80573005-VWH8XK0QCA,ORDER-98529,APPROVED,PENDING,PENDING,PENDING,UNRECONCILED,PASSED,NO_MATCH,MATCH,PASSED,,,[],2026-08-06T06:23:08Z,True,2026-08-06T06:23:09Z,2456,8000,False,0,BATCH-MTB-20260806-8,SETTLED,2026-08-07T06:23:08Z,2026-08-06T07:23:08Z,60,True,False,0,,IDEMP-CARD-MTB-100424,,PASSED,False,2025-08-01 00:00:00,64,370,False,5,5,176.55,61.32,False,34,10000,0.01,85.3,[],False,WorldPay,WorldPay,2026-08-06 00:00:00,2026-08-06 00:00:00,DDA,MTB0000001,Summit Ridge Bank,542728XXXXXX5435,AMEX,DEBIT,COMMERCIAL,Ironbridge National Bank,US,SETTLED,BATCH-MTB-20260806-8,SETL-CARD-MTB-100424,2026-08-06 00:00:00,2026-08-06T07:23:08Z,99.09,1.72,"[{'fee_type': 'DISCOUNT_FEE', 'amount': 1.17, 'currency': 'USD'}, {'fee_type': 'TRANSACTION_FEE', 'amount': 0.24, 'currency': 'USD'}, {'fee_type': 'AUTHORIZATION_FEE', 'amount': 0.09, 'currency': 'USD'}, {'fee_type': 'OTHER_FEE', 'amount': 0.22, 'currency': 'USD'}]",0,USD,97.37,USD,POSTED,POST-MTB-885936669,2026-08-06T07:28:08Z,CREDIT,USD,2026-08-06 00:00:00,LEDG-CARD-MTB-100424,DDA,MTB0000001,NONE,0,USD,97.37,Northstar Payment Solutions,9446335263,MATCHED,2026-08-07T14:23:08Z,0,True,LEDG-CARD-MTB-100424,97.37,97.37,SETL-CARD-MTB-100424,,,False,False,False,9446335263,,,,,,,,,,,,,,,,,,,,,,,,,,,,,,,,,,,,,,,,,,,,,,,,,,,,,,,,,,,,,,,,,,,,,,,,,,,,,,,,,,,,,,,,,,,,,,,,,,,,,,,,,,,,,,,,,,,,,,,,,,,,,,,,,,,,,,,,,,,,,,,,,,,,,,,,,,,,,,,,,,,,,,,,,,,,,,,,,,,
CARD,POST,CARD-MTB-100441,MERCHANT,MERCH-004,EXTERNAL_INDIVIDUAL,EXT-P-2180,CREDIT,MTB-CARD-20260812-890774,CARD-MTB-100441,CARD_PAYMENT,AUTHORIZED,2026-08-12T09:30:03Z,2026-08-12 00:00:00,CARD,MASTERCARD,489108XXXXXX5235,CREDIT,COMMERCIAL,MERCH-004,Pinehollow Auto Parts LLC,Pinehollow Auto Parts,Chicago,CO,47042,US,31.09,USD,APPROVED,CSLWCT7,2026-08-12T09:30:03Z,90,CARD_NOT_PRESENT,6396675498125327177807,82090557-W3VM7NF24H,ORDER-46431,APPROVED,PENDING,PENDING,PENDING,UNRECONCILED,PASSED,MATCH,MATCH,PASSED,,,[],2026-08-12T09:30:03Z,True,2026-08-12T09:30:03Z,676,8000,False,51,,OPEN,2026-08-14T09:30:03Z,,,False,False,0,,IDEMP-CARD-MTB-100441,,PASSED,False,2025-11-26 00:00:00,52,259,False,1,1,108.03,52.48,False,18,10000,0.003,35.19,[],False,WorldPay,WorldPay,,,,,,,,,,,,,,,,,,,,,,,,,,,,,,,,,,,,,Vertex Commerce Pay,3061977058,NOT_APPLICABLE,,,,,,,,,,False,False,False,3061977058,,,,,,,,,,,,,,,,,,,,,,,,,,,,,,,,,,,,,,,,,,,,,,,,,,,,,,,,,,,,,,,,,,,,,,,,,,,,,,,,,,,,,,,,,,,,,,,,,,,,,,,,,,,,,,,,,,,,,,,,,,,,,,,,,,,,,,,,,,,,,,,,,,,,,,,,,,,,,,,,,,,,,,,,,,,,,,,,,,,
CARD,POST,CARD-MTB-100436,MERCHANT,MERCH-007,EXTERNAL_INDIVIDUAL,EXT-P-8661,CREDIT,MTB-CARD-20260706-549006,CARD-MTB-100436,CARD_PAYMENT,SETTLED,2026-07-06T16:38:47Z,2026-07-06 00:00:00,CARD,MASTERCARD,478761XXXXXX7660,CREDIT,COMMERCIAL,MERCH-007,Fernbrook Electronics LLC,Fernbrook Electronics,Louisville,CO,49481,US,121.1,USD,APPROVED,KQVDCRL,2026-07-06T16:38:47Z,7,CARD_PRESENT,6299286940713877356350,43371128-WZKWNVB0H3,ORDER-23332,APPROVED,PENDING,PENDING,PENDING,UNRECONCILED,PASSED,MATCH,MATCH,PASSED,,,[],2026-07-06T16:38:47Z,True,2026-07-06T16:38:48Z,2347,8000,False,0,BATCH-MTB-20260706-9,SETTLED,2026-07-08T16:38:47Z,2026-07-06T20:38:47Z,240,True,False,0,,IDEMP-CARD-MTB-100436,,PASSED,False,2025-06-09 00:00:00,171,392,False,2,5,230.3,115.39,False,29,10000,0.012,142.74,[],False,Airwallex,Airwallex,2026-07-06 00:00:00,2026-07-06 00:00:00,DDA,MTB0000001,Cascade Point Bank,478761XXXXXX7660,MASTERCARD,CREDIT,COMMERCIAL,Ironbridge National Bank,US,SETTLED,BATCH-MTB-20260706-9,SETL-CARD-MTB-100436,2026-07-06 00:00:00,2026-07-06T20:38:47Z,121.1,3.66,"[{'fee_type': 'DISCOUNT_FEE', 'amount': 2.49, 'currency': 'USD'}, {'fee_type': 'TRANSACTION_FEE', 'amount': 0.51, 'currency': 'USD'}, {'fee_type': 'AUTHORIZATION_FEE', 'amount': 0.18, 'currency': 'USD'}, {'fee_type': 'OTHER_FEE', 'amount': 0.48, 'currency': 'USD'}]",0,USD,117.44,USD,POSTED,POST-MTB-109139458,2026-07-06T20:43:47Z,CREDIT,USD,2026-07-06 00:00:00,LEDG-CARD-MTB-100436,DDA,MTB0000001,NONE,0,USD,117.44,BrightLedger Payments,702250308,MATCHED,2026-07-07T23:38:47Z,0,True,LEDG-CARD-MTB-100436,117.44,117.44,SETL-CARD-MTB-100436,,,False,False,False,702250308,,,,,,,,,,,,,,,,,,,,,,,,,,,,,,,,,,,,,,,,,,,,,,,,,,,,,,,,,,,,,,,,,,,,,,,,,,,,,,,,,,,,,,,,,,,,,,,,,,,,,,,,,,,,,,,,,,,,,,,,,,,,,,,,,,,,,,,,,,,,,,,,,,,,,,,,,,,,,,,,,,,,,,,,,,,,,,,,,,,
CARD,POST,CARD-MTB-100446,MERCHANT,MERCH-009,EXTERNAL_INDIVIDUAL,EXT-P-3931,CREDIT,MTB-CARD-20260722-198868,CARD-MTB-100446,CARD_PAYMENT,SETTLED,2026-07-22T01:42:36Z,2026-07-22 00:00:00,CARD,AMEX,466312XXXXXX8124,CREDIT,CONSUMER,MERCH-009,Copperfield Building Supply LLC,Copperfield Building Supply,Louisville,KY,92592,US,92.44,USD,APPROVED,ZYPC8QH,2026-07-22T01:42:36Z,7,CARD_PRESENT,3299168703166404738740,40521083-TI6UMUA1AK,ORDER-23778,APPROVED,PENDING,PENDING,PENDING,UNRECONCILED,PASSED,MATCH,MATCH,PASSED,,,[],2026-07-22T01:42:36Z,True,2026-07-22T01:42:37Z,3711,8000,False,0,BATCH-MTB-20260722-6,SETTLED,2026-07-24T01:42:36Z,2026-07-22T05:42:36Z,240,True,False,0,,IDEMP-CARD-MTB-100446,,PASSED,False,2022-09-28 00:00:00,87,1393,False,1,5,131.79,65.83,False,39,10000,0.009,105.04,[],False,Airwallex,Airwallex,2026-07-22 00:00:00,2026-07-22 00:00:00,DDA,MTB0000001,Cascade Point Bank,466312XXXXXX8124,AMEX,CREDIT,CONSUMER,Cascade Point Bank,US,SETTLED,BATCH-MTB-20260722-6,SETL-CARD-MTB-100446,2026-07-22 00:00:00,2026-07-22T05:42:36Z,92.44,3,"[{'fee_type': 'DISCOUNT_FEE', 'amount': 2.04, 'currency': 'USD'}, {'fee_type': 'TRANSACTION_FEE', 'amount': 0.42, 'currency': 'USD'}, {'fee_type': 'AUTHORIZATION_FEE', 'amount': 0.15, 'currency': 'USD'}, {'fee_type': 'OTHER_FEE', 'amount': 0.39, 'currency': 'USD'}]",0,USD,89.44,USD,POSTED,POST-MTB-948783410,2026-07-22T05:47:36Z,CREDIT,USD,2026-07-22 00:00:00,LEDG-CARD-MTB-100446,DDA,MTB0000001,NONE,0,USD,89.44,Northstar Payment Solutions,9446335263,MATCHED,2026-07-22T11:42:36Z,0,True,LEDG-CARD-MTB-100446,89.44,89.44,SETL-CARD-MTB-100446,,,False,False,False,9446335263,,,,,,,,,,,,,,,,,,,,,,,,,,,,,,,,,,,,,,,,,,,,,,,,,,,,,,,,,,,,,,,,,,,,,,,,,,,,,,,,,,,,,,,,,,,,,,,,,,,,,,,,,,,,,,,,,,,,,,,,,,,,,,,,,,,,,,,,,,,,,,,,,,,,,,,,,,,,,,,,,,,,,,,,,,,,,,,,,,,
CARD,POST,CARD-MTB-100499,MERCHANT,MERCH-006,INDIVIDUAL,IND-0031,CREDIT,MTB-CARD-20260809-978994,CARD-MTB-100499,CARD_PAYMENT,SETTLED,2026-08-09T20:47:48Z,2026-08-09 00:00:00,CARD,AMEX,512303XXXXXX2140,CREDIT,COMMERCIAL,MERCH-006,Redgate Wholesale Foods LLC,Redgate Wholesale Foods,Cincinnati,MI,87097,US,190.99,USD,APPROVED,F0GQDX2,2026-08-09T20:47:48Z,7,CARD_PRESENT,2001963525702546598099,40519481-23BHF8Y6P2,ORDER-48833,APPROVED,PENDING,PENDING,PENDING,UNRECONCILED,PASSED,MATCH,PARTIAL_MATCH,PASSED,,,[],2026-08-09T20:47:48Z,True,2026-08-09T20:47:49Z,2200,8000,False,91,BATCH-MTB-20260809-1,SETTLED,2026-08-10T20:47:48Z,2026-08-09T22:47:48Z,120,True,False,0,,IDEMP-CARD-MTB-100499,,PASSED,False,2023-01-15 00:00:00,72,1302,False,3,3,718.32,553,False,19,10000,0.019,192.57,[],False,WorldPay,WorldPay,2026-08-09 00:00:00,2026-08-09 00:00:00,DDA,MTB0000001,Summit Ridge Bank,512303XXXXXX2140,AMEX,CREDIT,COMMERCIAL,Cascade Point Bank,US,SETTLED,BATCH-MTB-20260809-1,SETL-CARD-MTB-100499,2026-08-09 00:00:00,2026-08-09T22:47:48Z,190.99,3.58,"[{'fee_type': 'DISCOUNT_FEE', 'amount': 2.43, 'currency': 'USD'}, {'fee_type': 'TRANSACTION_FEE', 'amount': 0.5, 'currency': 'USD'}, {'fee_type': 'AUTHORIZATION_FEE', 'amount': 0.18, 'currency': 'USD'}, {'fee_type': 'OTHER_FEE', 'amount': 0.47, 'currency': 'USD'}]",0,USD,187.41,USD,POSTED,POST-MTB-902720404,2026-08-09T22:52:48Z,CREDIT,USD,2026-08-09 00:00:00,LEDG-CARD-MTB-100499,DDA,MTB0000001,NONE,0,USD,187.41,Meridian Trust Bank,3264421990,MATCHED,2026-08-10T20:47:48Z,0,True,LEDG-CARD-MTB-100499,187.41,187.41,SETL-CARD-MTB-100499,,,False,False,False,3264421990,,,,,,,,,,,,,,,,,,,,,,,,,,,,,,,,,,,,,,,,,,,,,,,,,,,,,,,,,,,,,,,,,,,,,,,,,,,,,,,,,,,,,,,,,,,,,,,,,,,,,,,,,,,,,,,,,,,,,,,,,,,,,,,,,,,,,,,,,,,,,,,,,,,,,,,,,,,,,,,,,,,,,,,,,,,,,,,,,,,
CARD,POST,CARD-MTB-100473,MERCHANT,MERCH-006,EXTERNAL_INDIVIDUAL,EXT-P-6906,CREDIT,MTB-CARD-20260807-366274,CARD-MTB-100473,CARD_PAYMENT,SETTLED,2026-08-07T09:50:19Z,2026-08-07 00:00:00,CARD,MASTERCARD,493841XXXXXX7939,CREDIT,CONSUMER,MERCH-006,Redgate Wholesale Foods LLC,Redgate Wholesale Foods,Detroit,TN,32102,US,2724.78,USD,APPROVED,LRXM7EZ,2026-08-07T09:50:19Z,5,CARD_PRESENT,1634998313184160627952,86301580-75V6U0A1ZW,ORDER-13774,APPROVED,PENDING,PENDING,PENDING,UNRECONCILED,PASSED,MATCH,PARTIAL_MATCH,PASSED,,,[],2026-08-07T09:50:19Z,True,2026-08-07T09:50:19Z,876,8000,False,0,BATCH-MTB-20260807-6,SETTLED,2026-08-07T21:50:19Z,2026-08-07T11:50:19Z,120,True,False,0,,IDEMP-CARD-MTB-100473,,PASSED,False,2025-03-11 00:00:00,75,514,False,3,4,8449.43,4845.78,False,26,10000,0.272,3142.79,[],False,Airwallex,Airwallex,2026-08-07 00:00:00,2026-08-07 00:00:00,DDA,MTB0000001,Summit Ridge Bank,493841XXXXXX7939,MASTERCARD,CREDIT,CONSUMER,Ironbridge National Bank,US,SETTLED,BATCH-MTB-20260807-6,SETL-CARD-MTB-100473,2026-08-07 00:00:00,2026-08-07T11:50:19Z,2724.78,60.75,"[{'fee_type': 'DISCOUNT_FEE', 'amount': 41.31, 'currency': 'USD'}, {'fee_type': 'TRANSACTION_FEE', 'amount': 8.51, 'currency': 'USD'}, {'fee_type': 'AUTHORIZATION_FEE', 'amount': 3.04, 'currency': 'USD'}, {'fee_type': 'OTHER_FEE', 'amount': 7.89, 'currency': 'USD'}]",0,USD,2664.03,USD,POSTED,POST-MTB-644136985,2026-08-07T11:55:19Z,CREDIT,USD,2026-08-07 00:00:00,LEDG-CARD-MTB-100473,DDA,MTB0000001,OPEN,1559.53,USD,2664.03,Meridian Trust Bank,3264421990,MATCHED,2026-08-07T20:50:19Z,0,True,LEDG-CARD-MTB-100473,2664.03,2664.03,SETL-CARD-MTB-100473,,,False,False,False,3264421990,,,,,,,,,,,,,,,,,,,,,,,,,,,,,,,,,,,,,,,,,,,,,,,,,,,,,,,,,,,,,,,,,,,,,,,,,,,,,,,,,,,,,,,,,,,,,,,,,,,,,,,,,,,,,,,,,,,,,,,,,,,,,,,,,,,,,,,,,,,,,,,,,,,,,,,,,,,,,,,,,,,,,,,,,,,,,,,,,,,
CARD,POST,CARD-MTB-100426,MERCHANT,MERCH-008,EXTERNAL_INDIVIDUAL,EXT-P-5526,CREDIT,MTB-CARD-20260701-510359,CARD-MTB-100426,CARD_PAYMENT,SETTLED,2026-07-01T20:01:39Z,2026-07-01 00:00:00,CARD,VISA,445095XXXXXX4314,DEBIT,CONSUMER,MERCH-008,Amberlane Textiles Co LLC,Amberlane Textiles Co,Denver,OH,75354,US,2625.55,USD,APPROVED,UF6JO27,2026-07-01T20:01:39Z,7,CARD_PRESENT,1520516963013365653861,31117394-O2VEF2MPEF,ORDER-84604,APPROVED,PENDING,PENDING,PENDING,UNRECONCILED,PASSED,MATCH,PARTIAL_MATCH,PASSED,,,[],2026-07-01T20:01:39Z,True,2026-07-01T20:01:40Z,2906,8000,False,0,BATCH-MTB-20260701-5,SETTLED,2026-07-02T08:01:39Z,2026-07-01T21:01:39Z,60,True,False,0,,IDEMP-CARD-MTB-100426,,PASSED,False,2025-02-12 00:00:00,32,504,False,2,9,3411.25,1878.8,False,50,10000,0.263,3357.9,[],False,WorldPay,WorldPay,2026-07-01 00:00:00,2026-07-01 00:00:00,DDA,MTB0000001,Ironbridge National Bank,445095XXXXXX4314,VISA,DEBIT,CONSUMER,Summit Ridge Bank,US,SETTLED,BATCH-MTB-20260701-5,SETL-CARD-MTB-100426,2026-07-01 00:00:00,2026-07-01T21:01:39Z,2625.55,79.64,"[{'fee_type': 'DISCOUNT_FEE', 'amount': 54.16, 'currency': 'USD'}, {'fee_type': 'TRANSACTION_FEE', 'amount': 11.15, 'currency': 'USD'}, {'fee_type': 'AUTHORIZATION_FEE', 'amount': 3.98, 'currency': 'USD'}, {'fee_type': 'OTHER_FEE', 'amount': 10.35, 'currency': 'USD'}]",0,USD,2545.91,USD,POSTED,POST-MTB-629772569,2026-07-01T21:06:39Z,CREDIT,USD,2026-07-01 00:00:00,LEDG-CARD-MTB-100426,DDA,MTB0000001,NONE,0,USD,2534.99,BrightLedger Payments,454372367,BREAK,2026-07-03T02:01:39Z,-10.92,False,LEDG-CARD-MTB-100426,2545.91,2534.99,SETL-CARD-MTB-100426,,,False,False,False,454372367,,,,,,,,,,,,,,,,,,,,,,,,,,,,,,,,,,,,,,,,,,,,,,,,,,,,,,,,,,,,,,,,,,,,,,,,,,,,,,,,,,,,,,,,,,,,,,,,,,,,,,,,,,,,,,,,,,,,,,,,,,,,,,,,,,,,,,,,,,,,,,,,,,,,,,,,,,,,,,,,,,,,,,,,,,,,,,,,,,,
CARD,POST,CARD-MTB-100463,MERCHANT,MERCH-009,EXTERNAL_INDIVIDUAL,EXT-P-6991,CREDIT,MTB-CARD-20260728-336462,CARD-MTB-100463,CARD_PAYMENT,SETTLED,2026-07-28T23:52:37Z,2026-07-28 00:00:00,CARD,DISCOVER,576453XXXXXX8846,CREDIT,CONSUMER,MERCH-009,Copperfield Building Supply LLC,Copperfield Building Supply,Indianapolis,GA,54940,US,95.36,USD,APPROVED,XABR0H8,2026-07-28T23:52:37Z,7,CARD_PRESENT,9921250080688917489891,53339939-MMQSG0UVUY,ORDER-86386,APPROVED,PENDING,PENDING,PENDING,UNRECONCILED,PASSED,NO_MATCH,MATCH,PASSED,,,[],2026-07-28T23:52:37Z,True,2026-07-28T23:52:38Z,3470,8000,False,0,BATCH-MTB-20260729-7,SETTLED,2026-07-30T23:52:37Z,2026-07-29T05:52:37Z,360,True,False,0,,IDEMP-CARD-MTB-100463,,PASSED,False,2024-04-03 00:00:00,164,846,False,3,11,280.66,101.01,False,58,10000,0.01,88.88,[],False,WorldPay,WorldPay,2026-07-29 00:00:00,2026-07-29 00:00:00,DDA,MTB0000001,Ironbridge National Bank,576453XXXXXX8846,DISCOVER,CREDIT,CONSUMER,Cascade Point Bank,US,SETTLED,BATCH-MTB-20260729-7,SETL-CARD-MTB-100463,2026-07-29 00:00:00,2026-07-29T05:52:37Z,95.36,1.75,"[{'fee_type': 'DISCOUNT_FEE', 'amount': 1.19, 'currency': 'USD'}, {'fee_type': 'TRANSACTION_FEE', 'amount': 0.25, 'currency': 'USD'}, {'fee_type': 'AUTHORIZATION_FEE', 'amount': 0.09, 'currency': 'USD'}, {'fee_type': 'OTHER_FEE', 'amount': 0.22, 'currency': 'USD'}]",0,USD,93.61,USD,POSTED,POST-MTB-773725788,2026-07-29T05:57:37Z,CREDIT,USD,2026-07-29 00:00:00,LEDG-CARD-MTB-100463,DDA,MTB0000001,NONE,0,USD,93.61,Northstar Payment Solutions,9446335263,MATCHED,2026-07-30T09:52:37Z,0,True,LEDG-CARD-MTB-100463,93.61,93.61,SETL-CARD-MTB-100463,,,False,False,False,9446335263,,,,,,,,,,,,,,,,,,,,,,,,,,,,,,,,,,,,,,,,,,,,,,,,,,,,,,,,,,,,,,,,,,,,,,,,,,,,,,,,,,,,,,,,,,,,,,,,,,,,,,,,,,,,,,,,,,,,,,,,,,,,,,,,,,,,,,,,,,,,,,,,,,,,,,,,,,,,,,,,,,,,,,,,,,,,,,,,,,,
CARD,POST,CARD-MTB-100420,MERCHANT,MERCH-005,EXTERNAL_INDIVIDUAL,EXT-P-1941,CREDIT,MTB-CARD-20260721-934985,CARD-MTB-100420,CARD_PAYMENT,SETTLED,2026-07-21T07:59:18Z,2026-07-21 00:00:00,CARD,AMEX,480618XXXXXX2996,CREDIT,CONSUMER,MERCH-005,Solstice Digital Print LLC,Solstice Digital Print,Denver,GA,13152,US,55.67,USD,APPROVED,KJMZ6RO,2026-07-21T07:59:18Z,90,CARD_NOT_PRESENT,4687723900229907844547,49500145-XDD40XQW90,ORDER-57312,APPROVED,PENDING,PENDING,PENDING,UNRECONCILED,PASSED,NO_MATCH,MATCH,PASSED,,,[],2026-07-21T07:59:18Z,True,2026-07-21T07:59:19Z,4386,8000,False,51,BATCH-MTB-20260721-3,SETTLED,2026-07-21T08:59:18Z,2026-07-21T15:59:18Z,480,True,False,0,,IDEMP-CARD-MTB-100420,,PASSED,False,2023-09-21 00:00:00,76,1034,False,1,5,243.07,96.03,False,41,10000,0.006,70.57,[],False,Airwallex,Airwallex,2026-07-21 00:00:00,2026-07-21 00:00:00,DDA,MTB0000001,Ironbridge National Bank,480618XXXXXX2996,AMEX,CREDIT,CONSUMER,Ironbridge National Bank,US,SETTLED,BATCH-MTB-20260721-3,SETL-CARD-MTB-100420,2026-07-21 00:00:00,2026-07-21T15:59:18Z,55.67,1.03,"[{'fee_type': 'DISCOUNT_FEE', 'amount': 0.7, 'currency': 'USD'}, {'fee_type': 'TRANSACTION_FEE', 'amount': 0.14, 'currency': 'USD'}, {'fee_type': 'AUTHORIZATION_FEE', 'amount': 0.05, 'currency': 'USD'}, {'fee_type': 'OTHER_FEE', 'amount': 0.14, 'currency': 'USD'}]",0,USD,54.64,USD,POSTED,POST-MTB-171474058,2026-07-21T16:04:18Z,CREDIT,USD,2026-07-21 00:00:00,LEDG-CARD-MTB-100420,DDA,MTB0000001,NONE,0,USD,54.64,Meridian Trust Bank,2260323791,MATCHED,2026-07-22T00:59:18Z,0,True,LEDG-CARD-MTB-100420,54.64,54.64,SETL-CARD-MTB-100420,,,False,False,False,2260323791,,,,,,,,,,,,,,,,,,,,,,,,,,,,,,,,,,,,,,,,,,,,,,,,,,,,,,,,,,,,,,,,,,,,,,,,,,,,,,,,,,,,,,,,,,,,,,,,,,,,,,,,,,,,,,,,,,,,,,,,,,,,,,,,,,,,,,,,,,,,,,,,,,,,,,,,,,,,,,,,,,,,,,,,,,,,,,,,,,,
CARD,POST,CARD-MTB-100474,MERCHANT,MERCH-001,EXTERNAL_INDIVIDUAL,EXT-P-5979,CREDIT,MTB-CARD-20260710-938662,CARD-MTB-100474,CARD_PAYMENT,SETTLED,2026-07-10T02:52:06Z,2026-07-10 00:00:00,CARD,AMEX,495724XXXXXX1597,DEBIT,CONSUMER,MERCH-001,Bluepeak Hardware Supply LLC,Bluepeak Hardware Supply,Detroit,OH,35350,US,4883.84,USD,APPROVED,JNXRDPB,2026-07-10T02:52:06Z,81,CARD_NOT_PRESENT,2289161490074939938335,13347517-VERK2J243U,ORDER-56517,APPROVED,PENDING,PENDING,PENDING,UNRECONCILED,PASSED,MATCH,MATCH,PASSED,,,[],2026-07-10T02:52:06Z,True,2026-07-10T02:52:07Z,3188,8000,False,0,BATCH-MTB-20260711-8,SETTLED,2026-07-10T14:52:06Z,2026-07-11T14:52:06Z,2160,True,False,0,,IDEMP-CARD-MTB-100474,,PASSED,False,2023-08-31 00:00:00,132,1044,False,1,8,13135.48,5480.68,False,51,10000,0.488,4782.05,[],False,Airwallex,Airwallex,2026-07-11 00:00:00,2026-07-11 00:00:00,DDA,MTB0000001,Cascade Point Bank,495724XXXXXX1597,AMEX,DEBIT,CONSUMER,Summit Ridge Bank,US,SETTLED,BATCH-MTB-20260711-8,SETL-CARD-MTB-100474,2026-07-11 00:00:00,2026-07-11T14:52:06Z,4883.84,74.14,"[{'fee_type': 'DISCOUNT_FEE', 'amount': 50.42, 'currency': 'USD'}, {'fee_type': 'TRANSACTION_FEE', 'amount': 10.38, 'currency': 'USD'}, {'fee_type': 'AUTHORIZATION_FEE', 'amount': 3.71, 'currency': 'USD'}, {'fee_type': 'OTHER_FEE', 'amount': 9.63, 'currency': 'USD'}]",0,USD,4809.7,USD,POSTED,POST-MTB-900098464,2026-07-11T14:57:06Z,CREDIT,USD,2026-07-11 00:00:00,LEDG-CARD-MTB-100474,DDA,MTB0000001,NONE,0,USD,4809.7,Meridian Trust Bank,2813398050,MATCHED,2026-07-12T13:52:06Z,0,True,LEDG-CARD-MTB-100474,4809.7,4809.7,SETL-CARD-MTB-100474,,,False,False,False,2813398050,,,,,,,,,,,,,,,,,,,,,,,,,,,,,,,,,,,,,,,,,,,,,,,,,,,,,,,,,,,,,,,,,,,,,,,,,,,,,,,,,,,,,,,,,,,,,,,,,,,,,,,,,,,,,,,,,,,,,,,,,,,,,,,,,,,,,,,,,,,,,,,,,,,,,,,,,,,,,,,,,,,,,,,,,,,,,,,,,,,
CARD,POST,CARD-MTB-100449,MERCHANT,MERCH-010,INDIVIDUAL,IND-0016,CREDIT,MTB-CARD-20260717-604090,CARD-MTB-100449,CARD_PAYMENT,SETTLED,2026-07-17T23:59:44Z,2026-07-17 00:00:00,CARD,VISA,502091XXXXXX2354,CREDIT,COMMERCIAL,MERCH-010,Wrenfield Pharmacy Group LLC,Wrenfield Pharmacy Group,Louisville,OH,93602,US,162.12,USD,APPROVED,AXLOE7X,2026-07-17T23:59:44Z,90,CARD_NOT_PRESENT,5852315537212521616751,43732711-KGRCT7CFQM,ORDER-59298,APPROVED,PENDING,PENDING,PENDING,UNRECONCILED,PASSED,NO_MATCH,MATCH,PASSED,,,[],2026-07-17T23:59:44Z,True,2026-07-17T23:59:44Z,4247,8000,False,0,BATCH-MTB-20260718-4,SETTLED,2026-07-18T00:59:44Z,2026-07-18T04:59:44Z,300,True,False,0,,IDEMP-CARD-MTB-100449,,PASSED,False,2024-09-16 00:00:00,131,669,False,1,11,254.79,143.12,True,57,10000,0.016,206.31,[],False,WorldPay,WorldPay,2026-07-18 00:00:00,2026-07-18 00:00:00,DDA,MTB0000001,Summit Ridge Bank,502091XXXXXX2354,VISA,CREDIT,COMMERCIAL,Summit Ridge Bank,US,SETTLED,BATCH-MTB-20260718-4,SETL-CARD-MTB-100449,2026-07-18 00:00:00,2026-07-18T04:59:44Z,162.12,5.5,"[{'fee_type': 'DISCOUNT_FEE', 'amount': 3.74, 'currency': 'USD'}, {'fee_type': 'TRANSACTION_FEE', 'amount': 0.77, 'currency': 'USD'}, {'fee_type': 'AUTHORIZATION_FEE', 'amount': 0.28, 'currency': 'USD'}, {'fee_type': 'OTHER_FEE', 'amount': 0.71, 'currency': 'USD'}]",0,USD,156.62,USD,POSTED,POST-MTB-952279709,2026-07-18T05:04:44Z,CREDIT,USD,2026-07-18 00:00:00,LEDG-CARD-MTB-100449,DDA,MTB0000001,NONE,0,USD,156.62,Vertex Commerce Pay,4806704660,NOT_YET_RECONCILED,,0,True,LEDG-CARD-MTB-100449,156.62,156.62,SETL-CARD-MTB-100449,,,True,False,False,4806704660,,,,,,,,,,,,,,,,,,,,,,,,,,,,,,,,,,,,,,,,,,,,,,,,,,,,,,,,,,,,,,,,,,,,,,,,,,,,,,,,,,,,,,,,,,,,,,,,,,,,,,,,,,,,,,,,,,,,,,,,,,,,,,,,,,,,,,,,,,,,,,,,,,,,,,,,,,,,,,,,,,,,,,,,,,,,,,,,,,,
CARD,POST,CARD-MTB-100409,MERCHANT,MERCH-010,EXTERNAL_INDIVIDUAL,EXT-P-5638,CREDIT,MTB-CARD-20260801-792352,CARD-MTB-100409,CARD_PAYMENT,SETTLED,2026-08-01T06:55:54Z,2026-08-01 00:00:00,CARD,DISCOVER,456861XXXXXX4159,DEBIT,CONSUMER,MERCH-010,Wrenfield Pharmacy Group LLC,Wrenfield Pharmacy Group,Columbus,NC,76831,US,762.59,USD,APPROVED,3VK5GOQ,2026-08-01T06:55:54Z,90,CARD_NOT_PRESENT,5345688749953744939822,78461945-2SWQ8L9QF2,ORDER-84534,APPROVED,PENDING,PENDING,PENDING,UNRECONCILED,PASSED,MATCH,PARTIAL_MATCH,PASSED,,,[],2026-08-01T06:55:54Z,True,2026-08-01T06:55:55Z,565,8000,False,51,BATCH-MTB-20260801-9,SETTLED,2026-08-01T07:55:54Z,2026-08-01T14:55:54Z,480,True,False,0,,IDEMP-CARD-MTB-100409,,PASSED,False,2026-05-30 00:00:00,172,63,False,1,6,3260.88,1663.55,False,43,10000,0.076,899.48,[],False,WorldPay,WorldPay,2026-08-01 00:00:00,2026-08-01 00:00:00,DDA,MTB0000001,Cascade Point Bank,456861XXXXXX4159,DISCOVER,DEBIT,CONSUMER,Summit Ridge Bank,US,SETTLED,BATCH-MTB-20260801-9,SETL-CARD-MTB-100409,2026-08-01 00:00:00,2026-08-01T14:55:54Z,762.59,25.58,"[{'fee_type': 'DISCOUNT_FEE', 'amount': 17.39, 'currency': 'USD'}, {'fee_type': 'TRANSACTION_FEE', 'amount': 3.58, 'currency': 'USD'}, {'fee_type': 'AUTHORIZATION_FEE', 'amount': 1.28, 'currency': 'USD'}, {'fee_type': 'OTHER_FEE', 'amount': 3.33, 'currency': 'USD'}]",0,USD,737.01,USD,POSTED,POST-MTB-710197121,2026-08-01T15:00:54Z,CREDIT,USD,2026-08-01 00:00:00,LEDG-CARD-MTB-100409,DDA,MTB0000001,NONE,0,USD,737.66,Vertex Commerce Pay,4806704660,BREAK,2026-08-02T16:55:54Z,0.65,False,LEDG-CARD-MTB-100409,737.01,737.66,SETL-CARD-MTB-100409,,,False,False,False,4806704660,,,,,,,,,,,,,,,,,,,,,,,,,,,,,,,,,,,,,,,,,,,,,,,,,,,,,,,,,,,,,,,,,,,,,,,,,,,,,,,,,,,,,,,,,,,,,,,,,,,,,,,,,,,,,,,,,,,,,,,,,,,,,,,,,,,,,,,,,,,,,,,,,,,,,,,,,,,,,,,,,,,,,,,,,,,,,,,,,,,
CARD,POST,CARD-MTB-100488,MERCHANT,MERCH-009,EXTERNAL_INDIVIDUAL,EXT-P-2349,CREDIT,MTB-CARD-20260625-530876,CARD-MTB-100488,CARD_PAYMENT,SETTLED,2026-06-25T13:10:36Z,2026-06-25 00:00:00,CARD,DISCOVER,598701XXXXXX6672,DEBIT,COMMERCIAL,MERCH-009,Copperfield Building Supply LLC,Copperfield Building Supply,Louisville,IN,53005,US,4620.82,USD,APPROVED,2D82GGF,2026-06-25T13:10:36Z,5,CARD_PRESENT,1159665723962677923585,75612777-5FMSMHSW2C,ORDER-63620,APPROVED,PENDING,PENDING,PENDING,UNRECONCILED,PASSED,MATCH,PARTIAL_MATCH,PASSED,,,[],2026-06-25T13:10:36Z,True,2026-06-25T13:10:37Z,3763,8000,False,0,BATCH-MTB-20260625-3,SETTLED,2026-06-26T01:10:36Z,2026-06-25T16:10:36Z,180,True,False,0,,IDEMP-CARD-MTB-100488,,PASSED,False,2024-11-26 00:00:00,147,576,False,1,1,18931.28,8710.28,False,14,10000,0.462,4310.33,[],False,WorldPay,WorldPay,2026-06-25 00:00:00,2026-06-25 00:00:00,DDA,MTB0000001,Cascade Point Bank,598701XXXXXX6672,DISCOVER,DEBIT,COMMERCIAL,Cascade Point Bank,US,SETTLED,BATCH-MTB-20260625-3,SETL-CARD-MTB-100488,2026-06-25 00:00:00,2026-06-25T16:10:36Z,4620.82,128.51,"[{'fee_type': 'DISCOUNT_FEE', 'amount': 87.39, 'currency': 'USD'}, {'fee_type': 'TRANSACTION_FEE', 'amount': 17.99, 'currency': 'USD'}, {'fee_type': 'AUTHORIZATION_FEE', 'amount': 6.43, 'currency': 'USD'}, {'fee_type': 'OTHER_FEE', 'amount': 16.7, 'currency': 'USD'}]",0,USD,4492.31,USD,POSTED,POST-MTB-391158325,2026-06-25T16:15:36Z,CREDIT,USD,2026-06-25 00:00:00,LEDG-CARD-MTB-100488,DDA,MTB0000001,NONE,0,USD,4492.31,Northstar Payment Solutions,9446335263,NOT_YET_RECONCILED,,0,True,LEDG-CARD-MTB-100488,4492.31,4492.31,SETL-CARD-MTB-100488,,,False,False,False,9446335263,,,,,,,,,,,,,,,,,,,,,,,,,,,,,,,,,,,,,,,,,,,,,,,,,,,,,,,,,,,,,,,,,,,,,,,,,,,,,,,,,,,,,,,,,,,,,,,,,,,,,,,,,,,,,,,,,,,,,,,,,,,,,,,,,,,,,,,,,,,,,,,,,,,,,,,,,,,,,,,,,,,,,,,,,,,,,,,,,,,
CARD,POST,CARD-MTB-100421,MERCHANT,MERCH-009,EXTERNAL_INDIVIDUAL,EXT-P-4210,CREDIT,MTB-CARD-20260801-420165,CARD-MTB-100421,CARD_PAYMENT,SETTLED,2026-08-01T15:37:22Z,2026-08-01 00:00:00,CARD,AMEX,547980XXXXXX2758,DEBIT,CONSUMER,MERCH-009,Copperfield Building Supply LLC,Copperfield Building Supply,Columbus,KY,86454,US,687.54,USD,APPROVED,FU1N7K7,2026-08-01T15:37:22Z,90,CARD_NOT_PRESENT,0573059845536579589956,88888137-7D3QP4X1N3,ORDER-45337,APPROVED,PENDING,PENDING,PENDING,UNRECONCILED,PASSED,MATCH,MATCH,PASSED,,,[],2026-08-01T15:37:22Z,True,2026-08-01T15:37:23Z,4252,8000,False,51,BATCH-MTB-20260801-2,SETTLED,2026-08-03T15:37:22Z,2026-08-01T20:37:22Z,300,True,False,0,,IDEMP-CARD-MTB-100421,,PASSED,False,2024-07-31 00:00:00,68,731,False,2,9,2114.24,1664.67,False,49,10000,0.069,818.06,[],False,WorldPay,WorldPay,2026-08-01 00:00:00,2026-08-01 00:00:00,DDA,MTB0000001,Ironbridge National Bank,547980XXXXXX2758,AMEX,DEBIT,CONSUMER,Summit Ridge Bank,US,SETTLED,BATCH-MTB-20260801-2,SETL-CARD-MTB-100421,2026-08-01 00:00:00,2026-08-01T20:37:22Z,687.54,11.91,"[{'fee_type': 'DISCOUNT_FEE', 'amount': 8.1, 'currency': 'USD'}, {'fee_type': 'TRANSACTION_FEE', 'amount': 1.67, 'currency': 'USD'}, {'fee_type': 'AUTHORIZATION_FEE', 'amount': 0.6, 'currency': 'USD'}, {'fee_type': 'OTHER_FEE', 'amount': 1.54, 'currency': 'USD'}]",0,USD,675.63,USD,POSTED,POST-MTB-324179226,2026-08-01T20:42:22Z,CREDIT,USD,2026-08-01 00:00:00,LEDG-CARD-MTB-100421,DDA,MTB0000001,NONE,0,USD,675.63,Northstar Payment Solutions,9446335263,MATCHED,2026-08-02T21:37:22Z,0,True,LEDG-CARD-MTB-100421,675.63,675.63,SETL-CARD-MTB-100421,,,False,False,False,9446335263,,,,,,,,,,,,,,,,,,,,,,,,,,,,,,,,,,,,,,,,,,,,,,,,,,,,,,,,,,,,,,,,,,,,,,,,,,,,,,,,,,,,,,,,,,,,,,,,,,,,,,,,,,,,,,,,,,,,,,,,,,,,,,,,,,,,,,,,,,,,,,,,,,,,,,,,,,,,,,,,,,,,,,,,,,,,,,,,,,,
CARD,POST,CARD-MTB-100450,MERCHANT,MERCH-010,EXTERNAL_INDIVIDUAL,EXT-P-5500,CREDIT,MTB-CARD-20260714-267872,CARD-MTB-100450,CARD_PAYMENT,AUTHORIZED,2026-07-14T17:17:04Z,2026-07-14 00:00:00,CARD,DISCOVER,463348XXXXXX7974,CREDIT,CONSUMER,MERCH-010,Wrenfield Pharmacy Group LLC,Wrenfield Pharmacy Group,Pittsburgh,NC,51340,US,28.54,USD,APPROVED,0I3P1UI,2026-07-14T17:17:04Z,7,CARD_PRESENT,6805611255625711455416,82312782-QSNS3ABN4J,ORDER-30190,APPROVED,PENDING,PENDING,PENDING,UNRECONCILED,PASSED,MATCH,MATCH,PASSED,,,[],2026-07-14T17:17:04Z,True,2026-07-14T17:17:05Z,1897,8000,False,0,,OPEN,2026-07-15T05:17:04Z,,,False,False,0,,IDEMP-CARD-MTB-100450,,PASSED,False,2023-07-06 00:00:00,48,1104,False,1,2,59.27,23.7,False,25,10000,0.003,29.03,[],False,Airwallex,Airwallex,,,,,,,,,,,,,,,,,,,,,,,,,,,,,,,,,,,,,Vertex Commerce Pay,4806704660,NOT_APPLICABLE,,,,,,,,,,False,False,False,4806704660,,,,,,,,,,,,,,,,,,,,,,,,,,,,,,,,,,,,,,,,,,,,,,,,,,,,,,,,,,,,,,,,,,,,,,,,,,,,,,,,,,,,,,,,,,,,,,,,,,,,,,,,,,,,,,,,,,,,,,,,,,,,,,,,,,,,,,,,,,,,,,,,,,,,,,,,,,,,,,,,,,,,,,,,,,,,,,,,,,,
CARD,POST,CARD-MTB-100476,MERCHANT,MERCH-001,EXTERNAL_INDIVIDUAL,EXT-P-8338,CREDIT,MTB-CARD-20260723-256495,CARD-MTB-100476,CARD_PAYMENT,SETTLED,2026-07-23T01:55:34Z,2026-07-23 00:00:00,CARD,VISA,429622XXXXXX3468,DEBIT,COMMERCIAL,MERCH-001,Bluepeak Hardware Supply LLC,Bluepeak Hardware Supply,Atlanta,CO,10565,US,30.26,USD,APPROVED,KJWRX87,2026-07-23T01:55:34Z,81,CARD_NOT_PRESENT,2445021307470239534541,82582626-8013CL4A22,ORDER-65049,APPROVED,PENDING,PENDING,PENDING,UNRECONCILED,PASSED,MATCH,MATCH,PASSED,,,[],2026-07-23T01:55:34Z,True,2026-07-23T01:55:35Z,3068,8000,False,0,BATCH-MTB-20260723-2,SETTLED,2026-07-25T01:55:34Z,2026-07-23T08:55:34Z,420,True,False,0,,IDEMP-CARD-MTB-100476,,PASSED,True,2026-07-17 00:00:00,0,6,False,1,2,35.28,15.45,False,25,10000,0.003,37.62,[],False,Airwallex,Airwallex,2026-07-23 00:00:00,2026-07-23 00:00:00,DDA,MTB0000001,Cascade Point Bank,429622XXXXXX3468,VISA,DEBIT,COMMERCIAL,Ironbridge National Bank,US,SETTLED,BATCH-MTB-20260723-2,SETL-CARD-MTB-100476,2026-07-23 00:00:00,2026-07-23T08:55:34Z,30.26,0.63,"[{'fee_type': 'DISCOUNT_FEE', 'amount': 0.43, 'currency': 'USD'}, {'fee_type': 'TRANSACTION_FEE', 'amount': 0.09, 'currency': 'USD'}, {'fee_type': 'AUTHORIZATION_FEE', 'amount': 0.03, 'currency': 'USD'}, {'fee_type': 'OTHER_FEE', 'amount': 0.08, 'currency': 'USD'}]",0,USD,29.63,USD,POSTED,POST-MTB-272451680,2026-07-23T09:00:34Z,CREDIT,USD,2026-07-23 00:00:00,LEDG-CARD-MTB-100476,DDA,MTB0000001,NONE,0,USD,29.63,Meridian Trust Bank,2813398050,MATCHED,2026-07-24T14:55:34Z,0,True,LEDG-CARD-MTB-100476,29.63,29.63,SETL-CARD-MTB-100476,,,False,False,False,2813398050,,,,,,,,,,,,,,,,,,,,,,,,,,,,,,,,,,,,,,,,,,,,,,,,,,,,,,,,,,,,,,,,,,,,,,,,,,,,,,,,,,,,,,,,,,,,,,,,,,,,,,,,,,,,,,,,,,,,,,,,,,,,,,,,,,,,,,,,,,,,,,,,,,,,,,,,,,,,,,,,,,,,,,,,,,,,,,,,,,,
CARD,POST,CARD-MTB-100427,MERCHANT,MERCH-006,INDIVIDUAL,IND-0045,CREDIT,MTB-CARD-20260817-682922,CARD-MTB-100427,CARD_PAYMENT,SETTLED,2026-08-17T15:24:27Z,2026-08-17 00:00:00,CARD,VISA,567222XXXXXX5714,CREDIT,CONSUMER,MERCH-006,Redgate Wholesale Foods LLC,Redgate Wholesale Foods,Atlanta,CO,93418,US,106.39,USD,APPROVED,XFX5EDO,2026-08-17T15:24:27Z,90,CARD_NOT_PRESENT,2840003806504521706643,16712755-QF1X2ZA221,ORDER-54176,APPROVED,PENDING,PENDING,PENDING,UNRECONCILED,PASSED,MATCH,MATCH,PASSED,,,[],2026-08-17T15:24:27Z,True,2026-08-17T15:24:28Z,689,8000,False,51,BATCH-MTB-20260817-5,SETTLED,2026-08-17T16:24:27Z,2026-08-17T17:24:27Z,120,True,False,0,,IDEMP-CARD-MTB-100427,,PASSED,False,2023-11-06 00:00:00,130,1015,False,5,8,475.65,212.36,False,44,10000,0.011,87.23,[],False,WorldPay,WorldPay,2026-08-17 00:00:00,2026-08-17 00:00:00,DDA,MTB0000001,Summit Ridge Bank,567222XXXXXX5714,VISA,CREDIT,CONSUMER,Cascade Point Bank,US,SETTLED,BATCH-MTB-20260817-5,SETL-CARD-MTB-100427,2026-08-17 00:00:00,2026-08-17T17:24:27Z,106.39,2.5,"[{'fee_type': 'DISCOUNT_FEE', 'amount': 1.7, 'currency': 'USD'}, {'fee_type': 'TRANSACTION_FEE', 'amount': 0.35, 'currency': 'USD'}, {'fee_type': 'AUTHORIZATION_FEE', 'amount': 0.12, 'currency': 'USD'}, {'fee_type': 'OTHER_FEE', 'amount': 0.33, 'currency': 'USD'}]",0,USD,103.89,USD,POSTED,POST-MTB-398712561,2026-08-17T17:29:27Z,CREDIT,USD,2026-08-17 00:00:00,LEDG-CARD-MTB-100427,DDA,MTB0000001,NONE,0,USD,103.89,Meridian Trust Bank,3264421990,NOT_YET_RECONCILED,,0,True,LEDG-CARD-MTB-100427,103.89,103.89,SETL-CARD-MTB-100427,,,False,False,False,3264421990,,,,,,,,,,,,,,,,,,,,,,,,,,,,,,,,,,,,,,,,,,,,,,,,,,,,,,,,,,,,,,,,,,,,,,,,,,,,,,,,,,,,,,,,,,,,,,,,,,,,,,,,,,,,,,,,,,,,,,,,,,,,,,,,,,,,,,,,,,,,,,,,,,,,,,,,,,,,,,,,,,,,,,,,,,,,,,,,,,,
CARD,POST,CARD-MTB-100457,MERCHANT,MERCH-001,EXTERNAL_INDIVIDUAL,EXT-P-2709,CREDIT,MTB-CARD-20260704-363179,CARD-MTB-100457,CARD_PAYMENT,SETTLED,2026-07-04T07:19:32Z,2026-07-04 00:00:00,CARD,DISCOVER,463443XXXXXX3183,DEBIT,CONSUMER,MERCH-001,Bluepeak Hardware Supply LLC,Bluepeak Hardware Supply,Chicago,CO,22576,US,345.52,USD,APPROVED,B4KAZMK,2026-07-04T07:19:32Z,90,CARD_NOT_PRESENT,0221750780690195745743,47525814-4GT8RQRT13,ORDER-24167,APPROVED,PENDING,PENDING,PENDING,UNRECONCILED,PASSED,MATCH,MATCH,PASSED,,,[],2026-07-04T07:19:32Z,True,2026-07-04T07:19:32Z,3128,8000,False,0,BATCH-MTB-20260704-1,SETTLED,2026-07-04T08:19:32Z,2026-07-04T09:19:32Z,120,True,False,0,,IDEMP-CARD-MTB-100457,,PASSED,False,2025-01-31 00:00:00,36,519,False,1,9,744.42,286.12,False,49,10000,0.035,417.28,[],False,WorldPay,WorldPay,2026-07-04 00:00:00,2026-07-04 00:00:00,DDA,MTB0000001,Summit Ridge Bank,463443XXXXXX3183,DISCOVER,DEBIT,CONSUMER,Summit Ridge Bank,US,SETTLED,BATCH-MTB-20260704-1,SETL-CARD-MTB-100457,2026-07-04 00:00:00,2026-07-04T09:19:32Z,345.52,11.21,"[{'fee_type': 'DISCOUNT_FEE', 'amount': 7.62, 'currency': 'USD'}, {'fee_type': 'TRANSACTION_FEE', 'amount': 1.57, 'currency': 'USD'}, {'fee_type': 'AUTHORIZATION_FEE', 'amount': 0.56, 'currency': 'USD'}, {'fee_type': 'OTHER_FEE', 'amount': 1.46, 'currency': 'USD'}]",0,USD,334.31,USD,POSTED,POST-MTB-928735338,2026-07-04T09:24:32Z,CREDIT,USD,2026-07-04 00:00:00,LEDG-CARD-MTB-100457,DDA,MTB0000001,NONE,0,USD,334.31,Meridian Trust Bank,2813398050,MATCHED,2026-07-05T02:19:32Z,0,True,LEDG-CARD-MTB-100457,334.31,334.31,SETL-CARD-MTB-100457,,,False,False,False,2813398050,,,,,,,,,,,,,,,,,,,,,,,,,,,,,,,,,,,,,,,,,,,,,,,,,,,,,,,,,,,,,,,,,,,,,,,,,,,,,,,,,,,,,,,,,,,,,,,,,,,,,,,,,,,,,,,,,,,,,,,,,,,,,,,,,,,,,,,,,,,,,,,,,,,,,,,,,,,,,,,,,,,,,,,,,,,,,,,,,,,
CARD,POST,CARD-MTB-100405,MERCHANT,MERCH-004,EXTERNAL_INDIVIDUAL,EXT-P-9759,CREDIT,MTB-CARD-20260628-507509,CARD-MTB-100405,CARD_PAYMENT,SETTLED,2026-06-28T14:34:33Z,2026-06-28 00:00:00,CARD,VISA,502471XXXXXX8667,CREDIT,CONSUMER,MERCH-004,Pinehollow Auto Parts LLC,Pinehollow Auto Parts,Detroit,OH,45698,US,171.48,USD,APPROVED,NAZ354K,2026-06-28T14:34:33Z,7,CARD_PRESENT,5232112621190727977276,76581159-CZZM1UK4QF,ORDER-95549,APPROVED,PENDING,PENDING,PENDING,UNRECONCILED,PASSED,MATCH,PARTIAL_MATCH,PASSED,,,[],2026-06-28T14:34:33Z,True,2026-06-28T14:34:33Z,2743,8000,False,0,BATCH-MTB-20260628-4,SETTLED,2026-06-29T14:34:33Z,2026-06-28T22:34:33Z,480,True,False,0,,IDEMP-CARD-MTB-100405,,PASSED,True,2026-06-26 00:00:00,0,2,True,5,15,187.14,63.71,True,78,10000,0.017,187.99,[],False,Airwallex,Airwallex,2026-06-28 00:00:00,2026-06-28 00:00:00,DDA,MTB0000001,Summit Ridge Bank,502471XXXXXX8667,VISA,CREDIT,CONSUMER,Summit Ridge Bank,US,SETTLED,BATCH-MTB-20260628-4,SETL-CARD-MTB-100405,2026-06-28 00:00:00,2026-06-28T22:34:33Z,171.48,2.81,"[{'fee_type': 'DISCOUNT_FEE', 'amount': 1.91, 'currency': 'USD'}, {'fee_type': 'TRANSACTION_FEE', 'amount': 0.39, 'currency': 'USD'}, {'fee_type': 'AUTHORIZATION_FEE', 'amount': 0.14, 'currency': 'USD'}, {'fee_type': 'OTHER_FEE', 'amount': 0.37, 'currency': 'USD'}]",0,USD,168.67,USD,POSTED,POST-MTB-746693973,2026-06-28T22:39:33Z,CREDIT,USD,2026-06-28 00:00:00,LEDG-CARD-MTB-100405,DDA,MTB0000001,NONE,0,USD,168.67,Vertex Commerce Pay,3061977058,MATCHED,2026-06-30T08:34:33Z,0,True,LEDG-CARD-MTB-100405,168.67,168.67,SETL-CARD-MTB-100405,,,True,False,True,3061977058,,,,,,,,,,,,,,,,,,,,,,,,,,,,,,,,,,,,,,,,,,,,,,,,,,,,,,,,,,,,,,,,,,,,,,,,,,,,,,,,,,,,,,,,,,,,,,,,,,,,,,,,,,,,,,,,,,,,,,,,,,,,,,,,,,,,,,,,,,,,,,,,,,,,,,,,,,,,,,,,,,,,,,,,,,,,,,,,,,,
CARD,POST,CARD-MTB-100411,MERCHANT,MERCH-010,EXTERNAL_INDIVIDUAL,EXT-P-9423,CREDIT,MTB-CARD-20260705-722575,CARD-MTB-100411,CARD_PAYMENT,SETTLED,2026-07-05T09:34:13Z,2026-07-05 00:00:00,CARD,MASTERCARD,557770XXXXXX7006,CREDIT,COMMERCIAL,MERCH-010,Wrenfield Pharmacy Group LLC,Wrenfield Pharmacy Group,Nashville,KY,24147,US,4256.14,USD,APPROVED,IO4H8AU,2026-07-05T09:34:13Z,7,CARD_PRESENT,8476977268786611208556,64012508-3RPQWARI45,ORDER-48749,APPROVED,PENDING,PENDING,PENDING,UNRECONCILED,PASSED,MATCH,MATCH,PASSED,,,[],2026-07-05T09:34:13Z,True,2026-07-05T09:34:14Z,2920,8000,False,0,BATCH-MTB-20260705-3,SETTLED,2026-07-07T09:34:13Z,2026-07-05T10:34:13Z,60,True,False,0,,IDEMP-CARD-MTB-100411,,PASSED,False,2022-06-23 00:00:00,11,1473,False,1,2,7488.79,3269.93,False,29,10000,0.426,4669.67,[],False,WorldPay,WorldPay,2026-07-05 00:00:00,2026-07-05 00:00:00,DDA,MTB0000001,Ironbridge National Bank,557770XXXXXX7006,MASTERCARD,CREDIT,COMMERCIAL,Cascade Point Bank,US,SETTLED,BATCH-MTB-20260705-3,SETL-CARD-MTB-100411,2026-07-05 00:00:00,2026-07-05T10:34:13Z,4256.14,142.86,"[{'fee_type': 'DISCOUNT_FEE', 'amount': 97.14, 'currency': 'USD'}, {'fee_type': 'TRANSACTION_FEE', 'amount': 20.0, 'currency': 'USD'}, {'fee_type': 'AUTHORIZATION_FEE', 'amount': 7.14, 'currency': 'USD'}, {'fee_type': 'OTHER_FEE', 'amount': 18.58, 'currency': 'USD'}]",0,USD,4113.28,USD,POSTED,POST-MTB-222014434,2026-07-05T10:39:13Z,CREDIT,USD,2026-07-05 00:00:00,LEDG-CARD-MTB-100411,DDA,MTB0000001,NONE,0,USD,4113.28,Vertex Commerce Pay,4806704660,MATCHED,2026-07-05T11:34:13Z,0,True,LEDG-CARD-MTB-100411,4113.28,4113.28,SETL-CARD-MTB-100411,,,False,False,False,4806704660,,,,,,,,,,,,,,,,,,,,,,,,,,,,,,,,,,,,,,,,,,,,,,,,,,,,,,,,,,,,,,,,,,,,,,,,,,,,,,,,,,,,,,,,,,,,,,,,,,,,,,,,,,,,,,,,,,,,,,,,,,,,,,,,,,,,,,,,,,,,,,,,,,,,,,,,,,,,,,,,,,,,,,,,,,,,,,,,,,,
CARD,POST,CARD-MTB-100478,MERCHANT,MERCH-008,EXTERNAL_INDIVIDUAL,EXT-P-6247,CREDIT,MTB-CARD-20260629-413176,CARD-MTB-100478,CARD_PAYMENT,SETTLED,2026-06-29T08:34:03Z,2026-06-29 00:00:00,CARD,VISA,586176XXXXXX7405,CREDIT,CONSUMER,MERCH-008,Amberlane Textiles Co LLC,Amberlane Textiles Co,Nashville,OH,60958,US,4551.24,USD,APPROVED,B07SPSV,2026-06-29T08:34:03Z,90,CARD_NOT_PRESENT,7352898444912165043934,34834402-6OIDMO9S9I,ORDER-41630,APPROVED,PENDING,PENDING,PENDING,UNRECONCILED,PASSED,MATCH,PARTIAL_MATCH,PASSED,,,[],2026-06-29T08:34:03Z,True,2026-06-29T08:34:04Z,2239,8000,False,51,BATCH-MTB-20260629-2,SETTLED,2026-07-01T08:34:03Z,2026-06-29T13:34:03Z,300,True,False,0,,IDEMP-CARD-MTB-100478,,PASSED,False,2024-08-28 00:00:00,188,670,False,1,7,14209.16,8418.75,False,44,10000,0.455,5421.82,[],False,WorldPay,WorldPay,2026-06-29 00:00:00,2026-06-29 00:00:00,DDA,MTB0000001,Cascade Point Bank,586176XXXXXX7405,VISA,CREDIT,CONSUMER,Cascade Point Bank,US,SETTLED,BATCH-MTB-20260629-2,SETL-CARD-MTB-100478,2026-06-29 00:00:00,2026-06-29T13:34:03Z,4551.24,158.87,"[{'fee_type': 'DISCOUNT_FEE', 'amount': 108.03, 'currency': 'USD'}, {'fee_type': 'TRANSACTION_FEE', 'amount': 22.24, 'currency': 'USD'}, {'fee_type': 'AUTHORIZATION_FEE', 'amount': 7.94, 'currency': 'USD'}, {'fee_type': 'OTHER_FEE', 'amount': 20.66, 'currency': 'USD'}]",0,USD,4392.37,USD,POSTED,POST-MTB-967870434,2026-06-29T13:39:03Z,CREDIT,USD,2026-06-29 00:00:00,LEDG-CARD-MTB-100478,DDA,MTB0000001,NONE,0,USD,4392.37,BrightLedger Payments,454372367,MATCHED,2026-06-30T02:34:03Z,0,True,LEDG-CARD-MTB-100478,4392.37,4392.37,SETL-CARD-MTB-100478,,,False,False,False,454372367,,,,,,,,,,,,,,,,,,,,,,,,,,,,,,,,,,,,,,,,,,,,,,,,,,,,,,,,,,,,,,,,,,,,,,,,,,,,,,,,,,,,,,,,,,,,,,,,,,,,,,,,,,,,,,,,,,,,,,,,,,,,,,,,,,,,,,,,,,,,,,,,,,,,,,,,,,,,,,,,,,,,,,,,,,,,,,,,,,,
CARD,POST,CARD-MTB-100485,MERCHANT,MERCH-005,EXTERNAL_INDIVIDUAL,EXT-P-5325,CREDIT,MTB-CARD-20260815-334508,CARD-MTB-100485,CARD_PAYMENT,SETTLED,2026-08-15T19:32:25Z,2026-08-15 00:00:00,CARD,VISA,527923XXXXXX9403,DEBIT,CONSUMER,MERCH-005,Solstice Digital Print LLC,Solstice Digital Print,Charlotte,IN,93542,US,4525.54,USD,APPROVED,D92M26I,2026-08-15T19:32:25Z,5,CARD_PRESENT,5811023658368626037212,74768138-UX84DIQ6HE,ORDER-88185,APPROVED,PENDING,PENDING,PENDING,UNRECONCILED,PASSED,NO_MATCH,MATCH,PASSED,,,[],2026-08-15T19:32:25Z,True,2026-08-15T19:32:25Z,3019,8000,False,0,BATCH-MTB-20260816-6,SETTLED,2026-08-16T07:32:25Z,2026-08-16T03:32:25Z,480,True,False,0,,IDEMP-CARD-MTB-100485,,PASSED,False,2022-10-07 00:00:00,55,1408,False,3,6,6989.12,3198.38,False,34,10000,0.453,5346.39,[],False,WorldPay,WorldPay,2026-08-16 00:00:00,2026-08-16 00:00:00,DDA,MTB0000001,Ironbridge National Bank,527923XXXXXX9403,VISA,DEBIT,CONSUMER,Summit Ridge Bank,US,SETTLED,BATCH-MTB-20260816-6,SETL-CARD-MTB-100485,2026-08-16 00:00:00,2026-08-16T03:32:25Z,4525.54,147.94,"[{'fee_type': 'DISCOUNT_FEE', 'amount': 100.6, 'currency': 'USD'}, {'fee_type': 'TRANSACTION_FEE', 'amount': 20.71, 'currency': 'USD'}, {'fee_type': 'AUTHORIZATION_FEE', 'amount': 7.4, 'currency': 'USD'}, {'fee_type': 'OTHER_FEE', 'amount': 19.23, 'currency': 'USD'}]",0,USD,4377.6,USD,POSTED,POST-MTB-286559400,2026-08-16T03:37:25Z,CREDIT,USD,2026-08-16 00:00:00,LEDG-CARD-MTB-100485,DDA,MTB0000001,NONE,0,USD,4377.6,Meridian Trust Bank,2260323791,NOT_YET_RECONCILED,,0,True,LEDG-CARD-MTB-100485,4377.6,4377.6,SETL-CARD-MTB-100485,,,False,False,False,2260323791,,,,,,,,,,,,,,,,,,,,,,,,,,,,,,,,,,,,,,,,,,,,,,,,,,,,,,,,,,,,,,,,,,,,,,,,,,,,,,,,,,,,,,,,,,,,,,,,,,,,,,,,,,,,,,,,,,,,,,,,,,,,,,,,,,,,,,,,,,,,,,,,,,,,,,,,,,,,,,,,,,,,,,,,,,,,,,,,,,,
CARD,POST,CARD-MTB-100403,MERCHANT,MERCH-007,EXTERNAL_INDIVIDUAL,EXT-P-6254,CREDIT,MTB-CARD-20260715-758561,CARD-MTB-100403,CARD_PAYMENT,SETTLED,2026-07-15T15:42:40Z,2026-07-15 00:00:00,CARD,AMEX,514571XXXXXX4247,CREDIT,CONSUMER,MERCH-007,Fernbrook Electronics LLC,Fernbrook Electronics,Denver,PA,88007,US,881.29,USD,APPROVED,OXRU68E,2026-07-15T15:42:40Z,90,CARD_NOT_PRESENT,1874161319916211561625,71942929-C6FL31SG8C,ORDER-52615,APPROVED,PENDING,PENDING,PENDING,UNRECONCILED,PASSED,MATCH,PARTIAL_MATCH,PASSED,,,[],2026-07-15T15:42:40Z,True,2026-07-15T15:42:41Z,1499,8000,False,0,BATCH-MTB-20260715-8,SETTLED,2026-07-17T15:42:40Z,2026-07-15T16:42:40Z,60,True,False,0,,IDEMP-CARD-MTB-100403,,PASSED,False,2023-02-21 00:00:00,9,1240,False,1,2,1170.23,934.13,False,22,10000,0.088,904.46,[],False,Airwallex,Airwallex,2026-07-15 00:00:00,2026-07-15 00:00:00,DDA,MTB0000001,Summit Ridge Bank,514571XXXXXX4247,AMEX,CREDIT,CONSUMER,Ironbridge National Bank,US,SETTLED,BATCH-MTB-20260715-8,SETL-CARD-MTB-100403,2026-07-15 00:00:00,2026-07-15T16:42:40Z,881.29,27.99,"[{'fee_type': 'DISCOUNT_FEE', 'amount': 19.03, 'currency': 'USD'}, {'fee_type': 'TRANSACTION_FEE', 'amount': 3.92, 'currency': 'USD'}, {'fee_type': 'AUTHORIZATION_FEE', 'amount': 1.4, 'currency': 'USD'}, {'fee_type': 'OTHER_FEE', 'amount': 3.64, 'currency': 'USD'}]",0,USD,853.3,USD,POSTED,POST-MTB-658945335,2026-07-15T16:47:40Z,CREDIT,USD,2026-07-15 00:00:00,LEDG-CARD-MTB-100403,DDA,MTB0000001,NONE,0,USD,853.3,BrightLedger Payments,702250308,NOT_YET_RECONCILED,,0,True,LEDG-CARD-MTB-100403,853.3,853.3,SETL-CARD-MTB-100403,,,False,False,False,702250308,,,,,,,,,,,,,,,,,,,,,,,,,,,,,,,,,,,,,,,,,,,,,,,,,,,,,,,,,,,,,,,,,,,,,,,,,,,,,,,,,,,,,,,,,,,,,,,,,,,,,,,,,,,,,,,,,,,,,,,,,,,,,,,,,,,,,,,,,,,,,,,,,,,,,,,,,,,,,,,,,,,,,,,,,,,,,,,,,,,
CARD,POST,CARD-MTB-100435,MERCHANT,MERCH-003,EXTERNAL_INDIVIDUAL,EXT-P-5207,CREDIT,MTB-CARD-20260811-677595,CARD-MTB-100435,CARD_PAYMENT,SETTLED,2026-08-11T07:07:26Z,2026-08-11 00:00:00,CARD,MASTERCARD,477965XXXXXX5200,DEBIT,COMMERCIAL,MERCH-003,Harbor & Vine Grocers LLC,Harbor & Vine Grocers,Chicago,IN,52999,US,178.55,USD,APPROVED,T2Q7C7M,2026-08-11T07:07:26Z,90,CARD_NOT_PRESENT,3857641982887338941563,56756344-NT7BTWV9OO,ORDER-12630,APPROVED,PENDING,PENDING,PENDING,UNRECONCILED,PASSED,MATCH,PARTIAL_MATCH,PASSED,,,[],2026-08-11T07:07:26Z,True,2026-08-11T07:07:26Z,1407,8000,False,5,BATCH-MTB-20260811-1,SETTLED,2026-08-11T11:07:26Z,2026-08-11T12:07:26Z,300,True,False,0,,IDEMP-CARD-MTB-100435,,PASSED,False,2024-09-03 00:00:00,122,707,False,1,2,253.64,153.61,False,24,10000,0.018,217.04,[],False,Airwallex,Airwallex,2026-08-11 00:00:00,2026-08-11 00:00:00,DDA,MTB0000001,Summit Ridge Bank,477965XXXXXX5200,MASTERCARD,DEBIT,COMMERCIAL,Ironbridge National Bank,US,SETTLED,BATCH-MTB-20260811-1,SETL-CARD-MTB-100435,2026-08-11 00:00:00,2026-08-11T12:07:26Z,178.55,4.11,"[{'fee_type': 'DISCOUNT_FEE', 'amount': 2.79, 'currency': 'USD'}, {'fee_type': 'TRANSACTION_FEE', 'amount': 0.58, 'currency': 'USD'}, {'fee_type': 'AUTHORIZATION_FEE', 'amount': 0.21, 'currency': 'USD'}, {'fee_type': 'OTHER_FEE', 'amount': 0.53, 'currency': 'USD'}]",0,USD,174.44,USD,POSTED,POST-MTB-198731966,2026-08-11T12:12:26Z,CREDIT,USD,2026-08-11 00:00:00,LEDG-CARD-MTB-100435,DDA,MTB0000001,NONE,0,USD,174.44,Northstar Payment Solutions,8112126311,MATCHED,2026-08-12T02:07:26Z,0,True,LEDG-CARD-MTB-100435,174.44,174.44,SETL-CARD-MTB-100435,,,False,False,False,8112126311,,,,,,,,,,,,,,,,,,,,,,,,,,,,,,,,,,,,,,,,,,,,,,,,,,,,,,,,,,,,,,,,,,,,,,,,,,,,,,,,,,,,,,,,,,,,,,,,,,,,,,,,,,,,,,,,,,,,,,,,,,,,,,,,,,,,,,,,,,,,,,,,,,,,,,,,,,,,,,,,,,,,,,,,,,,,,,,,,,,
CARD,POST,CARD-MTB-100428,MERCHANT,MERCH-009,EXTERNAL_INDIVIDUAL,EXT-P-3936,CREDIT,MTB-CARD-20260716-209634,CARD-MTB-100428,CARD_PAYMENT,SETTLED,2026-07-16T13:54:19Z,2026-07-16 00:00:00,CARD,AMEX,577905XXXXXX8118,DEBIT,CONSUMER,MERCH-009,Copperfield Building Supply LLC,Copperfield Building Supply,Charlotte,OH,47876,US,150.79,USD,APPROVED,EPTMI17,2026-07-16T13:54:19Z,90,CARD_NOT_PRESENT,6285426321678329981707,80414829-AHP4S6HDIL,ORDER-77499,APPROVED,PENDING,PENDING,PENDING,UNRECONCILED,PASSED,NO_MATCH,PARTIAL_MATCH,PASSED,,,[],2026-07-16T13:54:19Z,True,2026-07-16T13:54:19Z,2836,8000,False,0,BATCH-MTB-20260717-1,SETTLED,2026-07-18T13:54:19Z,2026-07-17T14:54:19Z,1500,True,False,0,,IDEMP-CARD-MTB-100428,,PASSED,False,2026-01-06 00:00:00,68,191,False,1,10,248.57,184.31,False,46,10000,0.015,152.81,[],False,WorldPay,WorldPay,2026-07-17 00:00:00,2026-07-17 00:00:00,DDA,MTB0000001,Ironbridge National Bank,577905XXXXXX8118,AMEX,DEBIT,CONSUMER,Cascade Point Bank,US,SETTLED,BATCH-MTB-20260717-1,SETL-CARD-MTB-100428,2026-07-17 00:00:00,2026-07-17T14:54:19Z,150.79,4.12,"[{'fee_type': 'DISCOUNT_FEE', 'amount': 2.8, 'currency': 'USD'}, {'fee_type': 'TRANSACTION_FEE', 'amount': 0.58, 'currency': 'USD'}, {'fee_type': 'AUTHORIZATION_FEE', 'amount': 0.21, 'currency': 'USD'}, {'fee_type': 'OTHER_FEE', 'amount': 0.53, 'currency': 'USD'}]",0,USD,146.67,USD,POSTED,POST-MTB-758577081,2026-07-17T14:59:19Z,CREDIT,USD,2026-07-17 00:00:00,LEDG-CARD-MTB-100428,DDA,MTB0000001,NONE,0,USD,146.67,Northstar Payment Solutions,9446335263,MATCHED,2026-07-18T18:54:19Z,0,True,LEDG-CARD-MTB-100428,146.67,146.67,SETL-CARD-MTB-100428,,,False,False,False,9446335263,,,,,,,,,,,,,,,,,,,,,,,,,,,,,,,,,,,,,,,,,,,,,,,,,,,,,,,,,,,,,,,,,,,,,,,,,,,,,,,,,,,,,,,,,,,,,,,,,,,,,,,,,,,,,,,,,,,,,,,,,,,,,,,,,,,,,,,,,,,,,,,,,,,,,,,,,,,,,,,,,,,,,,,,,,,,,,,,,,,
CARD,POST,CARD-MTB-100425,MERCHANT,MERCH-003,EXTERNAL_INDIVIDUAL,EXT-P-2643,CREDIT,MTB-CARD-20260626-263591,CARD-MTB-100425,CARD_PAYMENT,SETTLED,2026-06-26T08:29:07Z,2026-06-26 00:00:00,CARD,AMEX,522371XXXXXX6823,DEBIT,COMMERCIAL,MERCH-003,Harbor & Vine Grocers LLC,Harbor & Vine Grocers,Pittsburgh,GA,69598,US,3914.39,USD,APPROVED,5E89WVN,2026-06-26T08:29:07Z,5,CARD_PRESENT,7018742801596499481666,20421155-I2NICDJBSM,ORDER-64615,APPROVED,PENDING,PENDING,PENDING,UNRECONCILED,PASSED,NO_MATCH,PARTIAL_MATCH,PASSED,,,[],2026-06-26T08:29:07Z,True,2026-06-26T08:29:07Z,950,8000,False,51,BATCH-MTB-20260626-5,SETTLED,2026-06-28T08:29:07Z,2026-06-26T09:29:07Z,60,True,False,0,,IDEMP-CARD-MTB-100425,,PASSED,False,2026-01-20 00:00:00,4,157,False,1,4,12065.74,4368.02,False,38,10000,0.391,4778.55,[],False,WorldPay,WorldPay,2026-06-26 00:00:00,2026-06-26 00:00:00,DDA,MTB0000001,Summit Ridge Bank,522371XXXXXX6823,AMEX,DEBIT,COMMERCIAL,Ironbridge National Bank,US,SETTLED,BATCH-MTB-20260626-5,SETL-CARD-MTB-100425,2026-06-26 00:00:00,2026-06-26T09:29:07Z,3914.39,96.26,"[{'fee_type': 'DISCOUNT_FEE', 'amount': 65.46, 'currency': 'USD'}, {'fee_type': 'TRANSACTION_FEE', 'amount': 13.48, 'currency': 'USD'}, {'fee_type': 'AUTHORIZATION_FEE', 'amount': 4.81, 'currency': 'USD'}, {'fee_type': 'OTHER_FEE', 'amount': 12.51, 'currency': 'USD'}]",0,USD,3818.13,USD,POSTED,POST-MTB-562034883,2026-06-26T09:34:07Z,CREDIT,USD,2026-06-26 00:00:00,LEDG-CARD-MTB-100425,DDA,MTB0000001,NONE,0,USD,3818.13,Northstar Payment Solutions,8112126311,MATCHED,2026-06-27T14:29:07Z,0,True,LEDG-CARD-MTB-100425,3818.13,3818.13,SETL-CARD-MTB-100425,,,False,False,False,8112126311,,,,,,,,,,,,,,,,,,,,,,,,,,,,,,,,,,,,,,,,,,,,,,,,,,,,,,,,,,,,,,,,,,,,,,,,,,,,,,,,,,,,,,,,,,,,,,,,,,,,,,,,,,,,,,,,,,,,,,,,,,,,,,,,,,,,,,,,,,,,,,,,,,,,,,,,,,,,,,,,,,,,,,,,,,,,,,,,,,,
CARD,POST,CARD-MTB-100475,MERCHANT,MERCH-009,EXTERNAL_INDIVIDUAL,EXT-P-3196,CREDIT,MTB-CARD-20260713-380756,CARD-MTB-100475,CARD_PAYMENT,SETTLED,2026-07-13T02:15:12Z,2026-07-13 00:00:00,CARD,MASTERCARD,506901XXXXXX1907,CREDIT,CONSUMER,MERCH-009,Copperfield Building Supply LLC,Copperfield Building Supply,Charlotte,IL,27240,US,213.84,USD,APPROVED,YERPV85,2026-07-13T02:15:12Z,81,CARD_NOT_PRESENT,8015273734748934116871,71913947-SYDYBYHQF9,ORDER-55530,APPROVED,PENDING,PENDING,PENDING,UNRECONCILED,PASSED,MATCH,MATCH,PASSED,,,[],2026-07-13T02:15:12Z,True,2026-07-13T02:15:12Z,1522,8000,False,0,BATCH-MTB-20260713-1,SETTLED,2026-07-14T02:15:12Z,2026-07-13T03:15:12Z,60,True,False,0,,IDEMP-CARD-MTB-100475,,PASSED,False,2024-02-19 00:00:00,111,875,False,1,10,556.67,326,False,57,10000,0.021,200.86,[],False,Airwallex,Airwallex,2026-07-13 00:00:00,2026-07-13 00:00:00,DDA,MTB0000001,Summit Ridge Bank,506901XXXXXX1907,MASTERCARD,CREDIT,CONSUMER,Ironbridge National Bank,US,SETTLED,BATCH-MTB-20260713-1,SETL-CARD-MTB-100475,2026-07-13 00:00:00,2026-07-13T03:15:12Z,213.84,4.76,"[{'fee_type': 'DISCOUNT_FEE', 'amount': 3.24, 'currency': 'USD'}, {'fee_type': 'TRANSACTION_FEE', 'amount': 0.67, 'currency': 'USD'}, {'fee_type': 'AUTHORIZATION_FEE', 'amount': 0.24, 'currency': 'USD'}, {'fee_type': 'OTHER_FEE', 'amount': 0.61, 'currency': 'USD'}]",0,USD,209.08,USD,POSTED,POST-MTB-550441081,2026-07-13T03:20:12Z,CREDIT,USD,2026-07-13 00:00:00,LEDG-CARD-MTB-100475,DDA,MTB0000001,NONE,0,USD,209.08,Northstar Payment Solutions,9446335263,MATCHED,2026-07-13T06:15:12Z,0,True,LEDG-CARD-MTB-100475,209.08,209.08,SETL-CARD-MTB-100475,,,False,False,False,9446335263,,,,,,,,,,,,,,,,,,,,,,,,,,,,,,,,,,,,,,,,,,,,,,,,,,,,,,,,,,,,,,,,,,,,,,,,,,,,,,,,,,,,,,,,,,,,,,,,,,,,,,,,,,,,,,,,,,,,,,,,,,,,,,,,,,,,,,,,,,,,,,,,,,,,,,,,,,,,,,,,,,,,,,,,,,,,,,,,,,,
CARD,POST,CARD-MTB-100484,MERCHANT,MERCH-008,EXTERNAL_INDIVIDUAL,EXT-P-5068,CREDIT,MTB-CARD-20260809-677322,CARD-MTB-100484,CARD_PAYMENT,SETTLED,2026-08-09T08:09:09Z,2026-08-09 00:00:00,CARD,AMEX,541394XXXXXX8127,DEBIT,CONSUMER,MERCH-008,Amberlane Textiles Co LLC,Amberlane Textiles Co,Pittsburgh,NC,39281,US,1436.42,USD,APPROVED,XYWIKRN,2026-08-09T08:09:09Z,7,CARD_PRESENT,8199776104159555419068,63014685-XRTYTUSVU7,ORDER-61308,APPROVED,PENDING,PENDING,PENDING,UNRECONCILED,PASSED,MATCH,MATCH,PASSED,,,[],2026-08-09T08:09:09Z,True,2026-08-09T08:09:10Z,1854,8000,False,91,BATCH-MTB-20260809-9,SETTLED,2026-08-10T08:09:09Z,2026-08-09T09:09:09Z,60,True,False,0,,IDEMP-CARD-MTB-100484,,PASSED,False,2023-03-13 00:00:00,173,1245,False,3,5,4073.07,1759.54,False,39,10000,0.144,1754.5,[],False,WorldPay,WorldPay,2026-08-09 00:00:00,2026-08-09 00:00:00,DDA,MTB0000001,Summit Ridge Bank,541394XXXXXX8127,AMEX,DEBIT,CONSUMER,Cascade Point Bank,US,SETTLED,BATCH-MTB-20260809-9,SETL-CARD-MTB-100484,2026-08-09 00:00:00,2026-08-09T09:09:09Z,1436.42,40.06,"[{'fee_type': 'DISCOUNT_FEE', 'amount': 27.24, 'currency': 'USD'}, {'fee_type': 'TRANSACTION_FEE', 'amount': 5.61, 'currency': 'USD'}, {'fee_type': 'AUTHORIZATION_FEE', 'amount': 2.0, 'currency': 'USD'}, {'fee_type': 'OTHER_FEE', 'amount': 5.21, 'currency': 'USD'}]",0,USD,1396.36,USD,POSTED,POST-MTB-115501102,2026-08-09T09:14:09Z,CREDIT,USD,2026-08-09 00:00:00,LEDG-CARD-MTB-100484,DDA,MTB0000001,NONE,0,USD,1396.36,BrightLedger Payments,454372367,MATCHED,2026-08-10T02:09:09Z,0,True,LEDG-CARD-MTB-100484,1396.36,1396.36,SETL-CARD-MTB-100484,,,False,False,False,454372367,,,,,,,,,,,,,,,,,,,,,,,,,,,,,,,,,,,,,,,,,,,,,,,,,,,,,,,,,,,,,,,,,,,,,,,,,,,,,,,,,,,,,,,,,,,,,,,,,,,,,,,,,,,,,,,,,,,,,,,,,,,,,,,,,,,,,,,,,,,,,,,,,,,,,,,,,,,,,,,,,,,,,,,,,,,,,,,,,,,
CARD,POST,CARD-MTB-100482,MERCHANT,MERCH-009,EXTERNAL_INDIVIDUAL,EXT-P-3837,CREDIT,MTB-CARD-20260628-381826,CARD-MTB-100482,CARD_PAYMENT,SETTLED,2026-06-28T03:58:42Z,2026-06-28 00:00:00,CARD,AMEX,511729XXXXXX7367,CREDIT,CONSUMER,MERCH-009,Copperfield Building Supply LLC,Copperfield Building Supply,Detroit,OH,12910,US,4608.86,USD,APPROVED,KYQS2IH,2026-06-28T03:58:42Z,90,CARD_NOT_PRESENT,8258648960244386981634,43950301-0JCA41TORZ,ORDER-18392,APPROVED,PENDING,PENDING,PENDING,UNRECONCILED,PASSED,MATCH,MATCH,PASSED,,,[],2026-06-28T03:58:42Z,True,2026-06-28T03:58:42Z,3568,8000,False,0,BATCH-MTB-20260628-2,SETTLED,2026-06-29T03:58:42Z,2026-06-28T07:58:42Z,240,True,False,0,,IDEMP-CARD-MTB-100482,,PASSED,False,2023-05-31 00:00:00,68,1124,False,2,12,17931.69,10164.27,True,57,10000,0.461,4455.81,[],False,Airwallex,Airwallex,2026-06-28 00:00:00,2026-06-28 00:00:00,DDA,MTB0000001,Cascade Point Bank,511729XXXXXX7367,AMEX,CREDIT,CONSUMER,Cascade Point Bank,US,SETTLED,BATCH-MTB-20260628-2,SETL-CARD-MTB-100482,2026-06-28 00:00:00,2026-06-28T07:58:42Z,4608.86,148.73,"[{'fee_type': 'DISCOUNT_FEE', 'amount': 101.14, 'currency': 'USD'}, {'fee_type': 'TRANSACTION_FEE', 'amount': 20.82, 'currency': 'USD'}, {'fee_type': 'AUTHORIZATION_FEE', 'amount': 7.44, 'currency': 'USD'}, {'fee_type': 'OTHER_FEE', 'amount': 19.33, 'currency': 'USD'}]",0,USD,4460.13,USD,POSTED,POST-MTB-554398738,2026-06-28T08:03:42Z,CREDIT,USD,2026-06-28 00:00:00,LEDG-CARD-MTB-100482,DDA,MTB0000001,NONE,0,USD,4460.13,Northstar Payment Solutions,9446335263,MATCHED,2026-06-28T22:58:42Z,0,True,LEDG-CARD-MTB-100482,4460.13,4460.13,SETL-CARD-MTB-100482,,,True,False,False,9446335263,,,,,,,,,,,,,,,,,,,,,,,,,,,,,,,,,,,,,,,,,,,,,,,,,,,,,,,,,,,,,,,,,,,,,,,,,,,,,,,,,,,,,,,,,,,,,,,,,,,,,,,,,,,,,,,,,,,,,,,,,,,,,,,,,,,,,,,,,,,,,,,,,,,,,,,,,,,,,,,,,,,,,,,,,,,,,,,,,,,
CARD,POST,CARD-MTB-100493,MERCHANT,MERCH-008,EXTERNAL_INDIVIDUAL,EXT-P-2106,CREDIT,MTB-CARD-20260822-353615,CARD-MTB-100493,CARD_PAYMENT,SETTLED,2026-08-22T08:36:45Z,2026-08-22 00:00:00,CARD,AMEX,564772XXXXXX3195,CREDIT,CONSUMER,MERCH-008,Amberlane Textiles Co LLC,Amberlane Textiles Co,Detroit,IL,52397,US,73.32,USD,APPROVED,1T4UHCG,2026-08-22T08:36:45Z,5,CARD_PRESENT,9589713996525051061751,31351795-JYNNWYT8DT,ORDER-89779,APPROVED,PENDING,PENDING,PENDING,UNRECONCILED,PASSED,MATCH,MATCH,PASSED,,,[],2026-08-22T08:36:45Z,True,2026-08-22T08:36:45Z,228,8000,False,0,BATCH-MTB-20260822-6,SETTLED,2026-08-22T09:36:45Z,2026-08-22T15:36:45Z,420,True,False,0,,IDEMP-CARD-MTB-100493,,PASSED,False,2024-05-08 00:00:00,118,836,False,1,3,111.48,46.17,False,29,10000,0.007,59.38,[],False,WorldPay,WorldPay,2026-08-22 00:00:00,2026-08-22 00:00:00,DDA,MTB0000001,Ironbridge National Bank,564772XXXXXX3195,AMEX,CREDIT,CONSUMER,Cascade Point Bank,US,SETTLED,BATCH-MTB-20260822-6,SETL-CARD-MTB-100493,2026-08-22 00:00:00,2026-08-22T15:36:45Z,73.32,2.13,"[{'fee_type': 'DISCOUNT_FEE', 'amount': 1.45, 'currency': 'USD'}, {'fee_type': 'TRANSACTION_FEE', 'amount': 0.3, 'currency': 'USD'}, {'fee_type': 'AUTHORIZATION_FEE', 'amount': 0.11, 'currency': 'USD'}, {'fee_type': 'OTHER_FEE', 'amount': 0.27, 'currency': 'USD'}]",0,USD,71.19,USD,POSTED,POST-MTB-493370518,2026-08-22T15:41:45Z,CREDIT,USD,2026-08-22 00:00:00,LEDG-CARD-MTB-100493,DDA,MTB0000001,NONE,0,USD,66.48,BrightLedger Payments,454372367,NOT_YET_RECONCILED,,-4.71,False,LEDG-CARD-MTB-100493,71.19,66.48,SETL-CARD-MTB-100493,,,False,False,False,454372367,,,,,,,,,,,,,,,,,,,,,,,,,,,,,,,,,,,,,,,,,,,,,,,,,,,,,,,,,,,,,,,,,,,,,,,,,,,,,,,,,,,,,,,,,,,,,,,,,,,,,,,,,,,,,,,,,,,,,,,,,,,,,,,,,,,,,,,,,,,,,,,,,,,,,,,,,,,,,,,,,,,,,,,,,,,,,,,,,,,
CARD,POST,CARD-MTB-100467,MERCHANT,MERCH-007,INDIVIDUAL,IND-0046,CREDIT,MTB-CARD-20260630-151006,CARD-MTB-100467,CARD_PAYMENT,SETTLED,2026-06-30T02:41:17Z,2026-06-30 00:00:00,CARD,VISA,467736XXXXXX1835,DEBIT,COMMERCIAL,MERCH-007,Fernbrook Electronics LLC,Fernbrook Electronics,Louisville,OH,25988,US,14.35,USD,APPROVED,H057EYL,2026-06-30T02:41:17Z,5,CARD_PRESENT,6767134505631751425160,93603982-TTELDQX0TO,ORDER-92010,APPROVED,PENDING,PENDING,PENDING,UNRECONCILED,PASSED,MATCH,MATCH,PASSED,,,[],2026-06-30T02:41:17Z,True,2026-06-30T02:41:17Z,3578,8000,False,91,BATCH-MTB-20260630-5,SETTLED,2026-07-02T02:41:17Z,2026-06-30T10:41:17Z,480,True,False,0,,IDEMP-CARD-MTB-100467,,PASSED,False,2024-04-10 00:00:00,118,811,False,1,1,34.41,16.76,False,20,10000,0.001,15.14,[],False,WorldPay,WorldPay,2026-06-30 00:00:00,2026-06-30 00:00:00,DDA,MTB0000001,Summit Ridge Bank,467736XXXXXX1835,VISA,DEBIT,COMMERCIAL,Summit Ridge Bank,US,SETTLED,BATCH-MTB-20260630-5,SETL-CARD-MTB-100467,2026-06-30 00:00:00,2026-06-30T10:41:17Z,14.35,0.34,"[{'fee_type': 'DISCOUNT_FEE', 'amount': 0.23, 'currency': 'USD'}, {'fee_type': 'TRANSACTION_FEE', 'amount': 0.05, 'currency': 'USD'}, {'fee_type': 'AUTHORIZATION_FEE', 'amount': 0.02, 'currency': 'USD'}, {'fee_type': 'OTHER_FEE', 'amount': 0.04, 'currency': 'USD'}]",0,USD,14.01,USD,POSTED,POST-MTB-384013510,2026-06-30T10:46:17Z,CREDIT,USD,2026-06-30 00:00:00,LEDG-CARD-MTB-100467,DDA,MTB0000001,NONE,0,USD,14.01,BrightLedger Payments,702250308,MATCHED,2026-07-01T18:41:17Z,0,True,LEDG-CARD-MTB-100467,14.01,14.01,SETL-CARD-MTB-100467,,,False,False,False,702250308,,,,,,,,,,,,,,,,,,,,,,,,,,,,,,,,,,,,,,,,,,,,,,,,,,,,,,,,,,,,,,,,,,,,,,,,,,,,,,,,,,,,,,,,,,,,,,,,,,,,,,,,,,,,,,,,,,,,,,,,,,,,,,,,,,,,,,,,,,,,,,,,,,,,,,,,,,,,,,,,,,,,,,,,,,,,,,,,,,,
CARD,POST,CARD-MTB-100419,MERCHANT,MERCH-008,EXTERNAL_INDIVIDUAL,EXT-P-9066,CREDIT,MTB-CARD-20260710-547188,CARD-MTB-100419,CARD_PAYMENT,SETTLED,2026-07-10T08:58:12Z,2026-07-10 00:00:00,CARD,AMEX,507112XXXXXX2114,CREDIT,CONSUMER,MERCH-008,Amberlane Textiles Co LLC,Amberlane Textiles Co,Chicago,OH,67673,US,3520.93,USD,APPROVED,IIXWHTF,2026-07-10T08:58:12Z,81,CARD_NOT_PRESENT,0368902343643368939428,55711985-5SZU9LIEDP,ORDER-90163,APPROVED,PENDING,PENDING,PENDING,UNRECONCILED,PASSED,MATCH,MATCH,PASSED,,,[],2026-07-10T08:58:12Z,True,2026-07-10T08:58:13Z,1895,8000,False,5,BATCH-MTB-20260712-5,SETTLED,2026-07-10T12:58:12Z,2026-07-12T05:58:12Z,2700,True,False,0,,IDEMP-CARD-MTB-100419,,PASSED,False,2024-05-21 00:00:00,131,780,False,1,5,10534.85,7362.06,False,31,10000,0.352,3994.5,[],False,Airwallex,Airwallex,2026-07-12 00:00:00,2026-07-12 00:00:00,DDA,MTB0000001,Summit Ridge Bank,507112XXXXXX2114,AMEX,CREDIT,CONSUMER,Ironbridge National Bank,US,SETTLED,BATCH-MTB-20260712-5,SETL-CARD-MTB-100419,2026-07-12 00:00:00,2026-07-12T05:58:12Z,3520.93,122.96,"[{'fee_type': 'DISCOUNT_FEE', 'amount': 83.61, 'currency': 'USD'}, {'fee_type': 'TRANSACTION_FEE', 'amount': 17.21, 'currency': 'USD'}, {'fee_type': 'AUTHORIZATION_FEE', 'amount': 6.15, 'currency': 'USD'}, {'fee_type': 'OTHER_FEE', 'amount': 15.99, 'currency': 'USD'}]",0,USD,3397.97,USD,POSTED,POST-MTB-683736201,2026-07-12T06:03:12Z,CREDIT,USD,2026-07-12 00:00:00,LEDG-CARD-MTB-100419,DDA,MTB0000001,NONE,0,USD,3397.97,BrightLedger Payments,454372367,MATCHED,2026-07-13T12:58:12Z,0,True,LEDG-CARD-MTB-100419,3397.97,3397.97,SETL-CARD-MTB-100419,,,False,False,False,454372367,,,,,,,,,,,,,,,,,,,,,,,,,,,,,,,,,,,,,,,,,,,,,,,,,,,,,,,,,,,,,,,,,,,,,,,,,,,,,,,,,,,,,,,,,,,,,,,,,,,,,,,,,,,,,,,,,,,,,,,,,,,,,,,,,,,,,,,,,,,,,,,,,,,,,,,,,,,,,,,,,,,,,,,,,,,,,,,,,,,
CARD,POST,CARD-MTB-100422,MERCHANT,MERCH-009,EXTERNAL_INDIVIDUAL,EXT-P-6561,CREDIT,MTB-CARD-20260805-370734,CARD-MTB-100422,CARD_PAYMENT,SETTLED,2026-08-05T02:42:53Z,2026-08-05 00:00:00,CARD,MASTERCARD,423042XXXXXX4663,CREDIT,CONSUMER,MERCH-009,Copperfield Building Supply LLC,Copperfield Building Supply,Chicago,NC,80418,US,173.12,USD,APPROVED,86G1PX6,2026-08-05T02:42:53Z,5,CARD_PRESENT,2081315587637610913047,33052492-5DQV44P1KL,ORDER-42085,APPROVED,PENDING,PENDING,PENDING,UNRECONCILED,PASSED,MATCH,MATCH,PASSED,,,[],2026-08-05T02:42:53Z,True,2026-08-05T02:42:54Z,2386,8000,False,0,BATCH-MTB-20260805-5,SETTLED,2026-08-06T02:42:53Z,2026-08-05T07:42:53Z,300,True,False,0,,IDEMP-CARD-MTB-100422,,PASSED,False,2025-07-27 00:00:00,167,374,False,5,13,382,167.54,True,66,10000,0.017,201.39,[],False,Airwallex,Airwallex,2026-08-05 00:00:00,2026-08-05 00:00:00,DDA,MTB0000001,Cascade Point Bank,423042XXXXXX4663,MASTERCARD,CREDIT,CONSUMER,Cascade Point Bank,US,SETTLED,BATCH-MTB-20260805-5,SETL-CARD-MTB-100422,2026-08-05 00:00:00,2026-08-05T07:42:53Z,173.12,4.52,"[{'fee_type': 'DISCOUNT_FEE', 'amount': 3.07, 'currency': 'USD'}, {'fee_type': 'TRANSACTION_FEE', 'amount': 0.63, 'currency': 'USD'}, {'fee_type': 'AUTHORIZATION_FEE', 'amount': 0.23, 'currency': 'USD'}, {'fee_type': 'OTHER_FEE', 'amount': 0.59, 'currency': 'USD'}]",0,USD,168.6,USD,POSTED,POST-MTB-810618367,2026-08-05T07:47:53Z,CREDIT,USD,2026-08-05 00:00:00,LEDG-CARD-MTB-100422,DDA,MTB0000001,NONE,0,USD,168.6,Northstar Payment Solutions,9446335263,MATCHED,2026-08-06T14:42:53Z,0,True,LEDG-CARD-MTB-100422,168.6,168.6,SETL-CARD-MTB-100422,,,True,False,False,9446335263,,,,,,,,,,,,,,,,,,,,,,,,,,,,,,,,,,,,,,,,,,,,,,,,,,,,,,,,,,,,,,,,,,,,,,,,,,,,,,,,,,,,,,,,,,,,,,,,,,,,,,,,,,,,,,,,,,,,,,,,,,,,,,,,,,,,,,,,,,,,,,,,,,,,,,,,,,,,,,,,,,,,,,,,,,,,,,,,,,,
CARD,POST,CARD-MTB-100470,MERCHANT,MERCH-008,EXTERNAL_INDIVIDUAL,EXT-P-4857,CREDIT,MTB-CARD-20260805-880795,CARD-MTB-100470,CARD_PAYMENT,SETTLED,2026-08-05T19:06:03Z,2026-08-05 00:00:00,CARD,VISA,493109XXXXXX8088,DEBIT,CONSUMER,MERCH-008,Amberlane Textiles Co LLC,Amberlane Textiles Co,Atlanta,OH,45134,US,130.43,USD,APPROVED,GK1FG9F,2026-08-05T19:06:03Z,90,CARD_NOT_PRESENT,4639485314553849910245,79689685-ZEKISLGKB4,ORDER-58110,APPROVED,PENDING,PENDING,PENDING,UNRECONCILED,PASSED,MATCH,MATCH,PASSED,,,[],2026-08-05T19:06:03Z,True,2026-08-05T19:06:03Z,4349,8000,False,5,BATCH-MTB-20260806-2,SETTLED,2026-08-06T07:06:03Z,2026-08-06T01:06:03Z,360,True,False,0,,IDEMP-CARD-MTB-100470,,PASSED,False,2022-12-04 00:00:00,192,1340,False,1,11,525.87,330.36,False,58,10000,0.013,136.71,[],False,Airwallex,Airwallex,2026-08-06 00:00:00,2026-08-06 00:00:00,DDA,MTB0000001,Cascade Point Bank,493109XXXXXX8088,VISA,DEBIT,CONSUMER,Ironbridge National Bank,US,SETTLED,BATCH-MTB-20260806-2,SETL-CARD-MTB-100470,2026-08-06 00:00:00,2026-08-06T01:06:03Z,130.43,4.42,"[{'fee_type': 'DISCOUNT_FEE', 'amount': 3.01, 'currency': 'USD'}, {'fee_type': 'TRANSACTION_FEE', 'amount': 0.62, 'currency': 'USD'}, {'fee_type': 'AUTHORIZATION_FEE', 'amount': 0.22, 'currency': 'USD'}, {'fee_type': 'OTHER_FEE', 'amount': 0.57, 'currency': 'USD'}]",0,USD,126.01,USD,POSTED,POST-MTB-776020529,2026-08-06T01:11:03Z,CREDIT,USD,2026-08-06 00:00:00,LEDG-CARD-MTB-100470,DDA,MTB0000001,NONE,0,USD,126.01,BrightLedger Payments,454372367,MATCHED,2026-08-06T02:06:03Z,0,True,LEDG-CARD-MTB-100470,126.01,126.01,SETL-CARD-MTB-100470,,,False,False,False,454372367,,,,,,,,,,,,,,,,,,,,,,,,,,,,,,,,,,,,,,,,,,,,,,,,,,,,,,,,,,,,,,,,,,,,,,,,,,,,,,,,,,,,,,,,,,,,,,,,,,,,,,,,,,,,,,,,,,,,,,,,,,,,,,,,,,,,,,,,,,,,,,,,,,,,,,,,,,,,,,,,,,,,,,,,,,,,,,,,,,,
CARD,POST,CARD-MTB-100465,MERCHANT,MERCH-001,EXTERNAL_INDIVIDUAL,EXT-P-7633,CREDIT,MTB-CARD-20260722-355071,CARD-MTB-100465,CARD_PAYMENT,SETTLED,2026-07-22T09:17:32Z,2026-07-22 00:00:00,CARD,VISA,472756XXXXXX1568,DEBIT,COMMERCIAL,MERCH-001,Bluepeak Hardware Supply LLC,Bluepeak Hardware Supply,Charlotte,OH,56727,US,4359.11,USD,APPROVED,ZDM3TW8,2026-07-22T09:17:32Z,81,CARD_NOT_PRESENT,4694370202813948494064,34216399-L0FU1S6MTP,ORDER-13913,APPROVED,PENDING,PENDING,PENDING,UNRECONCILED,PASSED,NO_MATCH,MATCH,PASSED,,,[],2026-07-22T09:17:32Z,True,2026-07-22T09:17:32Z,1317,8000,False,5,BATCH-MTB-20260722-8,SETTLED,2026-07-22T13:17:32Z,2026-07-22T16:17:32Z,420,True,False,0,,IDEMP-CARD-MTB-100465,,PASSED,False,2026-01-05 00:00:00,44,198,False,1,10,5942.82,2046.32,False,54,10000,0.436,4368.35,[],False,Airwallex,Airwallex,2026-07-22 00:00:00,2026-07-22 00:00:00,DDA,MTB0000001,Summit Ridge Bank,472756XXXXXX1568,VISA,DEBIT,COMMERCIAL,Cascade Point Bank,US,SETTLED,BATCH-MTB-20260722-8,SETL-CARD-MTB-100465,2026-07-22 00:00:00,2026-07-22T16:17:32Z,4359.11,80.86,"[{'fee_type': 'DISCOUNT_FEE', 'amount': 54.98, 'currency': 'USD'}, {'fee_type': 'TRANSACTION_FEE', 'amount': 11.32, 'currency': 'USD'}, {'fee_type': 'AUTHORIZATION_FEE', 'amount': 4.04, 'currency': 'USD'}, {'fee_type': 'OTHER_FEE', 'amount': 10.52, 'currency': 'USD'}]",0,USD,4278.25,USD,POSTED,POST-MTB-960069084,2026-07-22T16:22:32Z,CREDIT,USD,2026-07-22 00:00:00,LEDG-CARD-MTB-100465,DDA,MTB0000001,NONE,0,USD,4278.25,Meridian Trust Bank,2813398050,MATCHED,2026-07-23T14:17:32Z,0,True,LEDG-CARD-MTB-100465,4278.25,4278.25,SETL-CARD-MTB-100465,,,False,False,False,2813398050,,,,,,,,,,,,,,,,,,,,,,,,,,,,,,,,,,,,,,,,,,,,,,,,,,,,,,,,,,,,,,,,,,,,,,,,,,,,,,,,,,,,,,,,,,,,,,,,,,,,,,,,,,,,,,,,,,,,,,,,,,,,,,,,,,,,,,,,,,,,,,,,,,,,,,,,,,,,,,,,,,,,,,,,,,,,,,,,,,,
CARD,POST,CARD-MTB-100437,MERCHANT,MERCH-010,EXTERNAL_INDIVIDUAL,EXT-P-6411,CREDIT,MTB-CARD-20260806-928334,CARD-MTB-100437,CARD_PAYMENT,SETTLED,2026-08-06T07:55:18Z,2026-08-06 00:00:00,CARD,AMEX,408390XXXXXX1181,DEBIT,CONSUMER,MERCH-010,Wrenfield Pharmacy Group LLC,Wrenfield Pharmacy Group,Chicago,OH,20151,US,224.67,USD,APPROVED,BG2ZPP7,2026-08-06T07:55:18Z,90,CARD_NOT_PRESENT,4001245397140405561672,35880127-M9UTKCUGRS,ORDER-90376,APPROVED,PENDING,PENDING,PENDING,UNRECONCILED,PASSED,MATCH,MATCH,PASSED,,,[],2026-08-06T07:55:18Z,True,2026-08-06T07:55:18Z,1011,8000,False,0,BATCH-MTB-20260806-2,SETTLED,2026-08-06T19:55:18Z,2026-08-06T08:55:18Z,60,True,False,0,,IDEMP-CARD-MTB-100437,,PASSED,False,2024-07-08 00:00:00,112,759,False,1,3,423.73,175.56,False,33,10000,0.022,217.08,[],False,WorldPay,WorldPay,2026-08-06 00:00:00,2026-08-06 00:00:00,DDA,MTB0000001,Cascade Point Bank,408390XXXXXX1181,AMEX,DEBIT,CONSUMER,Ironbridge National Bank,US,SETTLED,BATCH-MTB-20260806-2,SETL-CARD-MTB-100437,2026-08-06 00:00:00,2026-08-06T08:55:18Z,224.67,6.96,"[{'fee_type': 'DISCOUNT_FEE', 'amount': 4.73, 'currency': 'USD'}, {'fee_type': 'TRANSACTION_FEE', 'amount': 0.97, 'currency': 'USD'}, {'fee_type': 'AUTHORIZATION_FEE', 'amount': 0.35, 'currency': 'USD'}, {'fee_type': 'OTHER_FEE', 'amount': 0.91, 'currency': 'USD'}]",0,USD,217.71,USD,POSTED,POST-MTB-831379243,2026-08-06T09:00:18Z,CREDIT,USD,2026-08-06 00:00:00,LEDG-CARD-MTB-100437,DDA,MTB0000001,NONE,0,USD,217.71,Vertex Commerce Pay,4806704660,MATCHED,2026-08-07T15:55:18Z,0,True,LEDG-CARD-MTB-100437,217.71,217.71,SETL-CARD-MTB-100437,,,False,False,False,4806704660,,,,,,,,,,,,,,,,,,,,,,,,,,,,,,,,,,,,,,,,,,,,,,,,,,,,,,,,,,,,,,,,,,,,,,,,,,,,,,,,,,,,,,,,,,,,,,,,,,,,,,,,,,,,,,,,,,,,,,,,,,,,,,,,,,,,,,,,,,,,,,,,,,,,,,,,,,,,,,,,,,,,,,,,,,,,,,,,,,,
CARD,POST,CARD-MTB-100432,MERCHANT,MERCH-003,EXTERNAL_INDIVIDUAL,EXT-P-4676,CREDIT,MTB-CARD-20260805-155299,CARD-MTB-100432,CARD_PAYMENT,DECLINED,2026-08-05T05:45:52Z,2026-08-05 00:00:00,CARD,MASTERCARD,441899XXXXXX4854,CREDIT,CONSUMER,MERCH-003,Harbor & Vine Grocers LLC,Harbor & Vine Grocers,Atlanta,OH,28340,US,3307.2,USD,DECLINED,KQQ6PDV,2026-08-05T05:45:52Z,81,CARD_NOT_PRESENT,2971217867101616256484,77607712-PXZ0IACEDL,ORDER-83692,DECLINED,PENDING,PENDING,PENDING,UNRECONCILED,PASSED,MATCH,MATCH,FAILED,E204,Invalid routing number checksum,['E204'],2026-08-05T05:45:52Z,True,2026-08-05T05:45:53Z,3405,8000,False,0,,OPEN,2026-08-05T17:45:52Z,,,False,False,0,,IDEMP-CARD-MTB-100432,,PASSED,False,2025-12-14 00:00:00,44,234,False,1,8,5704.35,2713.46,False,50,10000,0.331,3643.37,[],False,Airwallex,Airwallex,,,,,,,,,,,,,,,,,,,,,,,,,,,,,,,,,,,,,Northstar Payment Solutions,8112126311,NOT_APPLICABLE,,,,,,,,,,False,False,False,8112126311,,,,,,,,,,,,,,,,,,,,,,,,,,,,,,,,,,,,,,,,,,,,,,,,,,,,,,,,,,,,,,,,,,,,,,,,,,,,,,,,,,,,,,,,,,,,,,,,,,,,,,,,,,,,,,,,,,,,,,,,,,,,,,,,,,,,,,,,,,,,,,,,,,,,,,,,,,,,,,,,,,,,,,,,,,,,,,,,,,,
CARD,POST,CARD-MTB-100477,MERCHANT,MERCH-001,EXTERNAL_INDIVIDUAL,EXT-P-6926,CREDIT,MTB-CARD-20260724-844068,CARD-MTB-100477,CARD_PAYMENT,SETTLED,2026-07-24T20:19:39Z,2026-07-24 00:00:00,CARD,VISA,479921XXXXXX2442,DEBIT,COMMERCIAL,MERCH-001,Bluepeak Hardware Supply LLC,Bluepeak Hardware Supply,Cincinnati,TN,83050,US,11,USD,APPROVED,RMHCHWQ,2026-07-24T20:19:39Z,90,CARD_NOT_PRESENT,1199063263900863268466,96094268-K2ZQ4KRUJI,ORDER-45879,APPROVED,PENDING,PENDING,PENDING,UNRECONCILED,PASSED,MATCH,MATCH,PASSED,,,[],2026-07-24T20:19:39Z,True,2026-07-24T20:19:40Z,1624,8000,False,0,BATCH-MTB-20260724-1,SETTLED,2026-07-24T21:19:39Z,2026-07-24T23:19:39Z,180,True,False,0,,IDEMP-CARD-MTB-100477,,PASSED,False,2024-10-12 00:00:00,71,650,False,2,5,27.31,12.01,False,41,10000,0.001,13.52,[],False,Airwallex,Airwallex,2026-07-24 00:00:00,2026-07-24 00:00:00,DDA,MTB0000001,Ironbridge National Bank,479921XXXXXX2442,VISA,DEBIT,COMMERCIAL,Ironbridge National Bank,US,SETTLED,BATCH-MTB-20260724-1,SETL-CARD-MTB-100477,2026-07-24 00:00:00,2026-07-24T23:19:39Z,11,0.25,"[{'fee_type': 'DISCOUNT_FEE', 'amount': 0.17, 'currency': 'USD'}, {'fee_type': 'TRANSACTION_FEE', 'amount': 0.04, 'currency': 'USD'}, {'fee_type': 'AUTHORIZATION_FEE', 'amount': 0.01, 'currency': 'USD'}, {'fee_type': 'OTHER_FEE', 'amount': 0.03, 'currency': 'USD'}]",0,USD,10.75,USD,POSTED,POST-MTB-775755966,2026-07-24T23:24:39Z,CREDIT,USD,2026-07-24 00:00:00,LEDG-CARD-MTB-100477,DDA,MTB0000001,NONE,0,USD,10.75,Meridian Trust Bank,2813398050,MATCHED,2026-07-25T18:19:39Z,0,True,LEDG-CARD-MTB-100477,10.75,10.75,SETL-CARD-MTB-100477,,,False,False,False,2813398050,,,,,,,,,,,,,,,,,,,,,,,,,,,,,,,,,,,,,,,,,,,,,,,,,,,,,,,,,,,,,,,,,,,,,,,,,,,,,,,,,,,,,,,,,,,,,,,,,,,,,,,,,,,,,,,,,,,,,,,,,,,,,,,,,,,,,,,,,,,,,,,,,,,,,,,,,,,,,,,,,,,,,,,,,,,,,,,,,,,
CARD,POST,CARD-MTB-100416,MERCHANT,MERCH-005,EXTERNAL_INDIVIDUAL,EXT-P-3675,CREDIT,MTB-CARD-20260723-555804,CARD-MTB-100416,CARD_PAYMENT,SETTLED,2026-07-23T19:31:43Z,2026-07-23 00:00:00,CARD,AMEX,546362XXXXXX3619,DEBIT,CONSUMER,MERCH-005,Solstice Digital Print LLC,Solstice Digital Print,Cleveland,IN,36109,US,288.14,USD,APPROVED,GHIK4XW,2026-07-23T19:31:43Z,90,CARD_NOT_PRESENT,6281669004504097449240,81235738-W6UDWN5XZB,ORDER-59945,APPROVED,PENDING,PENDING,PENDING,UNRECONCILED,PASSED,MATCH,PARTIAL_MATCH,PASSED,,,[],2026-07-23T19:31:43Z,True,2026-07-23T19:31:44Z,167,8000,False,5,BATCH-MTB-20260724-4,SETTLED,2026-07-24T19:31:43Z,2026-07-24T03:31:43Z,480,True,False,0,,IDEMP-CARD-MTB-100416,,PASSED,False,2022-07-05 00:00:00,60,1479,False,3,11,1178.65,523.8,True,64,10000,0.029,291.66,[],False,Airwallex,Airwallex,2026-07-24 00:00:00,2026-07-24 00:00:00,DDA,MTB0000001,Summit Ridge Bank,546362XXXXXX3619,AMEX,DEBIT,CONSUMER,Cascade Point Bank,US,SETTLED,BATCH-MTB-20260724-4,SETL-CARD-MTB-100416,2026-07-24 00:00:00,2026-07-24T03:31:43Z,288.14,9.88,"[{'fee_type': 'DISCOUNT_FEE', 'amount': 6.72, 'currency': 'USD'}, {'fee_type': 'TRANSACTION_FEE', 'amount': 1.38, 'currency': 'USD'}, {'fee_type': 'AUTHORIZATION_FEE', 'amount': 0.49, 'currency': 'USD'}, {'fee_type': 'OTHER_FEE', 'amount': 1.29, 'currency': 'USD'}]",0,USD,278.26,USD,POSTED,POST-MTB-885988125,2026-07-24T03:36:43Z,CREDIT,USD,2026-07-24 00:00:00,LEDG-CARD-MTB-100416,DDA,MTB0000001,NONE,0,USD,278.26,Meridian Trust Bank,2260323791,NOT_YET_RECONCILED,,0,True,LEDG-CARD-MTB-100416,278.26,278.26,SETL-CARD-MTB-100416,,,True,False,False,2260323791,,,,,,,,,,,,,,,,,,,,,,,,,,,,,,,,,,,,,,,,,,,,,,,,,,,,,,,,,,,,,,,,,,,,,,,,,,,,,,,,,,,,,,,,,,,,,,,,,,,,,,,,,,,,,,,,,,,,,,,,,,,,,,,,,,,,,,,,,,,,,,,,,,,,,,,,,,,,,,,,,,,,,,,,,,,,,,,,,,,
CARD,POST,CARD-MTB-100430,MERCHANT,MERCH-002,EXTERNAL_INDIVIDUAL,EXT-P-3055,CREDIT,MTB-CARD-20260814-638411,CARD-MTB-100430,CARD_PAYMENT,SETTLED,2026-08-14T08:54:47Z,2026-08-14 00:00:00,CARD,VISA,405677XXXXXX1294,DEBIT,CONSUMER,MERCH-002,Crestline Office Outfitters LLC,Crestline Office Outfitters,Cincinnati,PA,36540,US,173.02,USD,APPROVED,HBCG6U5,2026-08-14T08:54:47Z,90,CARD_NOT_PRESENT,1593472461197620073195,77159785-26JI49LGMM,ORDER-13047,APPROVED,PENDING,PENDING,PENDING,UNRECONCILED,PASSED,NO_MATCH,MATCH,PASSED,,,[],2026-08-14T08:54:47Z,True,2026-08-14T08:54:47Z,1473,8000,False,51,BATCH-MTB-20260814-6,SETTLED,2026-08-14T20:54:47Z,2026-08-14T11:54:47Z,180,True,False,0,,IDEMP-CARD-MTB-100430,,PASSED,False,2026-04-19 00:00:00,124,117,False,2,12,685.77,279.76,False,63,10000,0.017,208.91,[],False,WorldPay,WorldPay,2026-08-14 00:00:00,2026-08-14 00:00:00,DDA,MTB0000001,Ironbridge National Bank,405677XXXXXX1294,VISA,DEBIT,CONSUMER,Cascade Point Bank,US,SETTLED,BATCH-MTB-20260814-6,SETL-CARD-MTB-100430,2026-08-14 00:00:00,2026-08-14T11:54:47Z,173.02,4.69,"[{'fee_type': 'DISCOUNT_FEE', 'amount': 3.19, 'currency': 'USD'}, {'fee_type': 'TRANSACTION_FEE', 'amount': 0.66, 'currency': 'USD'}, {'fee_type': 'AUTHORIZATION_FEE', 'amount': 0.23, 'currency': 'USD'}, {'fee_type': 'OTHER_FEE', 'amount': 0.61, 'currency': 'USD'}]",0,USD,168.33,USD,POSTED,POST-MTB-100064983,2026-08-14T11:59:47Z,CREDIT,USD,2026-08-14 00:00:00,LEDG-CARD-MTB-100430,DDA,MTB0000001,NONE,0,USD,168.33,Vertex Commerce Pay,5123580257,MATCHED,2026-08-14T20:54:47Z,0,True,LEDG-CARD-MTB-100430,168.33,168.33,SETL-CARD-MTB-100430,,,False,False,False,5123580257,,,,,,,,,,,,,,,,,,,,,,,,,,,,,,,,,,,,,,,,,,,,,,,,,,,,,,,,,,,,,,,,,,,,,,,,,,,,,,,,,,,,,,,,,,,,,,,,,,,,,,,,,,,,,,,,,,,,,,,,,,,,,,,,,,,,,,,,,,,,,,,,,,,,,,,,,,,,,,,,,,,,,,,,,,,,,,,,,,,
CARD,POST,CARD-MTB-100439,MERCHANT,MERCH-010,EXTERNAL_INDIVIDUAL,EXT-P-5226,CREDIT,MTB-CARD-20260710-448044,CARD-MTB-100439,CARD_PAYMENT,SETTLED,2026-07-10T11:00:22Z,2026-07-10 00:00:00,CARD,DISCOVER,557550XXXXXX4348,CREDIT,COMMERCIAL,MERCH-010,Wrenfield Pharmacy Group LLC,Wrenfield Pharmacy Group,Chicago,MI,39228,US,119.55,USD,APPROVED,QH7BODF,2026-07-10T11:00:22Z,90,CARD_NOT_PRESENT,5544639934057643177631,29917631-QFEKZ5F3U5,ORDER-15062,APPROVED,PENDING,PENDING,PENDING,UNRECONCILED,PASSED,MATCH,MATCH,PASSED,,,[],2026-07-10T11:00:22Z,True,2026-07-10T11:00:22Z,1415,8000,False,0,BATCH-MTB-20260710-4,SETTLED,2026-07-10T23:00:22Z,2026-07-10T15:00:22Z,240,True,False,0,,IDEMP-CARD-MTB-100439,,PASSED,False,2023-06-04 00:00:00,8,1132,False,2,3,449.45,170.85,False,30,10000,0.012,133.74,[],False,WorldPay,WorldPay,2026-07-10 00:00:00,2026-07-10 00:00:00,DDA,MTB0000001,Ironbridge National Bank,557550XXXXXX4348,DISCOVER,CREDIT,COMMERCIAL,Cascade Point Bank,US,SETTLED,BATCH-MTB-20260710-4,SETL-CARD-MTB-100439,2026-07-10 00:00:00,2026-07-10T15:00:22Z,119.55,3.52,"[{'fee_type': 'DISCOUNT_FEE', 'amount': 2.39, 'currency': 'USD'}, {'fee_type': 'TRANSACTION_FEE', 'amount': 0.49, 'currency': 'USD'}, {'fee_type': 'AUTHORIZATION_FEE', 'amount': 0.18, 'currency': 'USD'}, {'fee_type': 'OTHER_FEE', 'amount': 0.46, 'currency': 'USD'}]",0,USD,116.03,USD,POSTED,POST-MTB-832978657,2026-07-10T15:05:22Z,CREDIT,USD,2026-07-10 00:00:00,LEDG-CARD-MTB-100439,DDA,MTB0000001,NONE,0,USD,116.03,Vertex Commerce Pay,4806704660,NOT_YET_RECONCILED,,0,True,LEDG-CARD-MTB-100439,116.03,116.03,SETL-CARD-MTB-100439,,,False,False,False,4806704660,,,,,,,,,,,,,,,,,,,,,,,,,,,,,,,,,,,,,,,,,,,,,,,,,,,,,,,,,,,,,,,,,,,,,,,,,,,,,,,,,,,,,,,,,,,,,,,,,,,,,,,,,,,,,,,,,,,,,,,,,,,,,,,,,,,,,,,,,,,,,,,,,,,,,,,,,,,,,,,,,,,,,,,,,,,,,,,,,,,
CARD,POST,CARD-MTB-100464,MERCHANT,MERCH-002,EXTERNAL_INDIVIDUAL,EXT-P-5419,CREDIT,MTB-CARD-20260804-147117,CARD-MTB-100464,CARD_PAYMENT,SETTLED,2026-08-04T07:35:45Z,2026-08-04 00:00:00,CARD,VISA,433737XXXXXX1262,CREDIT,CONSUMER,MERCH-002,Crestline Office Outfitters LLC,Crestline Office Outfitters,Louisville,OH,50773,US,126.43,USD,APPROVED,5IOGPAS,2026-08-04T07:35:45Z,7,CARD_PRESENT,6409392627144598634442,53771744-4U1OB0ZVWY,ORDER-12831,APPROVED,PENDING,PENDING,PENDING,UNRECONCILED,PASSED,MATCH,MATCH,PASSED,,,[],2026-08-04T07:35:45Z,True,2026-08-04T07:35:45Z,992,8000,False,91,BATCH-MTB-20260804-1,SETTLED,2026-08-05T07:35:45Z,2026-08-04T08:35:45Z,60,True,False,0,,IDEMP-CARD-MTB-100464,,PASSED,False,2025-05-12 00:00:00,181,449,False,5,12,206.62,70.79,False,64,10000,0.013,158.19,[],False,Airwallex,Airwallex,2026-08-04 00:00:00,2026-08-04 00:00:00,DDA,MTB0000001,Ironbridge National Bank,433737XXXXXX1262,VISA,CREDIT,CONSUMER,Cascade Point Bank,US,SETTLED,BATCH-MTB-20260804-1,SETL-CARD-MTB-100464,2026-08-04 00:00:00,2026-08-04T08:35:45Z,126.43,3.03,"[{'fee_type': 'DISCOUNT_FEE', 'amount': 2.06, 'currency': 'USD'}, {'fee_type': 'TRANSACTION_FEE', 'amount': 0.42, 'currency': 'USD'}, {'fee_type': 'AUTHORIZATION_FEE', 'amount': 0.15, 'currency': 'USD'}, {'fee_type': 'OTHER_FEE', 'amount': 0.4, 'currency': 'USD'}]",0,USD,123.4,USD,POSTED,POST-MTB-171700458,2026-08-04T08:40:45Z,CREDIT,USD,2026-08-04 00:00:00,LEDG-CARD-MTB-100464,DDA,MTB0000001,NONE,0,USD,123.4,Vertex Commerce Pay,5123580257,MATCHED,2026-08-05T17:35:45Z,0,True,LEDG-CARD-MTB-100464,123.4,123.4,SETL-CARD-MTB-100464,,,False,False,False,5123580257,,,,,,,,,,,,,,,,,,,,,,,,,,,,,,,,,,,,,,,,,,,,,,,,,,,,,,,,,,,,,,,,,,,,,,,,,,,,,,,,,,,,,,,,,,,,,,,,,,,,,,,,,,,,,,,,,,,,,,,,,,,,,,,,,,,,,,,,,,,,,,,,,,,,,,,,,,,,,,,,,,,,,,,,,,,,,,,,,,,
CARD,POST,CARD-MTB-100414,MERCHANT,MERCH-008,EXTERNAL_INDIVIDUAL,EXT-P-6627,CREDIT,MTB-CARD-20260820-782535,CARD-MTB-100414,CARD_PAYMENT,SETTLED,2026-08-20T02:40:52Z,2026-08-20 00:00:00,CARD,DISCOVER,439292XXXXXX6828,CREDIT,COMMERCIAL,MERCH-008,Amberlane Textiles Co LLC,Amberlane Textiles Co,Atlanta,OH,94447,US,4923.75,USD,APPROVED,CX6XTD1,2026-08-20T02:40:52Z,81,CARD_NOT_PRESENT,9966969260114991869522,86487106-93G8B71ACB,ORDER-87679,APPROVED,PENDING,PENDING,PENDING,UNRECONCILED,PASSED,MATCH,MATCH,PASSED,,,[],2026-08-20T02:40:52Z,True,2026-08-20T02:40:52Z,408,8000,False,0,BATCH-MTB-20260820-1,SETTLED,2026-08-20T06:40:52Z,2026-08-20T04:40:52Z,120,True,False,0,,IDEMP-CARD-MTB-100414,,PASSED,True,2026-08-02 00:00:00,0,18,False,1,9,7216.34,2678.98,False,53,10000,0.492,4503.21,[],False,Airwallex,Airwallex,2026-08-20 00:00:00,2026-08-20 00:00:00,DDA,MTB0000001,Ironbridge National Bank,439292XXXXXX6828,DISCOVER,CREDIT,COMMERCIAL,Summit Ridge Bank,US,SETTLED,BATCH-MTB-20260820-1,SETL-CARD-MTB-100414,2026-08-20 00:00:00,2026-08-20T04:40:52Z,4923.75,83.89,"[{'fee_type': 'DISCOUNT_FEE', 'amount': 57.05, 'currency': 'USD'}, {'fee_type': 'TRANSACTION_FEE', 'amount': 11.74, 'currency': 'USD'}, {'fee_type': 'AUTHORIZATION_FEE', 'amount': 4.19, 'currency': 'USD'}, {'fee_type': 'OTHER_FEE', 'amount': 10.91, 'currency': 'USD'}]",0,USD,4839.86,USD,POSTED,POST-MTB-834345232,2026-08-20T04:45:52Z,CREDIT,USD,2026-08-20 00:00:00,LEDG-CARD-MTB-100414,DDA,MTB0000001,NONE,0,USD,4833.25,BrightLedger Payments,454372367,BREAK,2026-08-21T05:40:52Z,-6.61,False,LEDG-CARD-MTB-100414,4839.86,4833.25,SETL-CARD-MTB-100414,,,False,False,False,454372367,,,,,,,,,,,,,,,,,,,,,,,,,,,,,,,,,,,,,,,,,,,,,,,,,,,,,,,,,,,,,,,,,,,,,,,,,,,,,,,,,,,,,,,,,,,,,,,,,,,,,,,,,,,,,,,,,,,,,,,,,,,,,,,,,,,,,,,,,,,,,,,,,,,,,,,,,,,,,,,,,,,,,,,,,,,,,,,,,,,
CARD,POST,CARD-MTB-100494,MERCHANT,MERCH-010,EXTERNAL_INDIVIDUAL,EXT-P-1753,CREDIT,MTB-CARD-20260723-595838,CARD-MTB-100494,CARD_PAYMENT,SETTLED,2026-07-23T16:00:20Z,2026-07-23 00:00:00,CARD,DISCOVER,514324XXXXXX7214,CREDIT,CONSUMER,MERCH-010,Wrenfield Pharmacy Group LLC,Wrenfield Pharmacy Group,Louisville,NC,58487,US,110.42,USD,APPROVED,UYE11B1,2026-07-23T16:00:20Z,5,CARD_PRESENT,2735523913908613868565,50061200-8Q66ELKBMB,ORDER-55167,APPROVED,PENDING,PENDING,PENDING,UNRECONCILED,PASSED,MATCH,MATCH,PASSED,,,[],2026-07-23T16:00:20Z,True,2026-07-23T16:00:20Z,2527,8000,False,0,BATCH-MTB-20260723-6,SETTLED,2026-07-23T20:00:20Z,2026-07-23T17:00:20Z,60,True,False,0,,IDEMP-CARD-MTB-100494,,PASSED,False,2022-09-26 00:00:00,8,1396,False,2,10,344.97,195.32,False,49,10000,0.011,120.93,[],False,Airwallex,Airwallex,2026-07-23 00:00:00,2026-07-23 00:00:00,DDA,MTB0000001,Cascade Point Bank,514324XXXXXX7214,DISCOVER,CREDIT,CONSUMER,Ironbridge National Bank,US,SETTLED,BATCH-MTB-20260723-6,SETL-CARD-MTB-100494,2026-07-23 00:00:00,2026-07-23T17:00:20Z,110.42,3.72,"[{'fee_type': 'DISCOUNT_FEE', 'amount': 2.53, 'currency': 'USD'}, {'fee_type': 'TRANSACTION_FEE', 'amount': 0.52, 'currency': 'USD'}, {'fee_type': 'AUTHORIZATION_FEE', 'amount': 0.19, 'currency': 'USD'}, {'fee_type': 'OTHER_FEE', 'amount': 0.48, 'currency': 'USD'}]",0,USD,106.7,USD,POSTED,POST-MTB-371288812,2026-07-23T17:05:20Z,CREDIT,USD,2026-07-23 00:00:00,LEDG-CARD-MTB-100494,DDA,MTB0000001,NONE,0,USD,106.7,Vertex Commerce Pay,4806704660,NOT_YET_RECONCILED,,0,True,LEDG-CARD-MTB-100494,106.7,106.7,SETL-CARD-MTB-100494,,,False,False,False,4806704660,,,,,,,,,,,,,,,,,,,,,,,,,,,,,,,,,,,,,,,,,,,,,,,,,,,,,,,,,,,,,,,,,,,,,,,,,,,,,,,,,,,,,,,,,,,,,,,,,,,,,,,,,,,,,,,,,,,,,,,,,,,,,,,,,,,,,,,,,,,,,,,,,,,,,,,,,,,,,,,,,,,,,,,,,,,,,,,,,,,
CARD,POST,CARD-MTB-100434,MERCHANT,MERCH-007,INDIVIDUAL,IND-0094,CREDIT,MTB-CARD-20260703-501334,CARD-MTB-100434,CARD_PAYMENT,SETTLED,2026-07-03T22:41:29Z,2026-07-03 00:00:00,CARD,VISA,490486XXXXXX3781,CREDIT,COMMERCIAL,MERCH-007,Fernbrook Electronics LLC,Fernbrook Electronics,Chicago,GA,92216,US,2413.71,USD,APPROVED,Q5VF9P8,2026-07-03T22:41:29Z,7,CARD_PRESENT,7755280737944011110106,61896189-7XO4P4MXFS,ORDER-14899,APPROVED,PENDING,PENDING,PENDING,UNRECONCILED,PASSED,MATCH,PARTIAL_MATCH,PASSED,,,[],2026-07-03T22:41:29Z,True,2026-07-03T22:41:30Z,2577,8000,False,0,BATCH-MTB-20260704-8,SETTLED,2026-07-03T23:41:29Z,2026-07-04T02:41:29Z,240,True,False,0,,IDEMP-CARD-MTB-100434,,PASSED,False,2024-10-06 00:00:00,150,635,False,1,6,8782.42,5789.19,False,34,10000,0.241,2249.83,[],False,Airwallex,Airwallex,2026-07-04 00:00:00,2026-07-04 00:00:00,DDA,MTB0000001,Ironbridge National Bank,490486XXXXXX3781,VISA,CREDIT,COMMERCIAL,Summit Ridge Bank,US,SETTLED,BATCH-MTB-20260704-8,SETL-CARD-MTB-100434,2026-07-04 00:00:00,2026-07-04T02:41:29Z,2413.71,65.46,"[{'fee_type': 'DISCOUNT_FEE', 'amount': 44.51, 'currency': 'USD'}, {'fee_type': 'TRANSACTION_FEE', 'amount': 9.16, 'currency': 'USD'}, {'fee_type': 'AUTHORIZATION_FEE', 'amount': 3.27, 'currency': 'USD'}, {'fee_type': 'OTHER_FEE', 'amount': 8.52, 'currency': 'USD'}]",0,USD,2348.25,USD,POSTED,POST-MTB-615597562,2026-07-04T02:46:29Z,CREDIT,USD,2026-07-04 00:00:00,LEDG-CARD-MTB-100434,DDA,MTB0000001,NONE,0,USD,2348.25,BrightLedger Payments,702250308,MATCHED,2026-07-04T14:41:29Z,0,True,LEDG-CARD-MTB-100434,2348.25,2348.25,SETL-CARD-MTB-100434,,,False,False,False,702250308,,,,,,,,,,,,,,,,,,,,,,,,,,,,,,,,,,,,,,,,,,,,,,,,,,,,,,,,,,,,,,,,,,,,,,,,,,,,,,,,,,,,,,,,,,,,,,,,,,,,,,,,,,,,,,,,,,,,,,,,,,,,,,,,,,,,,,,,,,,,,,,,,,,,,,,,,,,,,,,,,,,,,,,,,,,,,,,,,,,
CARD,POST,CARD-MTB-100415,MERCHANT,MERCH-007,EXTERNAL_INDIVIDUAL,EXT-P-3303,CREDIT,MTB-CARD-20260723-699624,CARD-MTB-100415,CARD_PAYMENT,SETTLED,2026-07-23T05:48:34Z,2026-07-23 00:00:00,CARD,DISCOVER,557848XXXXXX1672,DEBIT,CONSUMER,MERCH-007,Fernbrook Electronics LLC,Fernbrook Electronics,Atlanta,OH,57984,US,4304.06,USD,APPROVED,FIOKBFB,2026-07-23T05:48:34Z,90,CARD_NOT_PRESENT,8234778638943159188887,68183110-KRVM7O3GTU,ORDER-45045,APPROVED,PENDING,PENDING,PENDING,UNRECONCILED,PASSED,MATCH,MATCH,PASSED,,,[],2026-07-23T05:48:34Z,True,2026-07-23T05:48:35Z,3996,8000,False,0,BATCH-MTB-20260723-2,SETTLED,2026-07-23T17:48:34Z,2026-07-23T11:48:34Z,360,True,False,0,,IDEMP-CARD-MTB-100415,,PASSED,False,2023-08-03 00:00:00,179,1085,False,1,7,11205.27,4283.3,False,41,10000,0.43,4607.61,[],False,Airwallex,Airwallex,2026-07-23 00:00:00,2026-07-23 00:00:00,DDA,MTB0000001,Ironbridge National Bank,557848XXXXXX1672,DISCOVER,DEBIT,CONSUMER,Ironbridge National Bank,US,SETTLED,BATCH-MTB-20260723-2,SETL-CARD-MTB-100415,2026-07-23 00:00:00,2026-07-23T11:48:34Z,4304.06,131.94,"[{'fee_type': 'DISCOUNT_FEE', 'amount': 89.72, 'currency': 'USD'}, {'fee_type': 'TRANSACTION_FEE', 'amount': 18.47, 'currency': 'USD'}, {'fee_type': 'AUTHORIZATION_FEE', 'amount': 6.6, 'currency': 'USD'}, {'fee_type': 'OTHER_FEE', 'amount': 17.15, 'currency': 'USD'}]",0,USD,4172.12,USD,POSTED,POST-MTB-532341463,2026-07-23T11:53:34Z,CREDIT,USD,2026-07-23 00:00:00,LEDG-CARD-MTB-100415,DDA,MTB0000001,NONE,0,USD,4172.12,BrightLedger Payments,702250308,NOT_YET_RECONCILED,,0,True,LEDG-CARD-MTB-100415,4172.12,4172.12,SETL-CARD-MTB-100415,,,False,False,False,702250308,,,,,,,,,,,,,,,,,,,,,,,,,,,,,,,,,,,,,,,,,,,,,,,,,,,,,,,,,,,,,,,,,,,,,,,,,,,,,,,,,,,,,,,,,,,,,,,,,,,,,,,,,,,,,,,,,,,,,,,,,,,,,,,,,,,,,,,,,,,,,,,,,,,,,,,,,,,,,,,,,,,,,,,,,,,,,,,,,,,
CARD,POST,CARD-MTB-100454,MERCHANT,MERCH-010,EXTERNAL_INDIVIDUAL,EXT-P-4526,CREDIT,MTB-CARD-20260823-279359,CARD-MTB-100454,CARD_PAYMENT,SETTLED,2026-08-23T11:44:19Z,2026-08-23 00:00:00,CARD,VISA,418550XXXXXX5754,CREDIT,COMMERCIAL,MERCH-010,Wrenfield Pharmacy Group LLC,Wrenfield Pharmacy Group,Atlanta,OH,63945,US,34.09,USD,APPROVED,38F8BIF,2026-08-23T11:44:19Z,7,CARD_PRESENT,0534361694771206574702,73240990-91CWCX0J8Y,ORDER-79275,APPROVED,PENDING,PENDING,PENDING,UNRECONCILED,PASSED,MATCH,MATCH,PASSED,,,[],2026-08-23T11:44:19Z,True,2026-08-23T11:44:20Z,92,8000,False,0,BATCH-MTB-20260823-9,SETTLED,2026-08-23T12:44:19Z,2026-08-23T12:44:19Z,60,True,False,0,,IDEMP-CARD-MTB-100454,,PASSED,False,2024-12-31 00:00:00,111,600,False,2,3,126.15,77.58,False,23,10000,0.003,28.37,[],False,WorldPay,WorldPay,2026-08-23 00:00:00,2026-08-23 00:00:00,DDA,MTB0000001,Summit Ridge Bank,418550XXXXXX5754,VISA,CREDIT,COMMERCIAL,Summit Ridge Bank,US,SETTLED,BATCH-MTB-20260823-9,SETL-CARD-MTB-100454,2026-08-23 00:00:00,2026-08-23T12:44:19Z,34.09,1.05,"[{'fee_type': 'DISCOUNT_FEE', 'amount': 0.71, 'currency': 'USD'}, {'fee_type': 'TRANSACTION_FEE', 'amount': 0.15, 'currency': 'USD'}, {'fee_type': 'AUTHORIZATION_FEE', 'amount': 0.05, 'currency': 'USD'}, {'fee_type': 'OTHER_FEE', 'amount': 0.14, 'currency': 'USD'}]",0,USD,33.04,USD,POSTED,POST-MTB-368325385,2026-08-23T12:49:19Z,CREDIT,USD,2026-08-23 00:00:00,LEDG-CARD-MTB-100454,DDA,MTB0000001,NONE,0,USD,33.04,Vertex Commerce Pay,4806704660,MATCHED,2026-08-23T20:44:19Z,0,True,LEDG-CARD-MTB-100454,33.04,33.04,SETL-CARD-MTB-100454,,,False,False,False,4806704660,,,,,,,,,,,,,,,,,,,,,,,,,,,,,,,,,,,,,,,,,,,,,,,,,,,,,,,,,,,,,,,,,,,,,,,,,,,,,,,,,,,,,,,,,,,,,,,,,,,,,,,,,,,,,,,,,,,,,,,,,,,,,,,,,,,,,,,,,,,,,,,,,,,,,,,,,,,,,,,,,,,,,,,,,,,,,,,,,,,
CARD,POST,CARD-MTB-100508,MERCHANT,MERCH-010,EXTERNAL_INDIVIDUAL,EXT-P-5909,CREDIT,MTB-CARD-20260816-234132,CARD-MTB-100508,CARD_PAYMENT,SETTLED,2026-08-16T03:04:13Z,2026-08-16 00:00:00,CARD,DISCOVER,523443XXXXXX1022,CREDIT,COMMERCIAL,MERCH-010,Wrenfield Pharmacy Group LLC,Wrenfield Pharmacy Group,Cleveland,GA,84199,US,3788.88,USD,APPROVED,CUF5BNI,2026-08-16T03:04:13Z,5,CARD_PRESENT,5423199380061530346088,49090614-S5VIP57CW3,ORDER-76094,APPROVED,PENDING,PENDING,PENDING,UNRECONCILED,PASSED,MATCH,MATCH,PASSED,,,[],2026-08-16T03:04:13Z,True,2026-08-16T03:04:14Z,3638,8000,False,0,BATCH-MTB-20260816-4,SETTLED,2026-08-17T03:04:13Z,2026-08-16T10:04:13Z,420,True,True,2,CARD-MTB-100438,IDEMP-CARD-MTB-100438,,FLAGGED,False,2024-02-28 00:00:00,162,900,False,5,14,5755.6,3885.68,False,68,10000,0.379,4013.52,[],False,Airwallex,Airwallex,2026-08-16 00:00:00,2026-08-16 00:00:00,DDA,MTB0000001,Cascade Point Bank,523443XXXXXX1022,DISCOVER,CREDIT,COMMERCIAL,Ironbridge National Bank,US,SETTLED,BATCH-MTB-20260816-4,SETL-CARD-MTB-100508,2026-08-16 00:00:00,2026-08-16T10:04:13Z,3788.88,94.7,"[{'fee_type': 'DISCOUNT_FEE', 'amount': 64.4, 'currency': 'USD'}, {'fee_type': 'TRANSACTION_FEE', 'amount': 13.26, 'currency': 'USD'}, {'fee_type': 'AUTHORIZATION_FEE', 'amount': 4.74, 'currency': 'USD'}, {'fee_type': 'OTHER_FEE', 'amount': 12.3, 'currency': 'USD'}]",0,USD,3694.18,USD,POSTED,POST-MTB-404818353,2026-08-16T10:09:13Z,CREDIT,USD,2026-08-16 00:00:00,LEDG-CARD-MTB-100508,DDA,MTB0000001,NONE,0,USD,3694.18,Vertex Commerce Pay,4806704660,BREAK,2026-08-16T23:04:13Z,0,True,LEDG-CARD-MTB-100508,3694.18,3694.18,SETL-CARD-MTB-100508,,,False,False,False,4806704660,,,,,,,,,,,,,,,,,,,,,,,,,,,,,,,,,,,,,,,,,,,,,,,,,,,,,,,,,,,,,,,,,,,,,,,,,,,,,,,,,,,,,,,,,,,,,,,,,,,,,,,,,,,,,,,,,,,,,,,,,,,,,,,,,,,,,,,,,,,,,,,,,,,,,,,,,,,,,,,,,,,,,,,,,,,,,,,,,,,
CARD,POST,CARD-MTB-100433,MERCHANT,MERCH-010,EXTERNAL_INDIVIDUAL,EXT-P-9146,CREDIT,MTB-CARD-20260816-776539,CARD-MTB-100433,CARD_PAYMENT,SETTLED,2026-08-16T14:00:19Z,2026-08-16 00:00:00,CARD,MASTERCARD,464501XXXXXX9635,CREDIT,COMMERCIAL,MERCH-010,Wrenfield Pharmacy Group LLC,Wrenfield Pharmacy Group,Indianapolis,MI,99902,US,3633.44,USD,APPROVED,8CERFNR,2026-08-16T14:00:19Z,90,CARD_NOT_PRESENT,3382298422437721560333,67403035-QX3DQO1A1S,ORDER-39974,APPROVED,PENDING,PENDING,PENDING,UNRECONCILED,PASSED,NO_MATCH,MATCH,PASSED,,,[],2026-08-16T14:00:19Z,True,2026-08-16T14:00:20Z,400,8000,False,5,BATCH-MTB-20260816-6,SETTLED,2026-08-18T14:00:19Z,2026-08-16T20:00:19Z,360,True,False,0,,IDEMP-CARD-MTB-100433,,PASSED,True,2026-08-09 00:00:00,0,7,True,5,7,16043.09,12034.21,False,36,10000,0.363,4507.87,[],False,WorldPay,WorldPay,2026-08-16 00:00:00,2026-08-16 00:00:00,DDA,MTB0000001,Cascade Point Bank,464501XXXXXX9635,MASTERCARD,CREDIT,COMMERCIAL,Summit Ridge Bank,US,SETTLED,BATCH-MTB-20260816-6,SETL-CARD-MTB-100433,2026-08-16 00:00:00,2026-08-16T20:00:19Z,3633.44,72.55,"[{'fee_type': 'DISCOUNT_FEE', 'amount': 49.33, 'currency': 'USD'}, {'fee_type': 'TRANSACTION_FEE', 'amount': 10.16, 'currency': 'USD'}, {'fee_type': 'AUTHORIZATION_FEE', 'amount': 3.63, 'currency': 'USD'}, {'fee_type': 'OTHER_FEE', 'amount': 9.43, 'currency': 'USD'}]",0,USD,3560.89,USD,POSTED,POST-MTB-134611497,2026-08-16T20:05:19Z,CREDIT,USD,2026-08-16 00:00:00,LEDG-CARD-MTB-100433,DDA,MTB0000001,NONE,0,USD,3560.89,Vertex Commerce Pay,4806704660,NOT_YET_RECONCILED,,0,True,LEDG-CARD-MTB-100433,3560.89,3560.89,SETL-CARD-MTB-100433,,,False,False,True,4806704660,,,,,,,,,,,,,,,,,,,,,,,,,,,,,,,,,,,,,,,,,,,,,,,,,,,,,,,,,,,,,,,,,,,,,,,,,,,,,,,,,,,,,,,,,,,,,,,,,,,,,,,,,,,,,,,,,,,,,,,,,,,,,,,,,,,,,,,,,,,,,,,,,,,,,,,,,,,,,,,,,,,,,,,,,,,,,,,,,,,
CARD,POST,CARD-MTB-100455,MERCHANT,MERCH-009,EXTERNAL_INDIVIDUAL,EXT-P-4659,CREDIT,MTB-CARD-20260721-456570,CARD-MTB-100455,CARD_PAYMENT,SETTLED,2026-07-21T08:15:59Z,2026-07-21 00:00:00,CARD,MASTERCARD,476091XXXXXX5901,DEBIT,CONSUMER,MERCH-009,Copperfield Building Supply LLC,Copperfield Building Supply,Atlanta,OH,78336,US,922.04,USD,APPROVED,OBSZC0S,2026-07-21T08:15:59Z,81,CARD_NOT_PRESENT,9490273605428555160557,60827446-C3DPTVJVDQ,ORDER-67374,APPROVED,PENDING,PENDING,PENDING,UNRECONCILED,PASSED,MATCH,MATCH,PASSED,,,[],2026-07-21T08:15:59Z,True,2026-07-21T08:16:00Z,2835,8000,False,0,BATCH-MTB-20260721-6,SETTLED,2026-07-22T08:15:59Z,2026-07-21T10:15:59Z,120,True,False,0,,IDEMP-CARD-MTB-100455,,PASSED,False,2023-01-30 00:00:00,193,1268,False,2,12,1648.06,852.21,True,61,10000,0.092,1075.86,[],False,WorldPay,WorldPay,2026-07-21 00:00:00,2026-07-21 00:00:00,DDA,MTB0000001,Cascade Point Bank,476091XXXXXX5901,MASTERCARD,DEBIT,CONSUMER,Summit Ridge Bank,US,SETTLED,BATCH-MTB-20260721-6,SETL-CARD-MTB-100455,2026-07-21 00:00:00,2026-07-21T10:15:59Z,922.04,22.36,"[{'fee_type': 'DISCOUNT_FEE', 'amount': 15.2, 'currency': 'USD'}, {'fee_type': 'TRANSACTION_FEE', 'amount': 3.13, 'currency': 'USD'}, {'fee_type': 'AUTHORIZATION_FEE', 'amount': 1.12, 'currency': 'USD'}, {'fee_type': 'OTHER_FEE', 'amount': 2.91, 'currency': 'USD'}]",0,USD,899.68,USD,POSTED,POST-MTB-971508229,2026-07-21T10:20:59Z,CREDIT,USD,2026-07-21 00:00:00,LEDG-CARD-MTB-100455,DDA,MTB0000001,OPEN,542.81,USD,899.68,Northstar Payment Solutions,9446335263,MATCHED,2026-07-22T15:15:59Z,0,True,LEDG-CARD-MTB-100455,899.68,899.68,SETL-CARD-MTB-100455,,,True,False,False,9446335263,,,,,,,,,,,,,,,,,,,,,,,,,,,,,,,,,,,,,,,,,,,,,,,,,,,,,,,,,,,,,,,,,,,,,,,,,,,,,,,,,,,,,,,,,,,,,,,,,,,,,,,,,,,,,,,,,,,,,,,,,,,,,,,,,,,,,,,,,,,,,,,,,,,,,,,,,,,,,,,,,,,,,,,,,,,,,,,,,,,
CARD,POST,CARD-MTB-100461,MERCHANT,MERCH-005,EXTERNAL_INDIVIDUAL,EXT-P-1004,CREDIT,MTB-CARD-20260815-543470,CARD-MTB-100461,CARD_PAYMENT,SETTLED,2026-08-15T07:14:27Z,2026-08-15 00:00:00,CARD,AMEX,461809XXXXXX8628,CREDIT,CONSUMER,MERCH-005,Solstice Digital Print LLC,Solstice Digital Print,Cleveland,IN,22287,US,151.33,USD,APPROVED,EW8DLKI,2026-08-15T07:14:27Z,7,CARD_PRESENT,5309794413553973309392,44062990-IALXOV79DU,ORDER-97849,APPROVED,PENDING,PENDING,PENDING,UNRECONCILED,PASSED,MATCH,MATCH,PASSED,,,[],2026-08-15T07:14:27Z,True,2026-08-15T07:14:28Z,3814,8000,False,91,BATCH-MTB-20260815-4,SETTLED,2026-08-17T07:14:27Z,2026-08-15T09:14:27Z,120,True,False,0,,IDEMP-CARD-MTB-100461,,PASSED,False,2024-11-10 00:00:00,182,643,False,1,5,574.9,211.43,False,39,10000,0.015,192,[],False,Airwallex,Airwallex,2026-08-15 00:00:00,2026-08-15 00:00:00,DDA,MTB0000001,Cascade Point Bank,461809XXXXXX8628,AMEX,CREDIT,CONSUMER,Summit Ridge Bank,US,SETTLED,BATCH-MTB-20260815-4,SETL-CARD-MTB-100461,2026-08-15 00:00:00,2026-08-15T09:14:27Z,151.33,2.38,"[{'fee_type': 'DISCOUNT_FEE', 'amount': 1.62, 'currency': 'USD'}, {'fee_type': 'TRANSACTION_FEE', 'amount': 0.33, 'currency': 'USD'}, {'fee_type': 'AUTHORIZATION_FEE', 'amount': 0.12, 'currency': 'USD'}, {'fee_type': 'OTHER_FEE', 'amount': 0.31, 'currency': 'USD'}]",0,USD,148.95,USD,POSTED,POST-MTB-139059392,2026-08-15T09:19:27Z,CREDIT,USD,2026-08-15 00:00:00,LEDG-CARD-MTB-100461,DDA,MTB0000001,NONE,0,USD,148.95,Meridian Trust Bank,2260323791,MATCHED,2026-08-16T03:14:27Z,0,True,LEDG-CARD-MTB-100461,148.95,148.95,SETL-CARD-MTB-100461,,,False,False,False,2260323791,,,,,,,,,,,,,,,,,,,,,,,,,,,,,,,,,,,,,,,,,,,,,,,,,,,,,,,,,,,,,,,,,,,,,,,,,,,,,,,,,,,,,,,,,,,,,,,,,,,,,,,,,,,,,,,,,,,,,,,,,,,,,,,,,,,,,,,,,,,,,,,,,,,,,,,,,,,,,,,,,,,,,,,,,,,,,,,,,,,
CARD,POST,CARD-MTB-100471,MERCHANT,MERCH-006,EXTERNAL_INDIVIDUAL,EXT-P-2905,CREDIT,MTB-CARD-20260712-311173,CARD-MTB-100471,CARD_PAYMENT,SETTLED,2026-07-12T11:34:54Z,2026-07-12 00:00:00,CARD,VISA,439921XXXXXX8795,DEBIT,CONSUMER,MERCH-006,Redgate Wholesale Foods LLC,Redgate Wholesale Foods,Nashville,OH,12804,US,147.82,USD,APPROVED,XXCPS1X,2026-07-12T11:34:54Z,5,CARD_PRESENT,5449740135025045827049,89254154-JHWWCX81IV,ORDER-42954,APPROVED,PENDING,PENDING,PENDING,UNRECONCILED,PASSED,MATCH,MATCH,PASSED,,,[],2026-07-12T11:34:54Z,True,2026-07-12T11:34:55Z,685,8000,False,0,BATCH-MTB-20260712-5,SETTLED,2026-07-13T11:34:54Z,2026-07-12T12:34:54Z,60,True,False,0,,IDEMP-CARD-MTB-100471,,PASSED,False,2024-02-13 00:00:00,175,880,False,1,4,469.87,218.03,False,28,10000,0.015,146.41,[],False,Airwallex,Airwallex,2026-07-12 00:00:00,2026-07-12 00:00:00,DDA,MTB0000001,Summit Ridge Bank,439921XXXXXX8795,VISA,DEBIT,CONSUMER,Cascade Point Bank,US,SETTLED,BATCH-MTB-20260712-5,SETL-CARD-MTB-100471,2026-07-12 00:00:00,2026-07-12T12:34:54Z,147.82,2.8,"[{'fee_type': 'DISCOUNT_FEE', 'amount': 1.9, 'currency': 'USD'}, {'fee_type': 'TRANSACTION_FEE', 'amount': 0.39, 'currency': 'USD'}, {'fee_type': 'AUTHORIZATION_FEE', 'amount': 0.14, 'currency': 'USD'}, {'fee_type': 'OTHER_FEE', 'amount': 0.37, 'currency': 'USD'}]",0,USD,145.02,USD,POSTED,POST-MTB-220357702,2026-07-12T12:39:54Z,CREDIT,USD,2026-07-12 00:00:00,LEDG-CARD-MTB-100471,DDA,MTB0000001,NONE,0,USD,145.02,Meridian Trust Bank,3264421990,NOT_YET_RECONCILED,,0,True,LEDG-CARD-MTB-100471,145.02,145.02,SETL-CARD-MTB-100471,,,False,False,False,3264421990,,,,,,,,,,,,,,,,,,,,,,,,,,,,,,,,,,,,,,,,,,,,,,,,,,,,,,,,,,,,,,,,,,,,,,,,,,,,,,,,,,,,,,,,,,,,,,,,,,,,,,,,,,,,,,,,,,,,,,,,,,,,,,,,,,,,,,,,,,,,,,,,,,,,,,,,,,,,,,,,,,,,,,,,,,,,,,,,,,,
CARD,POST,CARD-MTB-100460,MERCHANT,MERCH-007,INDIVIDUAL,IND-0096,CREDIT,MTB-CARD-20260724-776961,CARD-MTB-100460,CARD_PAYMENT,SETTLED,2026-07-24T12:31:14Z,2026-07-24 00:00:00,CARD,DISCOVER,565954XXXXXX4554,CREDIT,COMMERCIAL,MERCH-007,Fernbrook Electronics LLC,Fernbrook Electronics,Detroit,KY,23951,US,1884.1,USD,APPROVED,D5KYVET,2026-07-24T12:31:14Z,90,CARD_NOT_PRESENT,7895267317207467484745,80070107-RPDNPMHLNR,ORDER-31150,APPROVED,PENDING,PENDING,PENDING,UNRECONCILED,PASSED,MATCH,MATCH,PASSED,,,[],2026-07-24T12:31:14Z,True,2026-07-24T12:31:14Z,2865,8000,False,0,BATCH-MTB-20260724-9,SETTLED,2026-07-24T16:31:14Z,2026-07-24T18:31:14Z,360,True,False,0,,IDEMP-CARD-MTB-100460,,PASSED,False,2023-05-03 00:00:00,20,1178,False,1,7,3316.74,1158.25,False,43,10000,0.188,1767.16,[],False,WorldPay,WorldPay,2026-07-24 00:00:00,2026-07-24 00:00:00,DDA,MTB0000001,Ironbridge National Bank,565954XXXXXX4554,DISCOVER,CREDIT,COMMERCIAL,Cascade Point Bank,US,SETTLED,BATCH-MTB-20260724-9,SETL-CARD-MTB-100460,2026-07-24 00:00:00,2026-07-24T18:31:14Z,1884.1,32.44,"[{'fee_type': 'DISCOUNT_FEE', 'amount': 22.06, 'currency': 'USD'}, {'fee_type': 'TRANSACTION_FEE', 'amount': 4.54, 'currency': 'USD'}, {'fee_type': 'AUTHORIZATION_FEE', 'amount': 1.62, 'currency': 'USD'}, {'fee_type': 'OTHER_FEE', 'amount': 4.22, 'currency': 'USD'}]",0,USD,1851.66,USD,POSTED,POST-MTB-302338955,2026-07-24T18:36:14Z,CREDIT,USD,2026-07-24 00:00:00,LEDG-CARD-MTB-100460,DDA,MTB0000001,NONE,0,USD,1851.66,BrightLedger Payments,702250308,MATCHED,2026-07-25T23:31:14Z,0,True,LEDG-CARD-MTB-100460,1851.66,1851.66,SETL-CARD-MTB-100460,,,False,False,False,702250308,,,,,,,,,,,,,,,,,,,,,,,,,,,,,,,,,,,,,,,,,,,,,,,,,,,,,,,,,,,,,,,,,,,,,,,,,,,,,,,,,,,,,,,,,,,,,,,,,,,,,,,,,,,,,,,,,,,,,,,,,,,,,,,,,,,,,,,,,,,,,,,,,,,,,,,,,,,,,,,,,,,,,,,,,,,,,,,,,,,
CARD,POST,CARD-MTB-100458,MERCHANT,MERCH-002,EXTERNAL_INDIVIDUAL,EXT-P-1123,CREDIT,MTB-CARD-20260710-937568,CARD-MTB-100458,CARD_PAYMENT,SETTLED,2026-07-10T10:12:49Z,2026-07-10 00:00:00,CARD,VISA,569413XXXXXX6590,DEBIT,CONSUMER,MERCH-002,Crestline Office Outfitters LLC,Crestline Office Outfitters,Denver,IL,91791,US,61.56,USD,APPROVED,FB1SI9V,2026-07-10T10:12:49Z,81,CARD_NOT_PRESENT,4414159748748591555188,58748561-M7SKT68N59,ORDER-43907,APPROVED,PENDING,PENDING,PENDING,UNRECONCILED,PASSED,MATCH,PARTIAL_MATCH,PASSED,,,[],2026-07-10T10:12:49Z,True,2026-07-10T10:12:49Z,718,8000,False,51,BATCH-MTB-20260710-6,SETTLED,2026-07-10T22:12:49Z,2026-07-10T11:12:49Z,60,True,False,0,,IDEMP-CARD-MTB-100458,,PASSED,False,2025-02-07 00:00:00,45,518,False,1,5,194.95,76.44,False,38,10000,0.006,79.75,[],False,WorldPay,WorldPay,2026-07-10 00:00:00,2026-07-10 00:00:00,DDA,MTB0000001,Cascade Point Bank,569413XXXXXX6590,VISA,DEBIT,CONSUMER,Summit Ridge Bank,US,SETTLED,BATCH-MTB-20260710-6,SETL-CARD-MTB-100458,2026-07-10 00:00:00,2026-07-10T11:12:49Z,61.56,1.12,"[{'fee_type': 'DISCOUNT_FEE', 'amount': 0.76, 'currency': 'USD'}, {'fee_type': 'TRANSACTION_FEE', 'amount': 0.16, 'currency': 'USD'}, {'fee_type': 'AUTHORIZATION_FEE', 'amount': 0.06, 'currency': 'USD'}, {'fee_type': 'OTHER_FEE', 'amount': 0.14, 'currency': 'USD'}]",0,USD,60.44,USD,POSTED,POST-MTB-191437540,2026-07-10T11:17:49Z,CREDIT,USD,2026-07-10 00:00:00,LEDG-CARD-MTB-100458,DDA,MTB0000001,NONE,0,USD,60.44,Vertex Commerce Pay,5123580257,MATCHED,2026-07-11T23:12:49Z,0,True,LEDG-CARD-MTB-100458,60.44,60.44,SETL-CARD-MTB-100458,,,False,False,False,5123580257,,,,,,,,,,,,,,,,,,,,,,,,,,,,,,,,,,,,,,,,,,,,,,,,,,,,,,,,,,,,,,,,,,,,,,,,,,,,,,,,,,,,,,,,,,,,,,,,,,,,,,,,,,,,,,,,,,,,,,,,,,,,,,,,,,,,,,,,,,,,,,,,,,,,,,,,,,,,,,,,,,,,,,,,,,,,,,,,,,,
CARD,POST,CARD-MTB-100468,MERCHANT,MERCH-003,EXTERNAL_INDIVIDUAL,EXT-P-8101,CREDIT,MTB-CARD-20260706-967813,CARD-MTB-100468,CARD_PAYMENT,SETTLED,2026-07-06T06:23:54Z,2026-07-06 00:00:00,CARD,MASTERCARD,463451XXXXXX7353,DEBIT,CONSUMER,MERCH-003,Harbor & Vine Grocers LLC,Harbor & Vine Grocers,Denver,IN,42907,US,117.23,USD,APPROVED,OUXILTM,2026-07-06T06:23:54Z,5,CARD_PRESENT,0211857723473946479133,27985718-SI6K5YRD3G,ORDER-34299,APPROVED,PENDING,PENDING,PENDING,UNRECONCILED,PASSED,NO_MATCH,MATCH,PASSED,,,[],2026-07-06T06:23:54Z,True,2026-07-06T06:23:54Z,1108,8000,False,5,BATCH-MTB-20260706-2,SETTLED,2026-07-06T10:23:54Z,2026-07-06T14:23:54Z,480,True,False,0,,IDEMP-CARD-MTB-100468,,PASSED,False,2022-06-19 00:00:00,145,1478,False,5,15,500.52,224.92,False,76,10000,0.012,131.8,[],False,Airwallex,Airwallex,2026-07-06 00:00:00,2026-07-06 00:00:00,DDA,MTB0000001,Ironbridge National Bank,463451XXXXXX7353,MASTERCARD,DEBIT,CONSUMER,Cascade Point Bank,US,SETTLED,BATCH-MTB-20260706-2,SETL-CARD-MTB-100468,2026-07-06 00:00:00,2026-07-06T14:23:54Z,117.23,1.93,"[{'fee_type': 'DISCOUNT_FEE', 'amount': 1.31, 'currency': 'USD'}, {'fee_type': 'TRANSACTION_FEE', 'amount': 0.27, 'currency': 'USD'}, {'fee_type': 'AUTHORIZATION_FEE', 'amount': 0.1, 'currency': 'USD'}, {'fee_type': 'OTHER_FEE', 'amount': 0.25, 'currency': 'USD'}]",0,USD,115.3,USD,POSTED,POST-MTB-995107295,2026-07-06T14:28:54Z,CREDIT,USD,2026-07-06 00:00:00,LEDG-CARD-MTB-100468,DDA,MTB0000001,NONE,0,USD,115.3,Northstar Payment Solutions,8112126311,MATCHED,2026-07-07T14:23:54Z,0,True,LEDG-CARD-MTB-100468,115.3,115.3,SETL-CARD-MTB-100468,,,False,False,False,8112126311,,,,,,,,,,,,,,,,,,,,,,,,,,,,,,,,,,,,,,,,,,,,,,,,,,,,,,,,,,,,,,,,,,,,,,,,,,,,,,,,,,,,,,,,,,,,,,,,,,,,,,,,,,,,,,,,,,,,,,,,,,,,,,,,,,,,,,,,,,,,,,,,,,,,,,,,,,,,,,,,,,,,,,,,,,,,,,,,,,,
CARD,POST,CARD-MTB-100469,MERCHANT,MERCH-001,EXTERNAL_INDIVIDUAL,EXT-P-4866,CREDIT,MTB-CARD-20260706-559631,CARD-MTB-100469,CARD_PAYMENT,SETTLED,2026-07-06T05:17:12Z,2026-07-06 00:00:00,CARD,MASTERCARD,436764XXXXXX1832,DEBIT,COMMERCIAL,MERCH-001,Bluepeak Hardware Supply LLC,Bluepeak Hardware Supply,Cleveland,IL,55964,US,164.05,USD,APPROVED,QSTM9LT,2026-07-06T05:17:12Z,7,CARD_PRESENT,0735569579570140903716,26721100-A845ROD612,ORDER-80657,APPROVED,PENDING,PENDING,PENDING,UNRECONCILED,PASSED,MATCH,MATCH,PASSED,,,[],2026-07-06T05:17:12Z,True,2026-07-06T05:17:13Z,2635,8000,False,0,BATCH-MTB-20260706-5,SETTLED,2026-07-06T09:17:12Z,2026-07-06T13:17:12Z,480,True,False,0,,IDEMP-CARD-MTB-100469,,PASSED,True,2026-06-18 00:00:00,0,18,True,1,11,498.88,173.54,True,60,10000,0.016,131.52,[],False,Airwallex,Airwallex,2026-07-06 00:00:00,2026-07-06 00:00:00,DDA,MTB0000001,Ironbridge National Bank,436764XXXXXX1832,MASTERCARD,DEBIT,COMMERCIAL,Ironbridge National Bank,US,SETTLED,BATCH-MTB-20260706-5,SETL-CARD-MTB-100469,2026-07-06 00:00:00,2026-07-06T13:17:12Z,164.05,4.31,"[{'fee_type': 'DISCOUNT_FEE', 'amount': 2.93, 'currency': 'USD'}, {'fee_type': 'TRANSACTION_FEE', 'amount': 0.6, 'currency': 'USD'}, {'fee_type': 'AUTHORIZATION_FEE', 'amount': 0.22, 'currency': 'USD'}, {'fee_type': 'OTHER_FEE', 'amount': 0.56, 'currency': 'USD'}]",0,USD,159.74,USD,POSTED,POST-MTB-796654175,2026-07-06T13:22:12Z,CREDIT,USD,2026-07-06 00:00:00,LEDG-CARD-MTB-100469,DDA,MTB0000001,OPEN,62.65,USD,159.74,Meridian Trust Bank,2813398050,MATCHED,2026-07-07T16:17:12Z,0,True,LEDG-CARD-MTB-100469,159.74,159.74,SETL-CARD-MTB-100469,,,True,False,True,2813398050,,,,,,,,,,,,,,,,,,,,,,,,,,,,,,,,,,,,,,,,,,,,,,,,,,,,,,,,,,,,,,,,,,,,,,,,,,,,,,,,,,,,,,,,,,,,,,,,,,,,,,,,,,,,,,,,,,,,,,,,,,,,,,,,,,,,,,,,,,,,,,,,,,,,,,,,,,,,,,,,,,,,,,,,,,,,,,,,,,,
CARD,POST,CARD-MTB-100497,MERCHANT,MERCH-007,EXTERNAL_INDIVIDUAL,EXT-P-6388,CREDIT,MTB-CARD-20260801-747042,CARD-MTB-100497,CARD_PAYMENT,SETTLED,2026-08-01T08:55:59Z,2026-08-01 00:00:00,CARD,VISA,528395XXXXXX1763,DEBIT,COMMERCIAL,MERCH-007,Fernbrook Electronics LLC,Fernbrook Electronics,Chicago,GA,57288,US,4033.53,USD,APPROVED,RGR109S,2026-08-01T08:55:59Z,81,CARD_NOT_PRESENT,4921804100605147684675,49097968-BVEABGWJV6,ORDER-96343,APPROVED,PENDING,PENDING,PENDING,UNRECONCILED,PASSED,MATCH,MATCH,PASSED,,,[],2026-08-01T08:55:59Z,True,2026-08-01T08:56:00Z,2532,8000,False,0,BATCH-MTB-20260801-5,SETTLED,2026-08-02T08:55:59Z,2026-08-01T09:55:59Z,60,True,False,0,,IDEMP-CARD-MTB-100497,,PASSED,False,2022-11-28 00:00:00,89,1342,False,1,11,17282.41,13509.67,False,50,10000,0.403,3811.09,[],False,Airwallex,Airwallex,2026-08-01 00:00:00,2026-08-01 00:00:00,DDA,MTB0000001,Summit Ridge Bank,528395XXXXXX1763,VISA,DEBIT,COMMERCIAL,Ironbridge National Bank,US,SETTLED,BATCH-MTB-20260801-5,SETL-CARD-MTB-100497,2026-08-01 00:00:00,2026-08-01T09:55:59Z,4033.53,104.01,"[{'fee_type': 'DISCOUNT_FEE', 'amount': 70.73, 'currency': 'USD'}, {'fee_type': 'TRANSACTION_FEE', 'amount': 14.56, 'currency': 'USD'}, {'fee_type': 'AUTHORIZATION_FEE', 'amount': 5.2, 'currency': 'USD'}, {'fee_type': 'OTHER_FEE', 'amount': 13.52, 'currency': 'USD'}]",0,USD,3929.52,USD,POSTED,POST-MTB-870151461,2026-08-01T10:00:59Z,CREDIT,USD,2026-08-01 00:00:00,LEDG-CARD-MTB-100497,DDA,MTB0000001,NONE,0,USD,3929.52,BrightLedger Payments,702250308,MATCHED,2026-08-01T17:55:59Z,0,True,LEDG-CARD-MTB-100497,3929.52,3929.52,SETL-CARD-MTB-100497,,,False,False,False,702250308,,,,,,,,,,,,,,,,,,,,,,,,,,,,,,,,,,,,,,,,,,,,,,,,,,,,,,,,,,,,,,,,,,,,,,,,,,,,,,,,,,,,,,,,,,,,,,,,,,,,,,,,,,,,,,,,,,,,,,,,,,,,,,,,,,,,,,,,,,,,,,,,,,,,,,,,,,,,,,,,,,,,,,,,,,,,,,,,,,,
CARD,POST,CARD-MTB-100444,MERCHANT,MERCH-003,EXTERNAL_INDIVIDUAL,EXT-P-5416,CREDIT,MTB-CARD-20260721-569143,CARD-MTB-100444,CARD_PAYMENT,SETTLED,2026-07-21T06:58:36Z,2026-07-21 00:00:00,CARD,VISA,594616XXXXXX3231,DEBIT,CONSUMER,MERCH-003,Harbor & Vine Grocers LLC,Harbor & Vine Grocers,Indianapolis,GA,63347,US,4236.81,USD,APPROVED,19YDHMW,2026-07-21T06:58:36Z,7,CARD_PRESENT,7288116351011795870450,25790026-CSEEDPANPQ,ORDER-77583,APPROVED,PENDING,PENDING,PENDING,UNRECONCILED,PASSED,MATCH,PARTIAL_MATCH,PASSED,,,[],2026-07-21T06:58:36Z,True,2026-07-21T06:58:36Z,1721,8000,False,51,BATCH-MTB-20260721-2,SETTLED,2026-07-21T10:58:36Z,2026-07-21T13:58:36Z,420,True,False,0,,IDEMP-CARD-MTB-100444,,PASSED,False,2024-10-18 00:00:00,13,641,False,5,7,16407.02,8686.31,False,43,10000,0.424,4003.32,[],False,WorldPay,WorldPay,2026-07-21 00:00:00,2026-07-21 00:00:00,DDA,MTB0000001,Ironbridge National Bank,594616XXXXXX3231,VISA,DEBIT,CONSUMER,Summit Ridge Bank,US,SETTLED,BATCH-MTB-20260721-2,SETL-CARD-MTB-100444,2026-07-21 00:00:00,2026-07-21T13:58:36Z,4236.81,130.13,"[{'fee_type': 'DISCOUNT_FEE', 'amount': 88.49, 'currency': 'USD'}, {'fee_type': 'TRANSACTION_FEE', 'amount': 18.22, 'currency': 'USD'}, {'fee_type': 'AUTHORIZATION_FEE', 'amount': 6.51, 'currency': 'USD'}, {'fee_type': 'OTHER_FEE', 'amount': 16.91, 'currency': 'USD'}]",0,USD,4106.68,USD,POSTED,POST-MTB-498181779,2026-07-21T14:03:36Z,CREDIT,USD,2026-07-21 00:00:00,LEDG-CARD-MTB-100444,DDA,MTB0000001,NONE,0,USD,4106.68,Northstar Payment Solutions,8112126311,NOT_YET_RECONCILED,,0,True,LEDG-CARD-MTB-100444,4106.68,4106.68,SETL-CARD-MTB-100444,,,False,False,False,8112126311,,,,,,,,,,,,,,,,,,,,,,,,,,,,,,,,,,,,,,,,,,,,,,,,,,,,,,,,,,,,,,,,,,,,,,,,,,,,,,,,,,,,,,,,,,,,,,,,,,,,,,,,,,,,,,,,,,,,,,,,,,,,,,,,,,,,,,,,,,,,,,,,,,,,,,,,,,,,,,,,,,,,,,,,,,,,,,,,,,,
CARD,POST,CARD-MTB-100418,MERCHANT,MERCH-008,EXTERNAL_INDIVIDUAL,EXT-P-5511,CREDIT,MTB-CARD-20260815-798881,CARD-MTB-100418,CARD_PAYMENT,SETTLED,2026-08-15T18:15:29Z,2026-08-15 00:00:00,CARD,AMEX,493448XXXXXX3481,CREDIT,COMMERCIAL,MERCH-008,Amberlane Textiles Co LLC,Amberlane Textiles Co,Louisville,CO,20834,US,143.28,USD,APPROVED,LXTKDQU,2026-08-15T18:15:29Z,5,CARD_PRESENT,1581754935465255052662,18033826-1VB1ISMLQW,ORDER-95266,APPROVED,PENDING,PENDING,PENDING,UNRECONCILED,PASSED,NO_MATCH,MATCH,PASSED,,,[],2026-08-15T18:15:29Z,True,2026-08-15T18:15:29Z,4181,8000,False,0,BATCH-MTB-20260816-3,SETTLED,2026-08-17T18:15:29Z,2026-08-16T02:15:29Z,480,True,False,0,,IDEMP-CARD-MTB-100418,,PASSED,False,2023-03-10 00:00:00,122,1254,False,3,8,338.87,115.23,False,48,10000,0.014,170.11,[],False,Airwallex,Airwallex,2026-08-16 00:00:00,2026-08-16 00:00:00,DDA,MTB0000001,Cascade Point Bank,493448XXXXXX3481,AMEX,CREDIT,COMMERCIAL,Ironbridge National Bank,US,SETTLED,BATCH-MTB-20260816-3,SETL-CARD-MTB-100418,2026-08-16 00:00:00,2026-08-16T02:15:29Z,143.28,4.39,"[{'fee_type': 'DISCOUNT_FEE', 'amount': 2.99, 'currency': 'USD'}, {'fee_type': 'TRANSACTION_FEE', 'amount': 0.61, 'currency': 'USD'}, {'fee_type': 'AUTHORIZATION_FEE', 'amount': 0.22, 'currency': 'USD'}, {'fee_type': 'OTHER_FEE', 'amount': 0.57, 'currency': 'USD'}]",0,USD,138.89,USD,POSTED,POST-MTB-469156731,2026-08-16T02:20:29Z,CREDIT,USD,2026-08-16 00:00:00,LEDG-CARD-MTB-100418,DDA,MTB0000001,NONE,0,USD,138.89,BrightLedger Payments,454372367,MATCHED,2026-08-16T19:15:29Z,0,True,LEDG-CARD-MTB-100418,138.89,138.89,SETL-CARD-MTB-100418,,,False,False,False,454372367,,,,,,,,,,,,,,,,,,,,,,,,,,,,,,,,,,,,,,,,,,,,,,,,,,,,,,,,,,,,,,,,,,,,,,,,,,,,,,,,,,,,,,,,,,,,,,,,,,,,,,,,,,,,,,,,,,,,,,,,,,,,,,,,,,,,,,,,,,,,,,,,,,,,,,,,,,,,,,,,,,,,,,,,,,,,,,,,,,,
CARD,POST,CARD-MTB-100490,MERCHANT,MERCH-007,INDIVIDUAL,IND-0070,CREDIT,MTB-CARD-20260721-591032,CARD-MTB-100490,CARD_PAYMENT,SETTLED,2026-07-21T16:30:59Z,2026-07-21 00:00:00,CARD,DISCOVER,489110XXXXXX7403,DEBIT,COMMERCIAL,MERCH-007,Fernbrook Electronics LLC,Fernbrook Electronics,Detroit,OH,40566,US,105.01,USD,APPROVED,OP75BUK,2026-07-21T16:30:59Z,7,CARD_PRESENT,9960015534295155954427,75844159-38IT9Q1SL6,ORDER-21048,APPROVED,PENDING,PENDING,PENDING,UNRECONCILED,PASSED,MATCH,MATCH,PASSED,,,[],2026-07-21T16:30:59Z,True,2026-07-21T16:31:00Z,4261,8000,False,51,BATCH-MTB-20260721-4,SETTLED,2026-07-22T16:30:59Z,2026-07-21T20:30:59Z,240,True,False,0,,IDEMP-CARD-MTB-100490,,PASSED,False,2022-11-09 00:00:00,84,1350,False,1,8,327.1,111.61,False,50,10000,0.011,133.22,[],False,WorldPay,WorldPay,2026-07-21 00:00:00,2026-07-21 00:00:00,DDA,MTB0000001,Cascade Point Bank,489110XXXXXX7403,DISCOVER,DEBIT,COMMERCIAL,Summit Ridge Bank,US,SETTLED,BATCH-MTB-20260721-4,SETL-CARD-MTB-100490,2026-07-21 00:00:00,2026-07-21T20:30:59Z,105.01,3.37,"[{'fee_type': 'DISCOUNT_FEE', 'amount': 2.29, 'currency': 'USD'}, {'fee_type': 'TRANSACTION_FEE', 'amount': 0.47, 'currency': 'USD'}, {'fee_type': 'AUTHORIZATION_FEE', 'amount': 0.17, 'currency': 'USD'}, {'fee_type': 'OTHER_FEE', 'amount': 0.44, 'currency': 'USD'}]",0,USD,101.64,USD,POSTED,POST-MTB-614244674,2026-07-21T20:35:59Z,CREDIT,USD,2026-07-21 00:00:00,LEDG-CARD-MTB-100490,DDA,MTB0000001,NONE,0,USD,108.93,BrightLedger Payments,702250308,BREAK,2026-07-22T20:30:59Z,7.29,False,LEDG-CARD-MTB-100490,101.64,108.93,SETL-CARD-MTB-100490,,,False,False,False,702250308,,,,,,,,,,,,,,,,,,,,,,,,,,,,,,,,,,,,,,,,,,,,,,,,,,,,,,,,,,,,,,,,,,,,,,,,,,,,,,,,,,,,,,,,,,,,,,,,,,,,,,,,,,,,,,,,,,,,,,,,,,,,,,,,,,,,,,,,,,,,,,,,,,,,,,,,,,,,,,,,,,,,,,,,,,,,,,,,,,,
CARD,POST,CARD-MTB-100505,MERCHANT,MERCH-008,EXTERNAL_INDIVIDUAL,EXT-P-9066,CREDIT,MTB-CARD-20260710-547188,CARD-MTB-100505,CARD_PAYMENT,SETTLED,2026-07-10T08:58:12Z,2026-07-10 00:00:00,CARD,AMEX,507112XXXXXX2114,CREDIT,CONSUMER,MERCH-008,Amberlane Textiles Co LLC,Amberlane Textiles Co,Chicago,OH,67673,US,3520.93,USD,APPROVED,IIXWHTF,2026-07-10T08:58:12Z,81,CARD_NOT_PRESENT,0368902343643368939428,55711985-5SZU9LIEDP,ORDER-90163,APPROVED,PENDING,PENDING,PENDING,UNRECONCILED,PASSED,MATCH,MATCH,PASSED,,,[],2026-07-10T08:58:12Z,True,2026-07-10T08:58:13Z,1895,8000,False,5,BATCH-MTB-20260710-3,SETTLED,2026-07-10T12:58:12Z,2026-07-10T14:58:12Z,360,True,True,1,CARD-MTB-100419,IDEMP-CARD-MTB-100419,,FLAGGED,False,2024-05-21 00:00:00,131,780,False,1,5,10534.85,7362.06,False,31,10000,0.352,3994.5,[],False,Airwallex,Airwallex,2026-07-10 00:00:00,2026-07-10 00:00:00,DDA,MTB0000001,Ironbridge National Bank,507112XXXXXX2114,AMEX,CREDIT,CONSUMER,Cascade Point Bank,US,SETTLED,BATCH-MTB-20260710-3,SETL-CARD-MTB-100505,2026-07-10 00:00:00,2026-07-10T14:58:12Z,3520.93,61.89,"[{'fee_type': 'DISCOUNT_FEE', 'amount': 42.09, 'currency': 'USD'}, {'fee_type': 'TRANSACTION_FEE', 'amount': 8.66, 'currency': 'USD'}, {'fee_type': 'AUTHORIZATION_FEE', 'amount': 3.09, 'currency': 'USD'}, {'fee_type': 'OTHER_FEE', 'amount': 8.05, 'currency': 'USD'}]",0,USD,3459.04,USD,POSTED,POST-MTB-258719694,2026-07-10T15:03:12Z,CREDIT,USD,2026-07-10 00:00:00,LEDG-CARD-MTB-100505,DDA,MTB0000001,NONE,0,USD,3459.04,BrightLedger Payments,454372367,BREAK,2026-07-11T11:58:12Z,0,True,LEDG-CARD-MTB-100505,3459.04,3459.04,SETL-CARD-MTB-100505,,,False,False,False,454372367,,,,,,,,,,,,,,,,,,,,,,,,,,,,,,,,,,,,,,,,,,,,,,,,,,,,,,,,,,,,,,,,,,,,,,,,,,,,,,,,,,,,,,,,,,,,,,,,,,,,,,,,,,,,,,,,,,,,,,,,,,,,,,,,,,,,,,,,,,,,,,,,,,,,,,,,,,,,,,,,,,,,,,,,,,,,,,,,,,,
CARD,POST,CARD-MTB-100462,MERCHANT,MERCH-009,EXTERNAL_INDIVIDUAL,EXT-P-4669,CREDIT,MTB-CARD-20260817-495286,CARD-MTB-100462,CARD_PAYMENT,SETTLED,2026-08-17T22:57:15Z,2026-08-17 00:00:00,CARD,AMEX,528874XXXXXX2587,CREDIT,CONSUMER,MERCH-009,Copperfield Building Supply LLC,Copperfield Building Supply,Columbus,CO,58036,US,34.06,USD,APPROVED,SUKME2W,2026-08-17T22:57:15Z,7,CARD_PRESENT,5530209273446112989726,77281457-BJ2W3VCLFJ,ORDER-61472,APPROVED,PENDING,PENDING,PENDING,UNRECONCILED,PASSED,MATCH,MATCH,PASSED,,,[],2026-08-17T22:57:15Z,True,2026-08-17T22:57:17Z,114,8000,False,0,BATCH-MTB-20260818-8,SETTLED,2026-08-17T23:57:15Z,2026-08-18T04:57:15Z,360,True,False,0,,IDEMP-CARD-MTB-100462,,PASSED,False,2024-05-25 00:00:00,116,814,False,5,10,43.28,16.25,False,55,10000,0.003,43.49,[],False,WorldPay,WorldPay,2026-08-18 00:00:00,2026-08-18 00:00:00,DDA,MTB0000001,Summit Ridge Bank,528874XXXXXX2587,AMEX,CREDIT,CONSUMER,Ironbridge National Bank,US,SETTLED,BATCH-MTB-20260818-8,SETL-CARD-MTB-100462,2026-08-18 00:00:00,2026-08-18T04:57:15Z,34.06,1.16,"[{'fee_type': 'DISCOUNT_FEE', 'amount': 0.79, 'currency': 'USD'}, {'fee_type': 'TRANSACTION_FEE', 'amount': 0.16, 'currency': 'USD'}, {'fee_type': 'AUTHORIZATION_FEE', 'amount': 0.06, 'currency': 'USD'}, {'fee_type': 'OTHER_FEE', 'amount': 0.15, 'currency': 'USD'}]",0,USD,32.9,USD,POSTED,POST-MTB-601576358,2026-08-18T05:02:15Z,CREDIT,USD,2026-08-18 00:00:00,LEDG-CARD-MTB-100462,DDA,MTB0000001,NONE,0,USD,32.9,Northstar Payment Solutions,9446335263,MATCHED,2026-08-18T10:57:15Z,0,True,LEDG-CARD-MTB-100462,32.9,32.9,SETL-CARD-MTB-100462,,,False,False,False,9446335263,,,,,,,,,,,,,,,,,,,,,,,,,,,,,,,,,,,,,,,,,,,,,,,,,,,,,,,,,,,,,,,,,,,,,,,,,,,,,,,,,,,,,,,,,,,,,,,,,,,,,,,,,,,,,,,,,,,,,,,,,,,,,,,,,,,,,,,,,,,,,,,,,,,,,,,,,,,,,,,,,,,,,,,,,,,,,,,,,,,
CARD,POST,CARD-MTB-100483,MERCHANT,MERCH-005,EXTERNAL_INDIVIDUAL,EXT-P-3727,CREDIT,MTB-CARD-20260813-456567,CARD-MTB-100483,CARD_PAYMENT,SETTLED,2026-08-13T00:55:30Z,2026-08-13 00:00:00,CARD,VISA,585218XXXXXX9047,CREDIT,COMMERCIAL,MERCH-005,Solstice Digital Print LLC,Solstice Digital Print,Cleveland,PA,80235,US,1251.78,USD,APPROVED,T83D1Y8,2026-08-13T00:55:30Z,81,CARD_NOT_PRESENT,0227770523056650264135,73384343-2RG5T6OZNU,ORDER-94183,APPROVED,PENDING,PENDING,PENDING,UNRECONCILED,PASSED,NO_MATCH,MATCH,PASSED,,,[],2026-08-13T00:55:30Z,True,2026-08-13T00:55:31Z,4277,8000,False,51,BATCH-MTB-20260813-9,SETTLED,2026-08-15T00:55:30Z,2026-08-13T05:55:30Z,300,True,False,0,,IDEMP-CARD-MTB-100483,,PASSED,False,2022-09-06 00:00:00,174,1437,False,1,6,3821.35,2244.78,False,36,10000,0.125,1298.49,[],False,WorldPay,WorldPay,2026-08-13 00:00:00,2026-08-13 00:00:00,DDA,MTB0000001,Summit Ridge Bank,585218XXXXXX9047,VISA,CREDIT,COMMERCIAL,Cascade Point Bank,US,SETTLED,BATCH-MTB-20260813-9,SETL-CARD-MTB-100483,2026-08-13 00:00:00,2026-08-13T05:55:30Z,1251.78,38.64,"[{'fee_type': 'DISCOUNT_FEE', 'amount': 26.28, 'currency': 'USD'}, {'fee_type': 'TRANSACTION_FEE', 'amount': 5.41, 'currency': 'USD'}, {'fee_type': 'AUTHORIZATION_FEE', 'amount': 1.93, 'currency': 'USD'}, {'fee_type': 'OTHER_FEE', 'amount': 5.02, 'currency': 'USD'}]",0,USD,1213.14,USD,POSTED,POST-MTB-547295069,2026-08-13T06:00:30Z,CREDIT,USD,2026-08-13 00:00:00,LEDG-CARD-MTB-100483,DDA,MTB0000001,NONE,0,USD,1213.14,Meridian Trust Bank,2260323791,MATCHED,2026-08-14T08:55:30Z,0,True,LEDG-CARD-MTB-100483,1213.14,1213.14,SETL-CARD-MTB-100483,,,False,False,False,2260323791,,,,,,,,,,,,,,,,,,,,,,,,,,,,,,,,,,,,,,,,,,,,,,,,,,,,,,,,,,,,,,,,,,,,,,,,,,,,,,,,,,,,,,,,,,,,,,,,,,,,,,,,,,,,,,,,,,,,,,,,,,,,,,,,,,,,,,,,,,,,,,,,,,,,,,,,,,,,,,,,,,,,,,,,,,,,,,,,,,,
CARD,POST,CARD-MTB-100443,MERCHANT,MERCH-003,EXTERNAL_INDIVIDUAL,EXT-P-7804,CREDIT,MTB-CARD-20260730-788655,CARD-MTB-100443,CARD_PAYMENT,SETTLED,2026-07-30T17:02:06Z,2026-07-30 00:00:00,CARD,MASTERCARD,534615XXXXXX2218,CREDIT,CONSUMER,MERCH-003,Harbor & Vine Grocers LLC,Harbor & Vine Grocers,Cleveland,PA,12037,US,75,USD,APPROVED,1J3JQJZ,2026-07-30T17:02:06Z,7,CARD_PRESENT,6959575181318077936841,92771963-HG2CWW1LO9,ORDER-46453,APPROVED,PENDING,PENDING,PENDING,UNRECONCILED,PASSED,MATCH,MATCH,PASSED,,,[],2026-07-30T17:02:06Z,True,2026-07-30T17:02:06Z,391,8000,False,0,BATCH-MTB-20260730-4,SETTLED,2026-07-31T05:02:06Z,2026-07-30T18:02:06Z,60,True,False,0,,IDEMP-CARD-MTB-100443,,PASSED,False,2022-10-18 00:00:00,93,1381,False,1,1,317.86,112.54,False,18,10000,0.007,76.21,[],False,Airwallex,Airwallex,2026-07-30 00:00:00,2026-07-30 00:00:00,DDA,MTB0000001,Ironbridge National Bank,534615XXXXXX2218,MASTERCARD,CREDIT,CONSUMER,Ironbridge National Bank,US,SETTLED,BATCH-MTB-20260730-4,SETL-CARD-MTB-100443,2026-07-30 00:00:00,2026-07-30T18:02:06Z,75,2.53,"[{'fee_type': 'DISCOUNT_FEE', 'amount': 1.72, 'currency': 'USD'}, {'fee_type': 'TRANSACTION_FEE', 'amount': 0.35, 'currency': 'USD'}, {'fee_type': 'AUTHORIZATION_FEE', 'amount': 0.13, 'currency': 'USD'}, {'fee_type': 'OTHER_FEE', 'amount': 0.33, 'currency': 'USD'}]",0,USD,72.47,USD,POSTED,POST-MTB-956290117,2026-07-30T18:07:06Z,CREDIT,USD,2026-07-30 00:00:00,LEDG-CARD-MTB-100443,DDA,MTB0000001,NONE,0,USD,72.47,Northstar Payment Solutions,8112126311,MATCHED,2026-07-30T19:02:06Z,0,True,LEDG-CARD-MTB-100443,72.47,72.47,SETL-CARD-MTB-100443,,,False,False,False,8112126311,,,,,,,,,,,,,,,,,,,,,,,,,,,,,,,,,,,,,,,,,,,,,,,,,,,,,,,,,,,,,,,,,,,,,,,,,,,,,,,,,,,,,,,,,,,,,,,,,,,,,,,,,,,,,,,,,,,,,,,,,,,,,,,,,,,,,,,,,,,,,,,,,,,,,,,,,,,,,,,,,,,,,,,,,,,,,,,,,,,
CARD,POST,CARD-MTB-100408,MERCHANT,MERCH-003,EXTERNAL_INDIVIDUAL,EXT-P-1104,CREDIT,MTB-CARD-20260820-202902,CARD-MTB-100408,CARD_PAYMENT,AUTHORIZED,2026-08-20T14:05:29Z,2026-08-20 00:00:00,CARD,DISCOVER,566607XXXXXX4142,CREDIT,COMMERCIAL,MERCH-003,Harbor & Vine Grocers LLC,Harbor & Vine Grocers,Pittsburgh,OH,65532,US,125.93,USD,APPROVED,82679OP,2026-08-20T14:05:29Z,7,CARD_PRESENT,7298309558745743135064,45300806-ZWDJXIKBEA,ORDER-51640,APPROVED,PENDING,PENDING,PENDING,UNRECONCILED,PASSED,MATCH,MATCH,PASSED,,,[],2026-08-20T14:05:29Z,True,2026-08-20T14:05:29Z,1899,8000,False,91,,OPEN,2026-08-20T18:05:29Z,,,False,False,0,,IDEMP-CARD-MTB-100408,,PASSED,False,2022-11-26 00:00:00,194,1363,False,1,1,429.47,209.78,False,15,10000,0.013,156.06,[],False,Airwallex,Airwallex,,,,,,,,,,,,,,,,,,,,,,,,,,,,,,,,,,,,,Northstar Payment Solutions,8112126311,NOT_APPLICABLE,,,,,,,,,,False,False,False,8112126311,,,,,,,,,,,,,,,,,,,,,,,,,,,,,,,,,,,,,,,,,,,,,,,,,,,,,,,,,,,,,,,,,,,,,,,,,,,,,,,,,,,,,,,,,,,,,,,,,,,,,,,,,,,,,,,,,,,,,,,,,,,,,,,,,,,,,,,,,,,,,,,,,,,,,,,,,,,,,,,,,,,,,,,,,,,,,,,,,,,
CARD,POST,CARD-MTB-100401,MERCHANT,MERCH-003,EXTERNAL_INDIVIDUAL,EXT-P-9848,CREDIT,MTB-CARD-20260810-857022,CARD-MTB-100401,CARD_PAYMENT,SETTLED,2026-08-10T01:55:56Z,2026-08-10 00:00:00,CARD,DISCOVER,423512XXXXXX7477,CREDIT,CONSUMER,MERCH-003,Harbor & Vine Grocers LLC,Harbor & Vine Grocers,Louisville,PA,56714,US,165,USD,APPROVED,5OOWY7S,2026-08-10T01:55:56Z,7,CARD_PRESENT,4466129900652448793017,82447635-7XLCKW13LC,ORDER-19536,APPROVED,PENDING,PENDING,PENDING,UNRECONCILED,PASSED,MATCH,MATCH,PASSED,,,[],2026-08-10T01:55:56Z,True,2026-08-10T01:55:57Z,3013,8000,False,0,BATCH-MTB-20260810-2,SETTLED,2026-08-12T01:55:56Z,2026-08-10T03:55:56Z,120,True,False,0,,IDEMP-CARD-MTB-100401,,PASSED,True,2026-08-03 00:00:00,0,7,False,5,12,234.84,144.7,False,57,10000,0.017,165.66,[],False,Airwallex,Airwallex,2026-08-10 00:00:00,2026-08-10 00:00:00,DDA,MTB0000001,Summit Ridge Bank,423512XXXXXX7477,DISCOVER,CREDIT,CONSUMER,Cascade Point Bank,US,SETTLED,BATCH-MTB-20260810-2,SETL-CARD-MTB-100401,2026-08-10 00:00:00,2026-08-10T03:55:56Z,165,3.96,"[{'fee_type': 'DISCOUNT_FEE', 'amount': 2.69, 'currency': 'USD'}, {'fee_type': 'TRANSACTION_FEE', 'amount': 0.55, 'currency': 'USD'}, {'fee_type': 'AUTHORIZATION_FEE', 'amount': 0.2, 'currency': 'USD'}, {'fee_type': 'OTHER_FEE', 'amount': 0.52, 'currency': 'USD'}]",0,USD,161.04,USD,POSTED,POST-MTB-725464684,2026-08-10T04:00:56Z,CREDIT,USD,2026-08-10 00:00:00,LEDG-CARD-MTB-100401,DDA,MTB0000001,NONE,0,USD,161.04,Northstar Payment Solutions,8112126311,MATCHED,2026-08-10T13:55:56Z,0,True,LEDG-CARD-MTB-100401,161.04,161.04,SETL-CARD-MTB-100401,,,False,False,False,8112126311,,,,,,,,,,,,,,,,,,,,,,,,,,,,,,,,,,,,,,,,,,,,,,,,,,,,,,,,,,,,,,,,,,,,,,,,,,,,,,,,,,,,,,,,,,,,,,,,,,,,,,,,,,,,,,,,,,,,,,,,,,,,,,,,,,,,,,,,,,,,,,,,,,,,,,,,,,,,,,,,,,,,,,,,,,,,,,,,,,,
CARD,POST,CARD-MTB-100498,MERCHANT,MERCH-007,EXTERNAL_INDIVIDUAL,EXT-P-8063,CREDIT,MTB-CARD-20260625-477253,CARD-MTB-100498,CARD_PAYMENT,SETTLED,2026-06-25T02:50:23Z,2026-06-25 00:00:00,CARD,AMEX,483897XXXXXX3447,DEBIT,COMMERCIAL,MERCH-007,Fernbrook Electronics LLC,Fernbrook Electronics,Louisville,TN,10742,US,4284.04,USD,APPROVED,BW0EAO6,2026-06-25T02:50:23Z,7,CARD_PRESENT,1222456054870157996253,18265867-OQ6DDP7X3X,ORDER-77540,APPROVED,PENDING,PENDING,PENDING,UNRECONCILED,PASSED,MATCH,PARTIAL_MATCH,PASSED,,,[],2026-06-25T02:50:23Z,True,2026-06-25T02:50:23Z,2034,8000,False,0,BATCH-MTB-20260625-6,SETTLED,2026-06-25T06:50:23Z,2026-06-25T08:50:23Z,360,True,False,0,,IDEMP-CARD-MTB-100498,,PASSED,False,2025-08-23 00:00:00,63,306,False,5,9,4983.09,2725.93,False,53,10000,0.428,5396.15,[],False,WorldPay,WorldPay,2026-06-25 00:00:00,2026-06-25 00:00:00,DDA,MTB0000001,Cascade Point Bank,483897XXXXXX3447,AMEX,DEBIT,COMMERCIAL,Summit Ridge Bank,US,SETTLED,BATCH-MTB-20260625-6,SETL-CARD-MTB-100498,2026-06-25 00:00:00,2026-06-25T08:50:23Z,4284.04,79.19,"[{'fee_type': 'DISCOUNT_FEE', 'amount': 53.85, 'currency': 'USD'}, {'fee_type': 'TRANSACTION_FEE', 'amount': 11.09, 'currency': 'USD'}, {'fee_type': 'AUTHORIZATION_FEE', 'amount': 3.96, 'currency': 'USD'}, {'fee_type': 'OTHER_FEE', 'amount': 10.29, 'currency': 'USD'}]",0,USD,4204.85,USD,POSTED,POST-MTB-838951451,2026-06-25T08:55:23Z,CREDIT,USD,2026-06-25 00:00:00,LEDG-CARD-MTB-100498,DDA,MTB0000001,NONE,0,USD,4204.85,BrightLedger Payments,702250308,NOT_YET_RECONCILED,,0,True,LEDG-CARD-MTB-100498,4204.85,4204.85,SETL-CARD-MTB-100498,,,False,False,False,702250308,,,,,,,,,,,,,,,,,,,,,,,,,,,,,,,,,,,,,,,,,,,,,,,,,,,,,,,,,,,,,,,,,,,,,,,,,,,,,,,,,,,,,,,,,,,,,,,,,,,,,,,,,,,,,,,,,,,,,,,,,,,,,,,,,,,,,,,,,,,,,,,,,,,,,,,,,,,,,,,,,,,,,,,,,,,,,,,,,,,
CARD,POST,CARD-MTB-100447,MERCHANT,MERCH-005,EXTERNAL_INDIVIDUAL,EXT-P-9647,CREDIT,MTB-CARD-20260809-615616,CARD-MTB-100447,CARD_PAYMENT,SETTLED,2026-08-09T07:29:52Z,2026-08-09 00:00:00,CARD,MASTERCARD,590723XXXXXX9318,DEBIT,CONSUMER,MERCH-005,Solstice Digital Print LLC,Solstice Digital Print,Cincinnati,PA,79242,US,40.47,USD,APPROVED,JHLDYU6,2026-08-09T07:29:52Z,5,CARD_PRESENT,7724714230785840432894,56202830-EUUDIMKCYQ,ORDER-38926,APPROVED,PENDING,PENDING,PENDING,UNRECONCILED,PASSED,MATCH,PARTIAL_MATCH,PASSED,,,[],2026-08-09T07:29:52Z,True,2026-08-09T07:29:52Z,3117,8000,False,51,BATCH-MTB-20260809-4,SETTLED,2026-08-09T11:29:52Z,2026-08-09T11:29:52Z,240,True,False,0,,IDEMP-CARD-MTB-100447,,PASSED,False,2024-09-09 00:00:00,73,699,False,2,3,117.12,44.56,False,32,10000,0.004,52.54,[],False,Airwallex,Airwallex,2026-08-09 00:00:00,2026-08-09 00:00:00,DDA,MTB0000001,Cascade Point Bank,590723XXXXXX9318,MASTERCARD,DEBIT,CONSUMER,Cascade Point Bank,US,SETTLED,BATCH-MTB-20260809-4,SETL-CARD-MTB-100447,2026-08-09 00:00:00,2026-08-09T11:29:52Z,40.47,1.01,"[{'fee_type': 'DISCOUNT_FEE', 'amount': 0.69, 'currency': 'USD'}, {'fee_type': 'TRANSACTION_FEE', 'amount': 0.14, 'currency': 'USD'}, {'fee_type': 'AUTHORIZATION_FEE', 'amount': 0.05, 'currency': 'USD'}, {'fee_type': 'OTHER_FEE', 'amount': 0.13, 'currency': 'USD'}]",0,USD,39.46,USD,POSTED,POST-MTB-819073314,2026-08-09T11:34:52Z,CREDIT,USD,2026-08-09 00:00:00,LEDG-CARD-MTB-100447,DDA,MTB0000001,NONE,0,USD,39.46,Meridian Trust Bank,2260323791,NOT_YET_RECONCILED,,0,True,LEDG-CARD-MTB-100447,39.46,39.46,SETL-CARD-MTB-100447,,,False,False,False,2260323791,,,,,,,,,,,,,,,,,,,,,,,,,,,,,,,,,,,,,,,,,,,,,,,,,,,,,,,,,,,,,,,,,,,,,,,,,,,,,,,,,,,,,,,,,,,,,,,,,,,,,,,,,,,,,,,,,,,,,,,,,,,,,,,,,,,,,,,,,,,,,,,,,,,,,,,,,,,,,,,,,,,,,,,,,,,,,,,,,,,
CARD,POST,CARD-MTB-100406,MERCHANT,MERCH-001,EXTERNAL_INDIVIDUAL,EXT-P-2421,CREDIT,MTB-CARD-20260701-962064,CARD-MTB-100406,CARD_PAYMENT,SETTLED,2026-07-01T00:07:21Z,2026-07-01 00:00:00,CARD,AMEX,558795XXXXXX3602,CREDIT,CONSUMER,MERCH-001,Bluepeak Hardware Supply LLC,Bluepeak Hardware Supply,Atlanta,IL,13623,US,165.19,USD,APPROVED,OUYQ3I6,2026-07-01T00:07:21Z,81,CARD_NOT_PRESENT,7217184857282055912891,94504955-86W4ST9NOL,ORDER-51995,APPROVED,PENDING,PENDING,PENDING,UNRECONCILED,PASSED,NO_MATCH,MATCH,PASSED,,,[],2026-07-01T00:07:21Z,True,2026-07-01T00:07:21Z,1757,8000,False,51,BATCH-MTB-20260701-9,SETTLED,2026-07-01T04:07:21Z,2026-07-01T08:07:21Z,480,True,False,0,,IDEMP-CARD-MTB-100406,,PASSED,False,2025-02-22 00:00:00,157,494,False,2,12,644.21,241.63,True,70,10000,0.017,172.52,[],False,Airwallex,Airwallex,2026-07-01 00:00:00,2026-07-01 00:00:00,DDA,MTB0000001,Ironbridge National Bank,558795XXXXXX3602,AMEX,CREDIT,CONSUMER,Summit Ridge Bank,US,SETTLED,BATCH-MTB-20260701-9,SETL-CARD-MTB-100406,2026-07-01 00:00:00,2026-07-01T08:07:21Z,165.19,3.34,"[{'fee_type': 'DISCOUNT_FEE', 'amount': 2.27, 'currency': 'USD'}, {'fee_type': 'TRANSACTION_FEE', 'amount': 0.47, 'currency': 'USD'}, {'fee_type': 'AUTHORIZATION_FEE', 'amount': 0.17, 'currency': 'USD'}, {'fee_type': 'OTHER_FEE', 'amount': 0.43, 'currency': 'USD'}]",0,USD,161.85,USD,POSTED,POST-MTB-271144906,2026-07-01T08:12:21Z,CREDIT,USD,2026-07-01 00:00:00,LEDG-CARD-MTB-100406,DDA,MTB0000001,NONE,0,USD,161.85,Meridian Trust Bank,2813398050,PENDING,2026-07-02T04:07:21Z,0,True,LEDG-CARD-MTB-100406,161.85,161.85,SETL-CARD-MTB-100406,,,True,False,False,2813398050,,,,,,,,,,,,,,,,,,,,,,,,,,,,,,,,,,,,,,,,,,,,,,,,,,,,,,,,,,,,,,,,,,,,,,,,,,,,,,,,,,,,,,,,,,,,,,,,,,,,,,,,,,,,,,,,,,,,,,,,,,,,,,,,,,,,,,,,,,,,,,,,,,,,,,,,,,,,,,,,,,,,,,,,,,,,,,,,,,,
CARD,POST,CARD-MTB-100511,MERCHANT,MERCH-010,EXTERNAL_INDIVIDUAL,EXT-P-9423,CREDIT,MTB-CARD-20260705-722575,CARD-MTB-100511,CARD_PAYMENT,SETTLED,2026-07-05T09:34:13Z,2026-07-05 00:00:00,CARD,MASTERCARD,557770XXXXXX7006,CREDIT,COMMERCIAL,MERCH-010,Wrenfield Pharmacy Group LLC,Wrenfield Pharmacy Group,Nashville,KY,24147,US,4256.14,USD,APPROVED,IO4H8AU,2026-07-05T09:34:13Z,7,CARD_PRESENT,8476977268786611208556,64012508-3RPQWARI45,ORDER-48749,APPROVED,PENDING,PENDING,PENDING,UNRECONCILED,PASSED,MATCH,MATCH,PASSED,,,[],2026-07-05T09:34:13Z,True,2026-07-05T09:34:14Z,2920,8000,False,0,BATCH-MTB-20260705-6,SETTLED,2026-07-07T09:34:13Z,2026-07-05T14:34:13Z,300,True,True,2,CARD-MTB-100411,IDEMP-CARD-MTB-100411,,PASSED,False,2022-06-23 00:00:00,11,1473,False,1,2,7488.79,3269.93,False,29,10000,0.426,4669.67,[],False,WorldPay,WorldPay,2026-07-05 00:00:00,2026-07-05 00:00:00,DDA,MTB0000001,Cascade Point Bank,557770XXXXXX7006,MASTERCARD,CREDIT,COMMERCIAL,Ironbridge National Bank,US,SETTLED,BATCH-MTB-20260705-6,SETL-CARD-MTB-100511,2026-07-05 00:00:00,2026-07-05T14:34:13Z,4256.14,87.15,"[{'fee_type': 'DISCOUNT_FEE', 'amount': 59.26, 'currency': 'USD'}, {'fee_type': 'TRANSACTION_FEE', 'amount': 12.2, 'currency': 'USD'}, {'fee_type': 'AUTHORIZATION_FEE', 'amount': 4.36, 'currency': 'USD'}, {'fee_type': 'OTHER_FEE', 'amount': 11.33, 'currency': 'USD'}]",0,USD,4168.99,USD,POSTED,POST-MTB-809115925,2026-07-05T14:39:13Z,CREDIT,USD,2026-07-05 00:00:00,LEDG-CARD-MTB-100511,DDA,MTB0000001,NONE,0,USD,4168.99,Vertex Commerce Pay,4806704660,BREAK,2026-07-07T01:34:13Z,0,True,LEDG-CARD-MTB-100511,4168.99,4168.99,SETL-CARD-MTB-100511,,,False,False,False,4806704660,,,,,,,,,,,,,,,,,,,,,,,,,,,,,,,,,,,,,,,,,,,,,,,,,,,,,,,,,,,,,,,,,,,,,,,,,,,,,,,,,,,,,,,,,,,,,,,,,,,,,,,,,,,,,,,,,,,,,,,,,,,,,,,,,,,,,,,,,,,,,,,,,,,,,,,,,,,,,,,,,,,,,,,,,,,,,,,,,,,
CARD,POST,CARD-MTB-100491,MERCHANT,MERCH-003,EXTERNAL_INDIVIDUAL,EXT-P-4381,CREDIT,MTB-CARD-20260810-877024,CARD-MTB-100491,CARD_PAYMENT,SETTLED,2026-08-10T12:47:15Z,2026-08-10 00:00:00,CARD,DISCOVER,426312XXXXXX3952,DEBIT,COMMERCIAL,MERCH-003,Harbor & Vine Grocers LLC,Harbor & Vine Grocers,Charlotte,CO,10819,US,134.33,USD,APPROVED,V096M99,2026-08-10T12:47:15Z,90,CARD_NOT_PRESENT,2394130261215271804551,45804930-JZDXBVFK73,ORDER-99616,APPROVED,PENDING,PENDING,PENDING,UNRECONCILED,PASSED,MATCH,MATCH,PASSED,,,[],2026-08-10T12:47:15Z,True,2026-08-10T12:47:16Z,441,8000,False,0,BATCH-MTB-20260810-5,SETTLED,2026-08-12T12:47:15Z,2026-08-10T20:47:15Z,480,True,False,0,,IDEMP-CARD-MTB-100491,,PASSED,False,2025-11-27 00:00:00,25,256,False,2,9,309.94,120.7,False,52,10000,0.013,147.84,[],False,Airwallex,Airwallex,2026-08-10 00:00:00,2026-08-10 00:00:00,DDA,MTB0000001,Cascade Point Bank,426312XXXXXX3952,DISCOVER,DEBIT,COMMERCIAL,Summit Ridge Bank,US,SETTLED,BATCH-MTB-20260810-5,SETL-CARD-MTB-100491,2026-08-10 00:00:00,2026-08-10T20:47:15Z,134.33,3.53,"[{'fee_type': 'DISCOUNT_FEE', 'amount': 2.4, 'currency': 'USD'}, {'fee_type': 'TRANSACTION_FEE', 'amount': 0.49, 'currency': 'USD'}, {'fee_type': 'AUTHORIZATION_FEE', 'amount': 0.18, 'currency': 'USD'}, {'fee_type': 'OTHER_FEE', 'amount': 0.46, 'currency': 'USD'}]",0,USD,130.8,USD,POSTED,POST-MTB-419269345,2026-08-10T20:52:15Z,CREDIT,USD,2026-08-10 00:00:00,LEDG-CARD-MTB-100491,DDA,MTB0000001,NONE,0,USD,130.8,Northstar Payment Solutions,8112126311,MATCHED,2026-08-11T19:47:15Z,0,True,LEDG-CARD-MTB-100491,130.8,130.8,SETL-CARD-MTB-100491,,,False,False,False,8112126311,,,,,,,,,,,,,,,,,,,,,,,,,,,,,,,,,,,,,,,,,,,,,,,,,,,,,,,,,,,,,,,,,,,,,,,,,,,,,,,,,,,,,,,,,,,,,,,,,,,,,,,,,,,,,,,,,,,,,,,,,,,,,,,,,,,,,,,,,,,,,,,,,,,,,,,,,,,,,,,,,,,,,,,,,,,,,,,,,,,
CARD,POST,CARD-MTB-100459,MERCHANT,MERCH-009,EXTERNAL_INDIVIDUAL,EXT-P-3385,CREDIT,MTB-CARD-20260821-997919,CARD-MTB-100459,CARD_PAYMENT,SETTLED,2026-08-21T13:05:07Z,2026-08-21 00:00:00,CARD,VISA,516024XXXXXX2229,DEBIT,COMMERCIAL,MERCH-009,Copperfield Building Supply LLC,Copperfield Building Supply,Detroit,OH,26629,US,319.6,USD,APPROVED,J7KBN6Q,2026-08-21T13:05:07Z,7,CARD_PRESENT,2405098592207113617732,27997747-W1CYWDAZ2L,ORDER-41910,APPROVED,PENDING,PENDING,PENDING,UNRECONCILED,PASSED,MATCH,MATCH,PASSED,,,[],2026-08-21T13:05:07Z,True,2026-08-21T13:05:08Z,2284,8000,False,51,BATCH-MTB-20260821-5,SETTLED,2026-08-23T13:05:07Z,2026-08-21T18:05:07Z,300,True,False,0,,IDEMP-CARD-MTB-100459,,PASSED,False,2024-10-08 00:00:00,52,682,False,3,11,1201.56,860.37,True,53,10000,0.032,317.25,[],False,WorldPay,WorldPay,2026-08-21 00:00:00,2026-08-21 00:00:00,DDA,MTB0000001,Summit Ridge Bank,516024XXXXXX2229,VISA,DEBIT,COMMERCIAL,Cascade Point Bank,US,SETTLED,BATCH-MTB-20260821-5,SETL-CARD-MTB-100459,2026-08-21 00:00:00,2026-08-21T18:05:07Z,319.6,6.78,"[{'fee_type': 'DISCOUNT_FEE', 'amount': 4.61, 'currency': 'USD'}, {'fee_type': 'TRANSACTION_FEE', 'amount': 0.95, 'currency': 'USD'}, {'fee_type': 'AUTHORIZATION_FEE', 'amount': 0.34, 'currency': 'USD'}, {'fee_type': 'OTHER_FEE', 'amount': 0.88, 'currency': 'USD'}]",0,USD,312.82,USD,POSTED,POST-MTB-426967577,2026-08-21T18:10:07Z,CREDIT,USD,2026-08-21 00:00:00,LEDG-CARD-MTB-100459,DDA,MTB0000001,NONE,0,USD,312.82,Northstar Payment Solutions,9446335263,MATCHED,2026-08-22T13:05:07Z,0,True,LEDG-CARD-MTB-100459,312.82,312.82,SETL-CARD-MTB-100459,,,True,False,False,9446335263,,,,,,,,,,,,,,,,,,,,,,,,,,,,,,,,,,,,,,,,,,,,,,,,,,,,,,,,,,,,,,,,,,,,,,,,,,,,,,,,,,,,,,,,,,,,,,,,,,,,,,,,,,,,,,,,,,,,,,,,,,,,,,,,,,,,,,,,,,,,,,,,,,,,,,,,,,,,,,,,,,,,,,,,,,,,,,,,,,,
CARD,POST,CARD-MTB-100480,MERCHANT,MERCH-009,EXTERNAL_INDIVIDUAL,EXT-P-6934,CREDIT,MTB-CARD-20260718-412029,CARD-MTB-100480,CARD_PAYMENT,SETTLED,2026-07-18T09:34:55Z,2026-07-18 00:00:00,CARD,AMEX,417088XXXXXX1597,DEBIT,COMMERCIAL,MERCH-009,Copperfield Building Supply LLC,Copperfield Building Supply,Charlotte,OH,27477,US,2544.07,USD,APPROVED,LBS2GJE,2026-07-18T09:34:55Z,7,CARD_PRESENT,8181797352138510199956,55734018-3NK5QC8TJ7,ORDER-20907,APPROVED,PENDING,PENDING,PENDING,UNRECONCILED,PASSED,MATCH,PARTIAL_MATCH,PASSED,,,[],2026-07-18T09:34:55Z,True,2026-07-18T09:34:55Z,3132,8000,False,51,BATCH-MTB-20260718-1,SETTLED,2026-07-20T09:34:55Z,2026-07-18T14:34:55Z,300,True,False,0,,IDEMP-CARD-MTB-100480,,PASSED,False,2023-03-26 00:00:00,111,1210,False,5,5,5626.53,4210.21,False,26,10000,0.254,2867.62,[],False,Airwallex,Airwallex,2026-07-18 00:00:00,2026-07-18 00:00:00,DDA,MTB0000001,Ironbridge National Bank,417088XXXXXX1597,AMEX,DEBIT,COMMERCIAL,Ironbridge National Bank,US,SETTLED,BATCH-MTB-20260718-1,SETL-CARD-MTB-100480,2026-07-18 00:00:00,2026-07-18T14:34:55Z,2544.07,61.88,"[{'fee_type': 'DISCOUNT_FEE', 'amount': 42.08, 'currency': 'USD'}, {'fee_type': 'TRANSACTION_FEE', 'amount': 8.66, 'currency': 'USD'}, {'fee_type': 'AUTHORIZATION_FEE', 'amount': 3.09, 'currency': 'USD'}, {'fee_type': 'OTHER_FEE', 'amount': 8.05, 'currency': 'USD'}]",0,USD,2482.19,USD,POSTED,POST-MTB-122312785,2026-07-18T14:39:55Z,CREDIT,USD,2026-07-18 00:00:00,LEDG-CARD-MTB-100480,DDA,MTB0000001,NONE,0,USD,2482.19,Northstar Payment Solutions,9446335263,NOT_YET_RECONCILED,,0,True,LEDG-CARD-MTB-100480,2482.19,2482.19,SETL-CARD-MTB-100480,,,False,False,False,9446335263,,,,,,,,,,,,,,,,,,,,,,,,,,,,,,,,,,,,,,,,,,,,,,,,,,,,,,,,,,,,,,,,,,,,,,,,,,,,,,,,,,,,,,,,,,,,,,,,,,,,,,,,,,,,,,,,,,,,,,,,,,,,,,,,,,,,,,,,,,,,,,,,,,,,,,,,,,,,,,,,,,,,,,,,,,,,,,,,,,,
CARD,POST,CARD-MTB-100431,MERCHANT,MERCH-008,EXTERNAL_INDIVIDUAL,EXT-P-8297,CREDIT,MTB-CARD-20260720-504313,CARD-MTB-100431,CARD_PAYMENT,SETTLED,2026-07-20T18:10:49Z,2026-07-20 00:00:00,CARD,VISA,450782XXXXXX6654,CREDIT,COMMERCIAL,MERCH-008,Amberlane Textiles Co LLC,Amberlane Textiles Co,Denver,OH,88940,US,4800.62,USD,APPROVED,Q253SBV,2026-07-20T18:10:49Z,5,CARD_PRESENT,4944568715072512434058,33464989-OL3G4C5S8P,ORDER-35154,APPROVED,PENDING,PENDING,PENDING,UNRECONCILED,PASSED,MATCH,MATCH,PASSED,,,[],2026-07-20T18:10:49Z,True,2026-07-20T18:10:50Z,2716,8000,False,91,BATCH-MTB-20260720-1,SETTLED,2026-07-21T18:10:49Z,2026-07-20T19:10:49Z,60,True,False,0,,IDEMP-CARD-MTB-100431,,PASSED,True,2026-07-05 00:00:00,0,15,False,1,5,5902.92,2643.01,False,35,10000,0.48,5325.9,[],False,Airwallex,Airwallex,2026-07-20 00:00:00,2026-07-20 00:00:00,DDA,MTB0000001,Ironbridge National Bank,450782XXXXXX6654,VISA,CREDIT,COMMERCIAL,Ironbridge National Bank,US,SETTLED,BATCH-MTB-20260720-1,SETL-CARD-MTB-100431,2026-07-20 00:00:00,2026-07-20T19:10:49Z,4800.62,72.09,"[{'fee_type': 'DISCOUNT_FEE', 'amount': 49.02, 'currency': 'USD'}, {'fee_type': 'TRANSACTION_FEE', 'amount': 10.09, 'currency': 'USD'}, {'fee_type': 'AUTHORIZATION_FEE', 'amount': 3.6, 'currency': 'USD'}, {'fee_type': 'OTHER_FEE', 'amount': 9.38, 'currency': 'USD'}]",0,USD,4728.53,USD,POSTED,POST-MTB-757397352,2026-07-20T19:15:49Z,CREDIT,USD,2026-07-20 00:00:00,LEDG-CARD-MTB-100431,DDA,MTB0000001,NONE,0,USD,4728.53,BrightLedger Payments,454372367,MATCHED,2026-07-21T01:10:49Z,0,True,LEDG-CARD-MTB-100431,4728.53,4728.53,SETL-CARD-MTB-100431,,,False,False,False,454372367,,,,,,,,,,,,,,,,,,,,,,,,,,,,,,,,,,,,,,,,,,,,,,,,,,,,,,,,,,,,,,,,,,,,,,,,,,,,,,,,,,,,,,,,,,,,,,,,,,,,,,,,,,,,,,,,,,,,,,,,,,,,,,,,,,,,,,,,,,,,,,,,,,,,,,,,,,,,,,,,,,,,,,,,,,,,,,,,,,,
CARD,POST,CARD-MTB-100452,MERCHANT,MERCH-008,EXTERNAL_INDIVIDUAL,EXT-P-4663,CREDIT,MTB-CARD-20260711-642888,CARD-MTB-100452,CARD_PAYMENT,SETTLED,2026-07-11T11:51:18Z,2026-07-11 00:00:00,CARD,DISCOVER,557998XXXXXX3844,DEBIT,COMMERCIAL,MERCH-008,Amberlane Textiles Co LLC,Amberlane Textiles Co,Pittsburgh,NC,52938,US,49.57,USD,APPROVED,9AA39MU,2026-07-11T11:51:18Z,5,CARD_PRESENT,1708496744145368502174,15099267-WGNMHFDBBO,ORDER-73958,APPROVED,PENDING,PENDING,PENDING,UNRECONCILED,PASSED,MATCH,MATCH,PASSED,,,[],2026-07-11T11:51:18Z,True,2026-07-11T11:51:19Z,3159,8000,False,5,BATCH-MTB-20260711-7,SETTLED,2026-07-13T11:51:18Z,2026-07-11T17:51:18Z,360,True,False,0,,IDEMP-CARD-MTB-100452,,PASSED,False,2025-01-31 00:00:00,178,526,False,1,4,76.55,39.37,False,29,10000,0.005,40.91,[],False,WorldPay,WorldPay,2026-07-11 00:00:00,2026-07-11 00:00:00,DDA,MTB0000001,Cascade Point Bank,557998XXXXXX3844,DISCOVER,DEBIT,COMMERCIAL,Cascade Point Bank,US,SETTLED,BATCH-MTB-20260711-7,SETL-CARD-MTB-100452,2026-07-11 00:00:00,2026-07-11T17:51:18Z,49.57,1.59,"[{'fee_type': 'DISCOUNT_FEE', 'amount': 1.08, 'currency': 'USD'}, {'fee_type': 'TRANSACTION_FEE', 'amount': 0.22, 'currency': 'USD'}, {'fee_type': 'AUTHORIZATION_FEE', 'amount': 0.08, 'currency': 'USD'}, {'fee_type': 'OTHER_FEE', 'amount': 0.21, 'currency': 'USD'}]",0,USD,47.98,USD,POSTED,POST-MTB-300949728,2026-07-11T17:56:18Z,CREDIT,USD,2026-07-11 00:00:00,LEDG-CARD-MTB-100452,DDA,MTB0000001,NONE,0,USD,47.98,BrightLedger Payments,454372367,MATCHED,2026-07-12T18:51:18Z,0,True,LEDG-CARD-MTB-100452,47.98,47.98,SETL-CARD-MTB-100452,,,False,False,False,454372367,,,,,,,,,,,,,,,,,,,,,,,,,,,,,,,,,,,,,,,,,,,,,,,,,,,,,,,,,,,,,,,,,,,,,,,,,,,,,,,,,,,,,,,,,,,,,,,,,,,,,,,,,,,,,,,,,,,,,,,,,,,,,,,,,,,,,,,,,,,,,,,,,,,,,,,,,,,,,,,,,,,,,,,,,,,,,,,,,,,
CARD,POST,CARD-MTB-100407,MERCHANT,MERCH-009,EXTERNAL_INDIVIDUAL,EXT-P-4710,CREDIT,MTB-CARD-20260727-420147,CARD-MTB-100407,CARD_PAYMENT,SETTLED,2026-07-27T00:35:29Z,2026-07-27 00:00:00,CARD,MASTERCARD,447543XXXXXX8675,CREDIT,CONSUMER,MERCH-009,Copperfield Building Supply LLC,Copperfield Building Supply,Charlotte,GA,97325,US,185.69,USD,APPROVED,335IN4J,2026-07-27T00:35:29Z,81,CARD_NOT_PRESENT,0710092928878986532888,85126624-KGWZYET1SV,ORDER-55674,APPROVED,PENDING,PENDING,PENDING,UNRECONCILED,PASSED,MATCH,MATCH,PASSED,,,[],2026-07-27T00:35:29Z,True,2026-07-27T00:35:29Z,4145,8000,False,0,BATCH-MTB-20260727-1,SETTLED,2026-07-27T12:35:29Z,2026-07-27T04:35:29Z,240,True,False,0,,IDEMP-CARD-MTB-100407,,PASSED,False,2024-10-06 00:00:00,63,659,False,1,10,815.17,622.84,False,52,10000,0.019,148.67,[],False,WorldPay,WorldPay,2026-07-27 00:00:00,2026-07-27 00:00:00,DDA,MTB0000001,Cascade Point Bank,447543XXXXXX8675,MASTERCARD,CREDIT,CONSUMER,Summit Ridge Bank,US,SETTLED,BATCH-MTB-20260727-1,SETL-CARD-MTB-100407,2026-07-27 00:00:00,2026-07-27T04:35:29Z,185.69,3.65,"[{'fee_type': 'DISCOUNT_FEE', 'amount': 2.48, 'currency': 'USD'}, {'fee_type': 'TRANSACTION_FEE', 'amount': 0.51, 'currency': 'USD'}, {'fee_type': 'AUTHORIZATION_FEE', 'amount': 0.18, 'currency': 'USD'}, {'fee_type': 'OTHER_FEE', 'amount': 0.48, 'currency': 'USD'}]",0,USD,182.04,USD,POSTED,POST-MTB-229869894,2026-07-27T04:40:29Z,CREDIT,USD,2026-07-27 00:00:00,LEDG-CARD-MTB-100407,DDA,MTB0000001,OPEN,63.8,USD,182.04,Northstar Payment Solutions,9446335263,MATCHED,2026-07-27T23:35:29Z,0,True,LEDG-CARD-MTB-100407,182.04,182.04,SETL-CARD-MTB-100407,,,False,False,False,9446335263,,,,,,,,,,,,,,,,,,,,,,,,,,,,,,,,,,,,,,,,,,,,,,,,,,,,,,,,,,,,,,,,,,,,,,,,,,,,,,,,,,,,,,,,,,,,,,,,,,,,,,,,,,,,,,,,,,,,,,,,,,,,,,,,,,,,,,,,,,,,,,,,,,,,,,,,,,,,,,,,,,,,,,,,,,,,,,,,,,,
CARD,POST,CARD-MTB-100492,MERCHANT,MERCH-009,EXTERNAL_INDIVIDUAL,EXT-P-9576,CREDIT,MTB-CARD-20260721-620755,CARD-MTB-100492,CARD_PAYMENT,SETTLED,2026-07-21T02:23:23Z,2026-07-21 00:00:00,CARD,VISA,407542XXXXXX4370,CREDIT,COMMERCIAL,MERCH-009,Copperfield Building Supply LLC,Copperfield Building Supply,Nashville,GA,54537,US,19.29,USD,APPROVED,442485Y,2026-07-21T02:23:23Z,5,CARD_PRESENT,6889280187852743629651,70301531-DSW4J5CH8O,ORDER-60588,APPROVED,PENDING,PENDING,PENDING,UNRECONCILED,PASSED,MATCH,MATCH,PASSED,,,[],2026-07-21T02:23:23Z,True,2026-07-21T02:23:23Z,3990,8000,False,91,BATCH-MTB-20260721-3,SETTLED,2026-07-21T14:23:23Z,2026-07-21T03:23:23Z,60,True,False,0,,IDEMP-CARD-MTB-100492,,PASSED,False,2023-02-15 00:00:00,28,1252,False,1,7,41.32,18.91,False,38,10000,0.002,24.44,[],False,Airwallex,Airwallex,2026-07-21 00:00:00,2026-07-21 00:00:00,DDA,MTB0000001,Cascade Point Bank,407542XXXXXX4370,VISA,CREDIT,COMMERCIAL,Cascade Point Bank,US,SETTLED,BATCH-MTB-20260721-3,SETL-CARD-MTB-100492,2026-07-21 00:00:00,2026-07-21T03:23:23Z,19.29,0.52,"[{'fee_type': 'DISCOUNT_FEE', 'amount': 0.35, 'currency': 'USD'}, {'fee_type': 'TRANSACTION_FEE', 'amount': 0.07, 'currency': 'USD'}, {'fee_type': 'AUTHORIZATION_FEE', 'amount': 0.03, 'currency': 'USD'}, {'fee_type': 'OTHER_FEE', 'amount': 0.07, 'currency': 'USD'}]",0,USD,18.77,USD,POSTED,POST-MTB-452436742,2026-07-21T03:28:23Z,CREDIT,USD,2026-07-21 00:00:00,LEDG-CARD-MTB-100492,DDA,MTB0000001,NONE,0,USD,18.77,Northstar Payment Solutions,9446335263,NOT_YET_RECONCILED,,0,True,LEDG-CARD-MTB-100492,18.77,18.77,SETL-CARD-MTB-100492,,,False,False,False,9446335263,,,,,,,,,,,,,,,,,,,,,,,,,,,,,,,,,,,,,,,,,,,,,,,,,,,,,,,,,,,,,,,,,,,,,,,,,,,,,,,,,,,,,,,,,,,,,,,,,,,,,,,,,,,,,,,,,,,,,,,,,,,,,,,,,,,,,,,,,,,,,,,,,,,,,,,,,,,,,,,,,,,,,,,,,,,,,,,,,,,
CARD,POST,CARD-MTB-100448,MERCHANT,MERCH-006,EXTERNAL_INDIVIDUAL,EXT-P-1571,CREDIT,MTB-CARD-20260812-844591,CARD-MTB-100448,CARD_PAYMENT,SETTLED,2026-08-12T03:59:18Z,2026-08-12 00:00:00,CARD,VISA,586981XXXXXX8503,CREDIT,COMMERCIAL,MERCH-006,Redgate Wholesale Foods LLC,Redgate Wholesale Foods,Detroit,CO,23973,US,242.73,USD,APPROVED,LTMPZ7C,2026-08-12T03:59:18Z,5,CARD_PRESENT,1430572871027698190911,89501157-AJUOWAP15Y,ORDER-27887,APPROVED,PENDING,PENDING,PENDING,UNRECONCILED,PASSED,MATCH,MATCH,PASSED,,,[],2026-08-12T03:59:18Z,True,2026-08-12T03:59:18Z,3728,8000,False,5,BATCH-MTB-20260812-1,SETTLED,2026-08-12T15:59:18Z,2026-08-12T10:59:18Z,420,True,False,0,,IDEMP-CARD-MTB-100448,,PASSED,True,2026-08-11 00:00:00,0,1,False,5,7,250.98,110.08,False,41,10000,0.024,237.29,[],False,WorldPay,WorldPay,2026-08-12 00:00:00,2026-08-12 00:00:00,DDA,MTB0000001,Ironbridge National Bank,586981XXXXXX8503,VISA,CREDIT,COMMERCIAL,Ironbridge National Bank,US,SETTLED,BATCH-MTB-20260812-1,SETL-CARD-MTB-100448,2026-08-12 00:00:00,2026-08-12T10:59:18Z,242.73,4.64,"[{'fee_type': 'DISCOUNT_FEE', 'amount': 3.16, 'currency': 'USD'}, {'fee_type': 'TRANSACTION_FEE', 'amount': 0.65, 'currency': 'USD'}, {'fee_type': 'AUTHORIZATION_FEE', 'amount': 0.23, 'currency': 'USD'}, {'fee_type': 'OTHER_FEE', 'amount': 0.6, 'currency': 'USD'}]",0,USD,238.09,USD,POSTED,POST-MTB-513913737,2026-08-12T11:04:18Z,CREDIT,USD,2026-08-12 00:00:00,LEDG-CARD-MTB-100448,DDA,MTB0000001,NONE,0,USD,238.09,Meridian Trust Bank,3264421990,MATCHED,2026-08-13T19:59:18Z,0,True,LEDG-CARD-MTB-100448,238.09,238.09,SETL-CARD-MTB-100448,,,False,False,False,3264421990,,,,,,,,,,,,,,,,,,,,,,,,,,,,,,,,,,,,,,,,,,,,,,,,,,,,,,,,,,,,,,,,,,,,,,,,,,,,,,,,,,,,,,,,,,,,,,,,,,,,,,,,,,,,,,,,,,,,,,,,,,,,,,,,,,,,,,,,,,,,,,,,,,,,,,,,,,,,,,,,,,,,,,,,,,,,,,,,,,,
CARD,POST,CARD-MTB-100495,MERCHANT,MERCH-002,EXTERNAL_INDIVIDUAL,EXT-P-7876,CREDIT,MTB-CARD-20260627-979558,CARD-MTB-100495,CARD_PAYMENT,SETTLED,2026-06-27T12:59:16Z,2026-06-27 00:00:00,CARD,DISCOVER,550720XXXXXX1236,DEBIT,CONSUMER,MERCH-002,Crestline Office Outfitters LLC,Crestline Office Outfitters,Denver,KY,14057,US,151.45,USD,APPROVED,PU3PYQE,2026-06-27T12:59:16Z,90,CARD_NOT_PRESENT,6227026009548397377965,61037872-Z3915JXP9P,ORDER-58823,APPROVED,PENDING,PENDING,PENDING,UNRECONCILED,PASSED,MATCH,MATCH,PASSED,,,[],2026-06-27T12:59:16Z,True,2026-06-27T12:59:16Z,757,8000,False,51,BATCH-MTB-20260627-4,SETTLED,2026-06-27T13:59:16Z,2026-06-27T19:59:16Z,420,True,False,0,,IDEMP-CARD-MTB-100495,,PASSED,True,2026-06-09 00:00:00,0,18,True,1,11,601.7,281.66,True,63,10000,0.015,187.42,[],False,Airwallex,Airwallex,2026-06-27 00:00:00,2026-06-27 00:00:00,DDA,MTB0000001,Ironbridge National Bank,550720XXXXXX1236,DISCOVER,DEBIT,CONSUMER,Ironbridge National Bank,US,SETTLED,BATCH-MTB-20260627-4,SETL-CARD-MTB-100495,2026-06-27 00:00:00,2026-06-27T19:59:16Z,151.45,2.44,"[{'fee_type': 'DISCOUNT_FEE', 'amount': 1.66, 'currency': 'USD'}, {'fee_type': 'TRANSACTION_FEE', 'amount': 0.34, 'currency': 'USD'}, {'fee_type': 'AUTHORIZATION_FEE', 'amount': 0.12, 'currency': 'USD'}, {'fee_type': 'OTHER_FEE', 'amount': 0.32, 'currency': 'USD'}]",0,USD,149.01,USD,POSTED,POST-MTB-557083726,2026-06-27T20:04:16Z,CREDIT,USD,2026-06-27 00:00:00,LEDG-CARD-MTB-100495,DDA,MTB0000001,NONE,0,USD,149.01,Vertex Commerce Pay,5123580257,MATCHED,2026-06-28T20:59:16Z,0,True,LEDG-CARD-MTB-100495,149.01,149.01,SETL-CARD-MTB-100495,,,True,False,True,5123580257,,,,,,,,,,,,,,,,,,,,,,,,,,,,,,,,,,,,,,,,,,,,,,,,,,,,,,,,,,,,,,,,,,,,,,,,,,,,,,,,,,,,,,,,,,,,,,,,,,,,,,,,,,,,,,,,,,,,,,,,,,,,,,,,,,,,,,,,,,,,,,,,,,,,,,,,,,,,,,,,,,,,,,,,,,,,,,,,,,,
CARD,POST,CARD-MTB-100404,MERCHANT,MERCH-002,EXTERNAL_INDIVIDUAL,EXT-P-5834,CREDIT,MTB-CARD-20260703-523797,CARD-MTB-100404,CARD_PAYMENT,SETTLED,2026-07-03T10:20:28Z,2026-07-03 00:00:00,CARD,MASTERCARD,425536XXXXXX1031,CREDIT,COMMERCIAL,MERCH-002,Crestline Office Outfitters LLC,Crestline Office Outfitters,Charlotte,TN,97636,US,65.12,USD,APPROVED,K3FS8NS,2026-07-03T10:20:28Z,5,CARD_PRESENT,8443140627228975232712,78553688-WJ74L3GN3D,ORDER-67864,APPROVED,PENDING,PENDING,PENDING,UNRECONCILED,PASSED,MATCH,MATCH,PASSED,,,[],2026-07-03T10:20:28Z,True,2026-07-03T10:20:28Z,1453,8000,False,0,BATCH-MTB-20260703-8,SETTLED,2026-07-04T10:20:28Z,2026-07-03T18:20:28Z,480,True,False,0,,IDEMP-CARD-MTB-100404,,PASSED,False,2023-05-03 00:00:00,130,1157,False,1,3,179.87,68.52,False,30,10000,0.007,65.77,[],False,WorldPay,WorldPay,2026-07-03 00:00:00,2026-07-03 00:00:00,DDA,MTB0000001,Cascade Point Bank,425536XXXXXX1031,MASTERCARD,CREDIT,COMMERCIAL,Ironbridge National Bank,US,SETTLED,BATCH-MTB-20260703-8,SETL-CARD-MTB-100404,2026-07-03 00:00:00,2026-07-03T18:20:28Z,65.12,1.52,"[{'fee_type': 'DISCOUNT_FEE', 'amount': 1.03, 'currency': 'USD'}, {'fee_type': 'TRANSACTION_FEE', 'amount': 0.21, 'currency': 'USD'}, {'fee_type': 'AUTHORIZATION_FEE', 'amount': 0.08, 'currency': 'USD'}, {'fee_type': 'OTHER_FEE', 'amount': 0.2, 'currency': 'USD'}]",0,USD,63.6,USD,POSTED,POST-MTB-677396757,2026-07-03T18:25:28Z,CREDIT,USD,2026-07-03 00:00:00,LEDG-CARD-MTB-100404,DDA,MTB0000001,NONE,0,USD,63.6,Vertex Commerce Pay,5123580257,MATCHED,2026-07-05T02:20:28Z,0,True,LEDG-CARD-MTB-100404,63.6,63.6,SETL-CARD-MTB-100404,,,False,False,False,5123580257,,,,,,,,,,,,,,,,,,,,,,,,,,,,,,,,,,,,,,,,,,,,,,,,,,,,,,,,,,,,,,,,,,,,,,,,,,,,,,,,,,,,,,,,,,,,,,,,,,,,,,,,,,,,,,,,,,,,,,,,,,,,,,,,,,,,,,,,,,,,,,,,,,,,,,,,,,,,,,,,,,,,,,,,,,,,,,,,,,,
CARD,POST,CARD-MTB-100489,MERCHANT,MERCH-002,INDIVIDUAL,IND-0059,CREDIT,MTB-CARD-20260812-539589,CARD-MTB-100489,CARD_PAYMENT,SETTLED,2026-08-12T02:18:01Z,2026-08-12 00:00:00,CARD,VISA,429468XXXXXX9778,CREDIT,COMMERCIAL,MERCH-002,Crestline Office Outfitters LLC,Crestline Office Outfitters,Indianapolis,IN,52786,US,197.39,USD,APPROVED,CITOLBR,2026-08-12T02:18:01Z,5,CARD_PRESENT,1471943196992325538498,15413315-RXAJHFAZV6,ORDER-96471,APPROVED,PENDING,PENDING,PENDING,UNRECONCILED,PASSED,MATCH,PARTIAL_MATCH,PASSED,,,[],2026-08-12T02:18:01Z,True,2026-08-12T02:18:02Z,4467,8000,False,91,BATCH-MTB-20260812-5,SETTLED,2026-08-12T14:18:01Z,2026-08-12T09:18:01Z,420,True,False,0,,IDEMP-CARD-MTB-100489,,PASSED,False,2025-05-17 00:00:00,138,452,False,2,5,592.63,219.5,False,42,10000,0.02,230.1,[],False,WorldPay,WorldPay,2026-08-12 00:00:00,2026-08-12 00:00:00,DDA,MTB0000001,Cascade Point Bank,429468XXXXXX9778,VISA,CREDIT,COMMERCIAL,Summit Ridge Bank,US,SETTLED,BATCH-MTB-20260812-5,SETL-CARD-MTB-100489,2026-08-12 00:00:00,2026-08-12T09:18:01Z,197.39,6.05,"[{'fee_type': 'DISCOUNT_FEE', 'amount': 4.11, 'currency': 'USD'}, {'fee_type': 'TRANSACTION_FEE', 'amount': 0.85, 'currency': 'USD'}, {'fee_type': 'AUTHORIZATION_FEE', 'amount': 0.3, 'currency': 'USD'}, {'fee_type': 'OTHER_FEE', 'amount': 0.79, 'currency': 'USD'}]",0,USD,191.34,USD,POSTED,POST-MTB-669206817,2026-08-12T09:23:01Z,CREDIT,USD,2026-08-12 00:00:00,LEDG-CARD-MTB-100489,DDA,MTB0000001,NONE,0,USD,191.34,Vertex Commerce Pay,5123580257,NOT_YET_RECONCILED,,0,True,LEDG-CARD-MTB-100489,191.34,191.34,SETL-CARD-MTB-100489,,,False,False,False,5123580257,,,,,,,,,,,,,,,,,,,,,,,,,,,,,,,,,,,,,,,,,,,,,,,,,,,,,,,,,,,,,,,,,,,,,,,,,,,,,,,,,,,,,,,,,,,,,,,,,,,,,,,,,,,,,,,,,,,,,,,,,,,,,,,,,,,,,,,,,,,,,,,,,,,,,,,,,,,,,,,,,,,,,,,,,,,,,,,,,,,
CARD,POST,CARD-MTB-100440,MERCHANT,MERCH-002,EXTERNAL_INDIVIDUAL,EXT-P-2106,CREDIT,MTB-CARD-20260815-558460,CARD-MTB-100440,CARD_PAYMENT,SETTLED,2026-08-15T13:47:06Z,2026-08-15 00:00:00,CARD,VISA,424627XXXXXX4442,CREDIT,COMMERCIAL,MERCH-002,Crestline Office Outfitters LLC,Crestline Office Outfitters,Nashville,MI,47176,US,87.23,USD,APPROVED,JU5JDI5,2026-08-15T13:47:06Z,5,CARD_PRESENT,6986656414490555991874,27227621-AWXS2X4AI5,ORDER-82888,APPROVED,PENDING,PENDING,PENDING,UNRECONCILED,PASSED,MATCH,MATCH,PASSED,,,[],2026-08-15T13:47:06Z,True,2026-08-15T13:47:06Z,2703,8000,False,5,BATCH-MTB-20260815-9,SETTLED,2026-08-16T13:47:06Z,2026-08-15T15:47:06Z,120,True,False,0,,IDEMP-CARD-MTB-100440,,PASSED,False,2022-11-14 00:00:00,158,1370,False,2,5,165.35,80.32,False,36,10000,0.009,92.14,[],False,Airwallex,Airwallex,2026-08-15 00:00:00,2026-08-15 00:00:00,DDA,MTB0000001,Cascade Point Bank,424627XXXXXX4442,VISA,CREDIT,COMMERCIAL,Summit Ridge Bank,US,SETTLED,BATCH-MTB-20260815-9,SETL-CARD-MTB-100440,2026-08-15 00:00:00,2026-08-15T15:47:06Z,87.23,1.42,"[{'fee_type': 'DISCOUNT_FEE', 'amount': 0.97, 'currency': 'USD'}, {'fee_type': 'TRANSACTION_FEE', 'amount': 0.2, 'currency': 'USD'}, {'fee_type': 'AUTHORIZATION_FEE', 'amount': 0.07, 'currency': 'USD'}, {'fee_type': 'OTHER_FEE', 'amount': 0.18, 'currency': 'USD'}]",0,USD,85.81,USD,POSTED,POST-MTB-505856355,2026-08-15T15:52:06Z,CREDIT,USD,2026-08-15 00:00:00,LEDG-CARD-MTB-100440,DDA,MTB0000001,NONE,0,USD,85.81,Vertex Commerce Pay,5123580257,MATCHED,2026-08-15T20:47:06Z,0,True,LEDG-CARD-MTB-100440,85.81,85.81,SETL-CARD-MTB-100440,,,False,False,False,5123580257,,,,,,,,,,,,,,,,,,,,,,,,,,,,,,,,,,,,,,,,,,,,,,,,,,,,,,,,,,,,,,,,,,,,,,,,,,,,,,,,,,,,,,,,,,,,,,,,,,,,,,,,,,,,,,,,,,,,,,,,,,,,,,,,,,,,,,,,,,,,,,,,,,,,,,,,,,,,,,,,,,,,,,,,,,,,,,,,,,,
CARD,POST,CARD-MTB-100518,MERCHANT,MERCH-006,INDIVIDUAL,IND-0031,CREDIT,MTB-CARD-20260809-978994,CARD-MTB-100518,CARD_PAYMENT,SETTLED,2026-08-09T20:47:48Z,2026-08-09 00:00:00,CARD,AMEX,512303XXXXXX2140,CREDIT,COMMERCIAL,MERCH-006,Redgate Wholesale Foods LLC,Redgate Wholesale Foods,Cincinnati,MI,87097,US,190.99,USD,APPROVED,F0GQDX2,2026-08-09T20:47:48Z,7,CARD_PRESENT,2001963525702546598099,40519481-23BHF8Y6P2,ORDER-48833,APPROVED,PENDING,PENDING,PENDING,UNRECONCILED,PASSED,MATCH,PARTIAL_MATCH,PASSED,,,[],2026-08-09T20:47:48Z,True,2026-08-09T20:47:49Z,2200,8000,False,91,BATCH-MTB-20260810-6,SETTLED,2026-08-10T20:47:48Z,2026-08-10T01:47:48Z,300,True,True,2,CARD-MTB-100499,IDEMP-CARD-MTB-100499,,FLAGGED,False,2023-01-15 00:00:00,72,1302,False,3,3,718.32,553,False,19,10000,0.019,192.57,[],False,WorldPay,WorldPay,2026-08-10 00:00:00,2026-08-10 00:00:00,DDA,MTB0000001,Ironbridge National Bank,512303XXXXXX2140,AMEX,CREDIT,COMMERCIAL,Summit Ridge Bank,US,SETTLED,BATCH-MTB-20260810-6,SETL-CARD-MTB-100518,2026-08-10 00:00:00,2026-08-10T01:47:48Z,190.99,6.59,"[{'fee_type': 'DISCOUNT_FEE', 'amount': 4.48, 'currency': 'USD'}, {'fee_type': 'TRANSACTION_FEE', 'amount': 0.92, 'currency': 'USD'}, {'fee_type': 'AUTHORIZATION_FEE', 'amount': 0.33, 'currency': 'USD'}, {'fee_type': 'OTHER_FEE', 'amount': 0.86, 'currency': 'USD'}]",0,USD,184.4,USD,POSTED,POST-MTB-403740728,2026-08-10T01:52:48Z,CREDIT,USD,2026-08-10 00:00:00,LEDG-CARD-MTB-100518,DDA,MTB0000001,NONE,0,USD,184.4,Meridian Trust Bank,3264421990,BREAK,2026-08-10T04:47:48Z,0,True,LEDG-CARD-MTB-100518,184.4,184.4,SETL-CARD-MTB-100518,,,False,False,False,3264421990,,,,,,,,,,,,,,,,,,,,,,,,,,,,,,,,,,,,,,,,,,,,,,,,,,,,,,,,,,,,,,,,,,,,,,,,,,,,,,,,,,,,,,,,,,,,,,,,,,,,,,,,,,,,,,,,,,,,,,,,,,,,,,,,,,,,,,,,,,,,,,,,,,,,,,,,,,,,,,,,,,,,,,,,,,,,,,,,,,,
CARD,POST,CARD-MTB-100453,MERCHANT,MERCH-002,INDIVIDUAL,IND-0052,CREDIT,MTB-CARD-20260626-268191,CARD-MTB-100453,CARD_PAYMENT,AUTHORIZED,2026-06-26T21:23:21Z,2026-06-26 00:00:00,CARD,DISCOVER,560858XXXXXX9169,CREDIT,COMMERCIAL,MERCH-002,Crestline Office Outfitters LLC,Crestline Office Outfitters,Denver,GA,36345,US,76.94,USD,APPROVED,ZOIQAMV,2026-06-26T21:23:21Z,7,CARD_PRESENT,9609934141573816573785,18923841-600CDGDPHU,ORDER-10284,APPROVED,PENDING,PENDING,PENDING,UNRECONCILED,PASSED,NO_MATCH,MATCH,PASSED,,,[],2026-06-26T21:23:21Z,True,2026-06-26T21:23:22Z,643,8000,False,0,,OPEN,2026-06-27T21:23:21Z,,,False,False,0,,IDEMP-CARD-MTB-100453,,PASSED,True,2026-06-08 00:00:00,0,18,False,5,5,127.81,98.41,False,33,10000,0.008,78.48,[],False,Airwallex,Airwallex,,,,,,,,,,,,,,,,,,,,,,,,,,,,,,,,,,,,,Vertex Commerce Pay,5123580257,NOT_APPLICABLE,,,,,,,,,,False,False,False,5123580257,,,,,,,,,,,,,,,,,,,,,,,,,,,,,,,,,,,,,,,,,,,,,,,,,,,,,,,,,,,,,,,,,,,,,,,,,,,,,,,,,,,,,,,,,,,,,,,,,,,,,,,,,,,,,,,,,,,,,,,,,,,,,,,,,,,,,,,,,,,,,,,,,,,,,,,,,,,,,,,,,,,,,,,,,,,,,,,,,,,
CARD,POST,CARD-MTB-100496,MERCHANT,MERCH-008,EXTERNAL_INDIVIDUAL,EXT-P-9940,CREDIT,MTB-CARD-20260804-853551,CARD-MTB-100496,CARD_PAYMENT,SETTLED,2026-08-04T19:27:05Z,2026-08-04 00:00:00,CARD,MASTERCARD,458861XXXXXX6693,CREDIT,CONSUMER,MERCH-008,Amberlane Textiles Co LLC,Amberlane Textiles Co,Columbus,OH,74811,US,3687.89,USD,APPROVED,SO4VXFX,2026-08-04T19:27:05Z,7,CARD_PRESENT,8330705580770608272753,85398854-0Z721BC0VN,ORDER-29521,APPROVED,PENDING,PENDING,PENDING,UNRECONCILED,PASSED,MATCH,PARTIAL_MATCH,PASSED,,,[],2026-08-04T19:27:05Z,True,2026-08-04T19:27:05Z,83,8000,False,0,BATCH-MTB-20260805-6,SETTLED,2026-08-05T19:27:05Z,2026-08-05T03:27:05Z,480,True,False,0,,IDEMP-CARD-MTB-100496,,PASSED,True,2026-07-21 00:00:00,0,14,False,3,3,5798.15,3555.52,False,25,10000,0.369,3267.17,[],False,WorldPay,WorldPay,2026-08-05 00:00:00,2026-08-05 00:00:00,DDA,MTB0000001,Summit Ridge Bank,458861XXXXXX6693,MASTERCARD,CREDIT,CONSUMER,Ironbridge National Bank,US,SETTLED,BATCH-MTB-20260805-6,SETL-CARD-MTB-100496,2026-08-05 00:00:00,2026-08-05T03:27:05Z,3687.89,92.6,"[{'fee_type': 'DISCOUNT_FEE', 'amount': 62.97, 'currency': 'USD'}, {'fee_type': 'TRANSACTION_FEE', 'amount': 12.96, 'currency': 'USD'}, {'fee_type': 'AUTHORIZATION_FEE', 'amount': 4.63, 'currency': 'USD'}, {'fee_type': 'OTHER_FEE', 'amount': 12.04, 'currency': 'USD'}]",0,USD,3595.29,USD,POSTED,POST-MTB-232604949,2026-08-05T03:32:05Z,CREDIT,USD,2026-08-05 00:00:00,LEDG-CARD-MTB-100496,DDA,MTB0000001,NONE,0,USD,3595.29,BrightLedger Payments,454372367,MATCHED,2026-08-06T00:27:05Z,0,True,LEDG-CARD-MTB-100496,3595.29,3595.29,SETL-CARD-MTB-100496,,,False,False,False,454372367,,,,,,,,,,,,,,,,,,,,,,,,,,,,,,,,,,,,,,,,,,,,,,,,,,,,,,,,,,,,,,,,,,,,,,,,,,,,,,,,,,,,,,,,,,,,,,,,,,,,,,,,,,,,,,,,,,,,,,,,,,,,,,,,,,,,,,,,,,,,,,,,,,,,,,,,,,,,,,,,,,,,,,,,,,,,,,,,,,,
CARD,POST,CARD-MTB-100410,MERCHANT,MERCH-001,INDIVIDUAL,IND-0084,CREDIT,MTB-CARD-20260730-873512,CARD-MTB-100410,CARD_PAYMENT,SETTLED,2026-07-30T14:51:53Z,2026-07-30 00:00:00,CARD,AMEX,526849XXXXXX1868,CREDIT,COMMERCIAL,MERCH-001,Bluepeak Hardware Supply LLC,Bluepeak Hardware Supply,Chicago,GA,53350,US,54.82,USD,APPROVED,GYOVDNI,2026-07-30T14:51:53Z,90,CARD_NOT_PRESENT,2231688113822343303239,59324606-UVI6YHUG6H,ORDER-13679,APPROVED,PENDING,PENDING,PENDING,UNRECONCILED,PASSED,NO_MATCH,MATCH,PASSED,,,[],2026-07-30T14:51:53Z,True,2026-07-30T14:51:53Z,4456,8000,False,0,BATCH-MTB-20260730-9,SETTLED,2026-07-31T14:51:53Z,2026-07-30T18:51:53Z,240,True,False,0,,IDEMP-CARD-MTB-100410,,PASSED,False,2025-09-01 00:00:00,156,332,False,5,10,127.99,77.4,False,55,10000,0.005,59.96,[],False,WorldPay,WorldPay,2026-07-30 00:00:00,2026-07-30 00:00:00,DDA,MTB0000001,Summit Ridge Bank,526849XXXXXX1868,AMEX,CREDIT,COMMERCIAL,Ironbridge National Bank,US,SETTLED,BATCH-MTB-20260730-9,SETL-CARD-MTB-100410,2026-07-30 00:00:00,2026-07-30T18:51:53Z,54.82,1.49,"[{'fee_type': 'DISCOUNT_FEE', 'amount': 1.01, 'currency': 'USD'}, {'fee_type': 'TRANSACTION_FEE', 'amount': 0.21, 'currency': 'USD'}, {'fee_type': 'AUTHORIZATION_FEE', 'amount': 0.07, 'currency': 'USD'}, {'fee_type': 'OTHER_FEE', 'amount': 0.2, 'currency': 'USD'}]",0,USD,53.33,USD,POSTED,POST-MTB-850023434,2026-07-30T18:56:53Z,CREDIT,USD,2026-07-30 00:00:00,LEDG-CARD-MTB-100410,DDA,MTB0000001,NONE,0,USD,53.33,Meridian Trust Bank,2813398050,MATCHED,2026-07-31T05:51:53Z,0,True,LEDG-CARD-MTB-100410,53.33,53.33,SETL-CARD-MTB-100410,,,False,False,False,2813398050,,,,,,,,,,,,,,,,,,,,,,,,,,,,,,,,,,,,,,,,,,,,,,,,,,,,,,,,,,,,,,,,,,,,,,,,,,,,,,,,,,,,,,,,,,,,,,,,,,,,,,,,,,,,,,,,,,,,,,,,,,,,,,,,,,,,,,,,,,,,,,,,,,,,,,,,,,,,,,,,,,,,,,,,,,,,,,,,,,,
CARD,POST,CARD-MTB-100417,MERCHANT,MERCH-010,INDIVIDUAL,IND-0069,CREDIT,MTB-CARD-20260820-973997,CARD-MTB-100417,CARD_PAYMENT,SETTLED,2026-08-20T01:45:43Z,2026-08-20 00:00:00,CARD,DISCOVER,449911XXXXXX7286,CREDIT,CONSUMER,MERCH-010,Wrenfield Pharmacy Group LLC,Wrenfield Pharmacy Group,Cincinnati,MI,67468,US,2034.32,USD,APPROVED,S8J4HVL,2026-08-20T01:45:43Z,5,CARD_PRESENT,7157789444009837937937,56315136-EFPHKZ74IS,ORDER-91484,APPROVED,PENDING,PENDING,PENDING,UNRECONCILED,PASSED,NO_MATCH,MATCH,PASSED,,,[],2026-08-20T01:45:43Z,True,2026-08-20T01:45:44Z,1345,8000,False,0,BATCH-MTB-20260820-7,SETTLED,2026-08-20T02:45:43Z,2026-08-20T02:45:43Z,60,True,False,0,,IDEMP-CARD-MTB-100417,,PASSED,False,2024-08-06 00:00:00,71,744,False,1,7,6121.53,2723.1,False,44,10000,0.203,2341.71,[],False,Airwallex,Airwallex,2026-08-20 00:00:00,2026-08-20 00:00:00,DDA,MTB0000001,Ironbridge National Bank,449911XXXXXX7286,DISCOVER,CREDIT,CONSUMER,Ironbridge National Bank,US,SETTLED,BATCH-MTB-20260820-7,SETL-CARD-MTB-100417,2026-08-20 00:00:00,2026-08-20T02:45:43Z,2034.32,67.64,"[{'fee_type': 'DISCOUNT_FEE', 'amount': 46.0, 'currency': 'USD'}, {'fee_type': 'TRANSACTION_FEE', 'amount': 9.47, 'currency': 'USD'}, {'fee_type': 'AUTHORIZATION_FEE', 'amount': 3.38, 'currency': 'USD'}, {'fee_type': 'OTHER_FEE', 'amount': 8.79, 'currency': 'USD'}]",0,USD,1966.68,USD,POSTED,POST-MTB-545847474,2026-08-20T02:50:43Z,CREDIT,USD,2026-08-20 00:00:00,LEDG-CARD-MTB-100417,DDA,MTB0000001,NONE,0,USD,1966.68,Vertex Commerce Pay,4806704660,MATCHED,2026-08-20T08:45:43Z,0,True,LEDG-CARD-MTB-100417,1966.68,1966.68,SETL-CARD-MTB-100417,,,False,False,False,4806704660,,,,,,,,,,,,,,,,,,,,,,,,,,,,,,,,,,,,,,,,,,,,,,,,,,,,,,,,,,,,,,,,,,,,,,,,,,,,,,,,,,,,,,,,,,,,,,,,,,,,,,,,,,,,,,,,,,,,,,,,,,,,,,,,,,,,,,,,,,,,,,,,,,,,,,,,,,,,,,,,,,,,,,,,,,,,,,,,,,,
CARD,POST,CARD-MTB-100412,MERCHANT,MERCH-003,EXTERNAL_INDIVIDUAL,EXT-P-5745,CREDIT,MTB-CARD-20260626-933020,CARD-MTB-100412,CARD_PAYMENT,SETTLED,2026-06-26T08:02:45Z,2026-06-26 00:00:00,CARD,DISCOVER,560416XXXXXX5701,CREDIT,CONSUMER,MERCH-003,Harbor & Vine Grocers LLC,Harbor & Vine Grocers,Nashville,KY,27184,US,198.05,USD,APPROVED,ZPIEJQ0,2026-06-26T08:02:45Z,90,CARD_NOT_PRESENT,9439356443514167180588,76109755-IJ0XXQ0DGT,ORDER-54301,APPROVED,PENDING,PENDING,PENDING,UNRECONCILED,PASSED,NO_MATCH,MATCH,PASSED,,,[],2026-06-26T08:02:45Z,True,2026-06-26T08:02:45Z,3715,8000,False,0,BATCH-MTB-20260626-2,SETTLED,2026-06-26T20:02:45Z,2026-06-26T16:02:45Z,480,True,False,0,,IDEMP-CARD-MTB-100412,,PASSED,False,2026-01-31 00:00:00,59,146,False,3,5,708.36,280.33,False,35,10000,0.02,215.36,[],False,WorldPay,WorldPay,2026-06-26 00:00:00,2026-06-26 00:00:00,DDA,MTB0000001,Cascade Point Bank,560416XXXXXX5701,DISCOVER,CREDIT,CONSUMER,Ironbridge National Bank,US,SETTLED,BATCH-MTB-20260626-2,SETL-CARD-MTB-100412,2026-06-26 00:00:00,2026-06-26T16:02:45Z,198.05,4.2,"[{'fee_type': 'DISCOUNT_FEE', 'amount': 2.86, 'currency': 'USD'}, {'fee_type': 'TRANSACTION_FEE', 'amount': 0.59, 'currency': 'USD'}, {'fee_type': 'AUTHORIZATION_FEE', 'amount': 0.21, 'currency': 'USD'}, {'fee_type': 'OTHER_FEE', 'amount': 0.54, 'currency': 'USD'}]",0,USD,193.85,USD,POSTED,POST-MTB-119681657,2026-06-26T16:07:45Z,CREDIT,USD,2026-06-26 00:00:00,LEDG-CARD-MTB-100412,DDA,MTB0000001,NONE,0,USD,193.85,Northstar Payment Solutions,8112126311,MATCHED,2026-06-27T20:02:45Z,0,True,LEDG-CARD-MTB-100412,193.85,193.85,SETL-CARD-MTB-100412,,,False,False,False,8112126311,,,,,,,,,,,,,,,,,,,,,,,,,,,,,,,,,,,,,,,,,,,,,,,,,,,,,,,,,,,,,,,,,,,,,,,,,,,,,,,,,,,,,,,,,,,,,,,,,,,,,,,,,,,,,,,,,,,,,,,,,,,,,,,,,,,,,,,,,,,,,,,,,,,,,,,,,,,,,,,,,,,,,,,,,,,,,,,,,,,
CARD,POST,CARD-MTB-100472,MERCHANT,MERCH-003,EXTERNAL_INDIVIDUAL,EXT-P-3633,CREDIT,MTB-CARD-20260714-617043,CARD-MTB-100472,CARD_PAYMENT,SETTLED,2026-07-14T19:25:31Z,2026-07-14 00:00:00,CARD,VISA,545515XXXXXX5956,CREDIT,CONSUMER,MERCH-003,Harbor & Vine Grocers LLC,Harbor & Vine Grocers,Atlanta,PA,70010,US,65.76,USD,APPROVED,TX8U1VC,2026-07-14T19:25:31Z,5,CARD_PRESENT,7260001885812340031552,48719252-LXGQQI7FRE,ORDER-55312,APPROVED,PENDING,PENDING,PENDING,UNRECONCILED,PASSED,NO_MATCH,PARTIAL_MATCH,PASSED,,,[],2026-07-14T19:25:31Z,True,2026-07-14T19:25:31Z,1059,8000,False,91,BATCH-MTB-20260714-5,SETTLED,2026-07-16T19:25:31Z,2026-07-14T23:25:31Z,240,True,False,0,,IDEMP-CARD-MTB-100472,,PASSED,False,2024-12-16 00:00:00,165,575,False,5,10,130.17,44.31,False,55,10000,0.007,73.83,[],False,Airwallex,Airwallex,2026-07-14 00:00:00,2026-07-14 00:00:00,DDA,MTB0000001,Cascade Point Bank,545515XXXXXX5956,VISA,CREDIT,CONSUMER,Cascade Point Bank,US,SETTLED,BATCH-MTB-20260714-5,SETL-CARD-MTB-100472,2026-07-14 00:00:00,2026-07-14T23:25:31Z,65.76,1.6,"[{'fee_type': 'DISCOUNT_FEE', 'amount': 1.09, 'currency': 'USD'}, {'fee_type': 'TRANSACTION_FEE', 'amount': 0.22, 'currency': 'USD'}, {'fee_type': 'AUTHORIZATION_FEE', 'amount': 0.08, 'currency': 'USD'}, {'fee_type': 'OTHER_FEE', 'amount': 0.21, 'currency': 'USD'}]",0,USD,64.16,USD,POSTED,POST-MTB-668809315,2026-07-14T23:30:31Z,CREDIT,USD,2026-07-14 00:00:00,LEDG-CARD-MTB-100472,DDA,MTB0000001,NONE,0,USD,64.16,Northstar Payment Solutions,8112126311,MATCHED,2026-07-15T14:25:31Z,0,True,LEDG-CARD-MTB-100472,64.16,64.16,SETL-CARD-MTB-100472,,,False,False,False,8112126311,,,,,,,,,,,,,,,,,,,,,,,,,,,,,,,,,,,,,,,,,,,,,,,,,,,,,,,,,,,,,,,,,,,,,,,,,,,,,,,,,,,,,,,,,,,,,,,,,,,,,,,,,,,,,,,,,,,,,,,,,,,,,,,,,,,,,,,,,,,,,,,,,,,,,,,,,,,,,,,,,,,,,,,,,,,,,,,,,,,
CARD,POST,CARD-MTB-100438,MERCHANT,MERCH-010,EXTERNAL_INDIVIDUAL,EXT-P-5909,CREDIT,MTB-CARD-20260816-234132,CARD-MTB-100438,CARD_PAYMENT,SETTLED,2026-08-16T03:04:13Z,2026-08-16 00:00:00,CARD,DISCOVER,523443XXXXXX1022,CREDIT,COMMERCIAL,MERCH-010,Wrenfield Pharmacy Group LLC,Wrenfield Pharmacy Group,Cleveland,GA,84199,US,3788.88,USD,APPROVED,CUF5BNI,2026-08-16T03:04:13Z,5,CARD_PRESENT,5423199380061530346088,49090614-S5VIP57CW3,ORDER-76094,APPROVED,PENDING,PENDING,PENDING,UNRECONCILED,PASSED,MATCH,MATCH,PASSED,,,[],2026-08-16T03:04:13Z,True,2026-08-16T03:04:14Z,3638,8000,False,0,BATCH-MTB-20260816-4,SETTLED,2026-08-17T03:04:13Z,2026-08-16T09:04:13Z,360,True,False,0,,IDEMP-CARD-MTB-100438,,PASSED,False,2024-02-28 00:00:00,162,900,False,5,14,5755.6,3885.68,False,68,10000,0.379,4013.52,[],False,Airwallex,Airwallex,2026-08-16 00:00:00,2026-08-16 00:00:00,DDA,MTB0000001,Summit Ridge Bank,523443XXXXXX1022,DISCOVER,CREDIT,COMMERCIAL,Ironbridge National Bank,US,SETTLED,BATCH-MTB-20260816-4,SETL-CARD-MTB-100438,2026-08-16 00:00:00,2026-08-16T09:04:13Z,3788.88,106.43,"[{'fee_type': 'DISCOUNT_FEE', 'amount': 72.37, 'currency': 'USD'}, {'fee_type': 'TRANSACTION_FEE', 'amount': 14.9, 'currency': 'USD'}, {'fee_type': 'AUTHORIZATION_FEE', 'amount': 5.32, 'currency': 'USD'}, {'fee_type': 'OTHER_FEE', 'amount': 13.84, 'currency': 'USD'}]",0,USD,3682.45,USD,POSTED,POST-MTB-683196121,2026-08-16T09:09:13Z,CREDIT,USD,2026-08-16 00:00:00,LEDG-CARD-MTB-100438,DDA,MTB0000001,NONE,0,USD,3682.45,Vertex Commerce Pay,4806704660,NOT_YET_RECONCILED,,0,True,LEDG-CARD-MTB-100438,3682.45,3682.45,SETL-CARD-MTB-100438,,,False,False,False,4806704660,,,,,,,,,,,,,,,,,,,,,,,,,,,,,,,,,,,,,,,,,,,,,,,,,,,,,,,,,,,,,,,,,,,,,,,,,,,,,,,,,,,,,,,,,,,,,,,,,,,,,,,,,,,,,,,,,,,,,,,,,,,,,,,,,,,,,,,,,,,,,,,,,,,,,,,,,,,,,,,,,,,,,,,,,,,,,,,,,,,
CARD,POST,CARD-MTB-100442,MERCHANT,MERCH-009,EXTERNAL_INDIVIDUAL,EXT-P-3991,CREDIT,MTB-CARD-20260804-700629,CARD-MTB-100442,CARD_PAYMENT,SETTLED,2026-08-04T09:17:11Z,2026-08-04 00:00:00,CARD,DISCOVER,453376XXXXXX4895,DEBIT,COMMERCIAL,MERCH-009,Copperfield Building Supply LLC,Copperfield Building Supply,Atlanta,NC,11385,US,14.23,USD,APPROVED,79ERTKO,2026-08-04T09:17:11Z,5,CARD_PRESENT,0382017450767806762918,56340536-8JB2WSMI3M,ORDER-21994,APPROVED,PENDING,PENDING,PENDING,UNRECONCILED,PASSED,MATCH,MATCH,PASSED,,,[],2026-08-04T09:17:11Z,True,2026-08-04T09:17:12Z,2529,8000,False,0,BATCH-MTB-20260804-1,SETTLED,2026-08-04T10:17:11Z,2026-08-04T10:17:11Z,60,True,False,0,,IDEMP-CARD-MTB-100442,,PASSED,False,2024-04-27 00:00:00,91,829,False,1,8,42.8,21.48,False,44,10000,0.001,14.07,[],False,Airwallex,Airwallex,2026-08-04 00:00:00,2026-08-04 00:00:00,DDA,MTB0000001,Summit Ridge Bank,453376XXXXXX4895,DISCOVER,DEBIT,COMMERCIAL,Ironbridge National Bank,US,SETTLED,BATCH-MTB-20260804-1,SETL-CARD-MTB-100442,2026-08-04 00:00:00,2026-08-04T10:17:11Z,14.23,0.31,"[{'fee_type': 'DISCOUNT_FEE', 'amount': 0.21, 'currency': 'USD'}, {'fee_type': 'TRANSACTION_FEE', 'amount': 0.04, 'currency': 'USD'}, {'fee_type': 'AUTHORIZATION_FEE', 'amount': 0.02, 'currency': 'USD'}, {'fee_type': 'OTHER_FEE', 'amount': 0.04, 'currency': 'USD'}]",0,USD,13.92,USD,POSTED,POST-MTB-153282044,2026-08-04T10:22:11Z,CREDIT,USD,2026-08-04 00:00:00,LEDG-CARD-MTB-100442,DDA,MTB0000001,NONE,0,USD,13.92,Northstar Payment Solutions,9446335263,NOT_YET_RECONCILED,,0,True,LEDG-CARD-MTB-100442,13.92,13.92,SETL-CARD-MTB-100442,,,False,False,False,9446335263,,,,,,,,,,,,,,,,,,,,,,,,,,,,,,,,,,,,,,,,,,,,,,,,,,,,,,,,,,,,,,,,,,,,,,,,,,,,,,,,,,,,,,,,,,,,,,,,,,,,,,,,,,,,,,,,,,,,,,,,,,,,,,,,,,,,,,,,,,,,,,,,,,,,,,,,,,,,,,,,,,,,,,,,,,,,,,,,,,,
CARD,POST,CARD-MTB-100481,MERCHANT,MERCH-001,EXTERNAL_INDIVIDUAL,EXT-P-4982,CREDIT,MTB-CARD-20260626-864425,CARD-MTB-100481,CARD_PAYMENT,SETTLED,2026-06-26T01:56:09Z,2026-06-26 00:00:00,CARD,AMEX,472261XXXXXX3861,DEBIT,COMMERCIAL,MERCH-001,Bluepeak Hardware Supply LLC,Bluepeak Hardware Supply,Pittsburgh,MI,58678,US,4567.59,USD,APPROVED,4NRWCCY,2026-06-26T01:56:09Z,7,CARD_PRESENT,7169352241134438220181,70848428-2OI5WZMXSI,ORDER-77870,APPROVED,PENDING,PENDING,PENDING,UNRECONCILED,PASSED,MATCH,MATCH,PASSED,,,[],2026-06-26T01:56:09Z,True,2026-06-26T01:56:09Z,2283,8000,False,0,BATCH-MTB-20260626-9,SETTLED,2026-06-26T13:56:09Z,2026-06-26T07:56:09Z,360,True,False,0,,IDEMP-CARD-MTB-100481,,PASSED,False,2026-03-22 00:00:00,75,96,False,1,7,19359.81,9236.14,False,47,10000,0.457,5022.14,[],False,Airwallex,Airwallex,2026-06-26 00:00:00,2026-06-26 00:00:00,DDA,MTB0000001,Ironbridge National Bank,472261XXXXXX3861,AMEX,DEBIT,COMMERCIAL,Summit Ridge Bank,US,SETTLED,BATCH-MTB-20260626-9,SETL-CARD-MTB-100481,2026-06-26 00:00:00,2026-06-26T07:56:09Z,4567.59,83.99,"[{'fee_type': 'DISCOUNT_FEE', 'amount': 57.11, 'currency': 'USD'}, {'fee_type': 'TRANSACTION_FEE', 'amount': 11.76, 'currency': 'USD'}, {'fee_type': 'AUTHORIZATION_FEE', 'amount': 4.2, 'currency': 'USD'}, {'fee_type': 'OTHER_FEE', 'amount': 10.92, 'currency': 'USD'}]",0,USD,4483.6,USD,POSTED,POST-MTB-270350246,2026-06-26T08:01:09Z,CREDIT,USD,2026-06-26 00:00:00,LEDG-CARD-MTB-100481,DDA,MTB0000001,NONE,0,USD,4483.6,Meridian Trust Bank,2813398050,MATCHED,2026-06-27T17:56:09Z,0,True,LEDG-CARD-MTB-100481,4483.6,4483.6,SETL-CARD-MTB-100481,,,False,False,False,2813398050,,,,,,,,,,,,,,,,,,,,,,,,,,,,,,,,,,,,,,,,,,,,,,,,,,,,,,,,,,,,,,,,,,,,,,,,,,,,,,,,,,,,,,,,,,,,,,,,,,,,,,,,,,,,,,,,,,,,,,,,,,,,,,,,,,,,,,,,,,,,,,,,,,,,,,,,,,,,,,,,,,,,,,,,,,,,,,,,,,,
CARD,POST,CARD-MTB-100413,MERCHANT,MERCH-004,EXTERNAL_INDIVIDUAL,EXT-P-7982,CREDIT,MTB-CARD-20260814-325743,CARD-MTB-100413,CARD_PAYMENT,SETTLED,2026-08-14T08:43:19Z,2026-08-14 00:00:00,CARD,DISCOVER,515965XXXXXX3210,CREDIT,COMMERCIAL,MERCH-004,Pinehollow Auto Parts LLC,Pinehollow Auto Parts,Louisville,OH,52259,US,2062.83,USD,APPROVED,2EB8EDP,2026-08-14T08:43:19Z,5,CARD_PRESENT,9147056712715597946729,99377822-48RBCU87HE,ORDER-97899,APPROVED,PENDING,PENDING,PENDING,UNRECONCILED,PASSED,MATCH,PARTIAL_MATCH,PASSED,,,[],2026-08-14T08:43:19Z,True,2026-08-14T08:43:19Z,3196,8000,False,0,BATCH-MTB-20260814-2,SETTLED,2026-08-14T20:43:19Z,2026-08-14T13:43:19Z,300,True,False,0,,IDEMP-CARD-MTB-100413,,PASSED,True,2026-08-11 00:00:00,0,3,True,1,2,8203.5,5013.77,False,25,10000,0.206,2134.04,[],False,Airwallex,Airwallex,2026-08-14 00:00:00,2026-08-14 00:00:00,DDA,MTB0000001,Summit Ridge Bank,515965XXXXXX3210,DISCOVER,CREDIT,COMMERCIAL,Summit Ridge Bank,US,SETTLED,BATCH-MTB-20260814-2,SETL-CARD-MTB-100413,2026-08-14 00:00:00,2026-08-14T13:43:19Z,2062.83,70.13,"[{'fee_type': 'DISCOUNT_FEE', 'amount': 47.69, 'currency': 'USD'}, {'fee_type': 'TRANSACTION_FEE', 'amount': 9.82, 'currency': 'USD'}, {'fee_type': 'AUTHORIZATION_FEE', 'amount': 3.51, 'currency': 'USD'}, {'fee_type': 'OTHER_FEE', 'amount': 9.11, 'currency': 'USD'}]",0,USD,1992.7,USD,POSTED,POST-MTB-342370723,2026-08-14T13:48:19Z,CREDIT,USD,2026-08-14 00:00:00,LEDG-CARD-MTB-100413,DDA,MTB0000001,NONE,0,USD,1992.7,Vertex Commerce Pay,3061977058,MATCHED,2026-08-15T18:43:19Z,0,True,LEDG-CARD-MTB-100413,1992.7,1992.7,SETL-CARD-MTB-100413,,,False,False,True,3061977058,,,,,,,,,,,,,,,,,,,,,,,,,,,,,,,,,,,,,,,,,,,,,,,,,,,,,,,,,,,,,,,,,,,,,,,,,,,,,,,,,,,,,,,,,,,,,,,,,,,,,,,,,,,,,,,,,,,,,,,,,,,,,,,,,,,,,,,,,,,,,,,,,,,,,,,,,,,,,,,,,,,,,,,,,,,,,,,,,,,
CARD,POST,CARD-MTB-100486,MERCHANT,MERCH-002,INDIVIDUAL,IND-0020,CREDIT,MTB-CARD-20260726-883773,CARD-MTB-100486,CARD_PAYMENT,SETTLED,2026-07-26T12:17:59Z,2026-07-26 00:00:00,CARD,DISCOVER,446710XXXXXX5550,CREDIT,CONSUMER,MERCH-002,Crestline Office Outfitters LLC,Crestline Office Outfitters,Indianapolis,CO,53371,US,133.06,USD,APPROVED,4ONA62J,2026-07-26T12:17:59Z,90,CARD_NOT_PRESENT,4537035020290490091828,95382434-VMSDNNAMM2,ORDER-55967,APPROVED,PENDING,PENDING,PENDING,UNRECONCILED,PASSED,NO_MATCH,MATCH,PASSED,,,[],2026-07-26T12:17:59Z,True,2026-07-26T12:18:00Z,453,8000,False,0,BATCH-MTB-20260726-8,SETTLED,2026-07-26T13:17:59Z,2026-07-26T14:17:59Z,120,True,False,0,,IDEMP-CARD-MTB-100486,,PASSED,False,2023-04-16 00:00:00,62,1197,False,2,8,447.8,274.71,False,49,10000,0.013,165.02,[],False,Airwallex,Airwallex,2026-07-26 00:00:00,2026-07-26 00:00:00,DDA,MTB0000001,Summit Ridge Bank,446710XXXXXX5550,DISCOVER,CREDIT,CONSUMER,Summit Ridge Bank,US,SETTLED,BATCH-MTB-20260726-8,SETL-CARD-MTB-100486,2026-07-26 00:00:00,2026-07-26T14:17:59Z,133.06,2.5,"[{'fee_type': 'DISCOUNT_FEE', 'amount': 1.7, 'currency': 'USD'}, {'fee_type': 'TRANSACTION_FEE', 'amount': 0.35, 'currency': 'USD'}, {'fee_type': 'AUTHORIZATION_FEE', 'amount': 0.12, 'currency': 'USD'}, {'fee_type': 'OTHER_FEE', 'amount': 0.33, 'currency': 'USD'}]",0,USD,130.56,USD,POSTED,POST-MTB-321936125,2026-07-26T14:22:59Z,CREDIT,USD,2026-07-26 00:00:00,LEDG-CARD-MTB-100486,DDA,MTB0000001,NONE,0,USD,130.56,Vertex Commerce Pay,5123580257,MATCHED,2026-07-27T11:17:59Z,0,True,LEDG-CARD-MTB-100486,130.56,130.56,SETL-CARD-MTB-100486,,,False,False,False,5123580257,,,,,,,,,,,,,,,,,,,,,,,,,,,,,,,,,,,,,,,,,,,,,,,,,,,,,,,,,,,,,,,,,,,,,,,,,,,,,,,,,,,,,,,,,,,,,,,,,,,,,,,,,,,,,,,,,,,,,,,,,,,,,,,,,,,,,,,,,,,,,,,,,,,,,,,,,,,,,,,,,,,,,,,,,,,,,,,,,,,
CARD,POST,CARD-MTB-100402,MERCHANT,MERCH-001,EXTERNAL_INDIVIDUAL,EXT-P-5400,CREDIT,MTB-CARD-20260628-992846,CARD-MTB-100402,CARD_PAYMENT,SETTLED,2026-06-28T03:03:55Z,2026-06-28 00:00:00,CARD,AMEX,503069XXXXXX8351,CREDIT,CONSUMER,MERCH-001,Bluepeak Hardware Supply LLC,Bluepeak Hardware Supply,Nashville,OH,97833,US,181.14,USD,APPROVED,YIE4V1N,2026-06-28T03:03:55Z,81,CARD_NOT_PRESENT,2756870279785257775286,83850752-PU6P5YTXM7,ORDER-10316,APPROVED,PENDING,PENDING,PENDING,UNRECONCILED,PASSED,MATCH,MATCH,PASSED,,,[],2026-06-28T03:03:55Z,True,2026-06-28T03:03:56Z,2166,8000,False,0,BATCH-MTB-20260628-2,SETTLED,2026-06-29T03:03:55Z,2026-06-28T10:03:55Z,420,True,False,0,,IDEMP-CARD-MTB-100402,,PASSED,False,2023-06-26 00:00:00,120,1098,False,1,4,284.49,100.02,False,32,10000,0.018,207.24,[],False,WorldPay,WorldPay,2026-06-28 00:00:00,2026-06-28 00:00:00,DDA,MTB0000001,Summit Ridge Bank,503069XXXXXX8351,AMEX,CREDIT,CONSUMER,Ironbridge National Bank,US,SETTLED,BATCH-MTB-20260628-2,SETL-CARD-MTB-100402,2026-06-28 00:00:00,2026-06-28T10:03:55Z,181.14,4.51,"[{'fee_type': 'DISCOUNT_FEE', 'amount': 3.07, 'currency': 'USD'}, {'fee_type': 'TRANSACTION_FEE', 'amount': 0.63, 'currency': 'USD'}, {'fee_type': 'AUTHORIZATION_FEE', 'amount': 0.23, 'currency': 'USD'}, {'fee_type': 'OTHER_FEE', 'amount': 0.58, 'currency': 'USD'}]",0,USD,176.63,USD,POSTED,POST-MTB-401204255,2026-06-28T10:08:55Z,CREDIT,USD,2026-06-28 00:00:00,LEDG-CARD-MTB-100402,DDA,MTB0000001,NONE,0,USD,176.63,Meridian Trust Bank,2813398050,NOT_YET_RECONCILED,,0,True,LEDG-CARD-MTB-100402,176.63,176.63,SETL-CARD-MTB-100402,,,False,False,False,2813398050,,,,,,,,,,,,,,,,,,,,,,,,,,,,,,,,,,,,,,,,,,,,,,,,,,,,,,,,,,,,,,,,,,,,,,,,,,,,,,,,,,,,,,,,,,,,,,,,,,,,,,,,,,,,,,,,,,,,,,,,,,,,,,,,,,,,,,,,,,,,,,,,,,,,,,,,,,,,,,,,,,,,,,,,,,,,,,,,,,,
CARD,POST,CARD-MTB-100423,MERCHANT,MERCH-002,INDIVIDUAL,IND-0017,CREDIT,MTB-CARD-20260803-639501,CARD-MTB-100423,CARD_PAYMENT,SETTLED,2026-08-03T10:04:40Z,2026-08-03 00:00:00,CARD,VISA,529108XXXXXX8812,DEBIT,COMMERCIAL,MERCH-002,Crestline Office Outfitters LLC,Crestline Office Outfitters,Atlanta,NC,63042,US,1935.15,USD,APPROVED,OU87OT2,2026-08-03T10:04:40Z,5,CARD_PRESENT,6118541025431272617178,60033670-PZ269JPN25,ORDER-46728,APPROVED,PENDING,PENDING,PENDING,UNRECONCILED,PASSED,MATCH,MATCH,PASSED,,,[],2026-08-03T10:04:40Z,True,2026-08-03T10:04:41Z,646,8000,False,0,BATCH-MTB-20260803-3,SETTLED,2026-08-03T22:04:40Z,2026-08-03T16:04:40Z,360,True,False,0,,IDEMP-CARD-MTB-100423,,PASSED,False,2023-01-11 00:00:00,52,1300,False,5,5,2607.53,1027.04,False,41,10000,0.194,1710.41,[],False,Airwallex,Airwallex,2026-08-03 00:00:00,2026-08-03 00:00:00,DDA,MTB0000001,Cascade Point Bank,529108XXXXXX8812,VISA,DEBIT,COMMERCIAL,Cascade Point Bank,US,SETTLED,BATCH-MTB-20260803-3,SETL-CARD-MTB-100423,2026-08-03 00:00:00,2026-08-03T16:04:40Z,1935.15,50.78,"[{'fee_type': 'DISCOUNT_FEE', 'amount': 34.53, 'currency': 'USD'}, {'fee_type': 'TRANSACTION_FEE', 'amount': 7.11, 'currency': 'USD'}, {'fee_type': 'AUTHORIZATION_FEE', 'amount': 2.54, 'currency': 'USD'}, {'fee_type': 'OTHER_FEE', 'amount': 6.6, 'currency': 'USD'}]",0,USD,1884.37,USD,POSTED,POST-MTB-518572302,2026-08-03T16:09:40Z,CREDIT,USD,2026-08-03 00:00:00,LEDG-CARD-MTB-100423,DDA,MTB0000001,NONE,0,USD,1884.37,Vertex Commerce Pay,5123580257,MATCHED,2026-08-05T04:04:40Z,0,True,LEDG-CARD-MTB-100423,1884.37,1884.37,SETL-CARD-MTB-100423,,,False,False,False,5123580257,,,,,,,,,,,,,,,,,,,,,,,,,,,,,,,,,,,,,,,,,,,,,,,,,,,,,,,,,,,,,,,,,,,,,,,,,,,,,,,,,,,,,,,,,,,,,,,,,,,,,,,,,,,,,,,,,,,,,,,,,,,,,,,,,,,,,,,,,,,,,,,,,,,,,,,,,,,,,,,,,,,,,,,,,,,,,,,,,,,
CARD,POST,CARD-MTB-100466,MERCHANT,MERCH-002,EXTERNAL_INDIVIDUAL,EXT-P-2424,CREDIT,MTB-CARD-20260820-628020,CARD-MTB-100466,CARD_PAYMENT,AUTHORIZED,2026-08-20T06:13:30Z,2026-08-20 00:00:00,CARD,AMEX,493891XXXXXX5397,CREDIT,CONSUMER,MERCH-002,Crestline Office Outfitters LLC,Crestline Office Outfitters,Indianapolis,IL,36174,US,163.38,USD,APPROVED,3QIKB3K,2026-08-20T06:13:30Z,5,CARD_PRESENT,0185354780172640310672,52576336-JAGRQBDRTA,ORDER-81102,APPROVED,PENDING,PENDING,PENDING,UNRECONCILED,PASSED,MATCH,MATCH,PASSED,,,[],2026-08-20T06:13:30Z,True,2026-08-20T06:13:30Z,4272,8000,False,0,,OPEN,2026-08-20T10:13:30Z,,,False,False,0,,IDEMP-CARD-MTB-100466,,PASSED,False,2024-01-05 00:00:00,108,958,False,1,8,394.41,157.78,False,53,10000,0.016,182.37,[],False,WorldPay,WorldPay,,,,,,,,,,,,,,,,,,,,,,,,,,,,,,,,,,,,,Vertex Commerce Pay,5123580257,NOT_APPLICABLE,,,,,,,,,,False,False,False,5123580257,,,,,,,,,,,,,,,,,,,,,,,,,,,,,,,,,,,,,,,,,,,,,,,,,,,,,,,,,,,,,,,,,,,,,,,,,,,,,,,,,,,,,,,,,,,,,,,,,,,,,,,,,,,,,,,,,,,,,,,,,,,,,,,,,,,,,,,,,,,,,,,,,,,,,,,,,,,,,,,,,,,,,,,,,,,,,,,,,,,
CARD,POST,CARD-MTB-100429,MERCHANT,MERCH-009,EXTERNAL_INDIVIDUAL,EXT-P-6927,CREDIT,MTB-CARD-20260802-560244,CARD-MTB-100429,CARD_PAYMENT,SETTLED,2026-08-02T21:36:42Z,2026-08-02 00:00:00,CARD,VISA,535193XXXXXX4534,CREDIT,CONSUMER,MERCH-009,Copperfield Building Supply LLC,Copperfield Building Supply,Chicago,NC,38165,US,166.27,USD,APPROVED,6M9O6KM,2026-08-02T21:36:42Z,90,CARD_NOT_PRESENT,6634116255739435755553,17992222-4ORKMMYV3L,ORDER-74784,APPROVED,PENDING,PENDING,PENDING,UNRECONCILED,PASSED,NO_MATCH,MATCH,PASSED,,,[],2026-08-02T21:36:42Z,True,2026-08-02T21:36:42Z,245,8000,False,0,BATCH-MTB-20260803-4,SETTLED,2026-08-04T21:36:42Z,2026-08-03T03:36:42Z,360,True,False,0,,IDEMP-CARD-MTB-100429,,PASSED,False,2023-11-19 00:00:00,80,987,False,1,1,204.62,72.58,False,24,10000,0.017,167.48,[],False,WorldPay,WorldPay,2026-08-03 00:00:00,2026-08-03 00:00:00,DDA,MTB0000001,Summit Ridge Bank,535193XXXXXX4534,VISA,CREDIT,CONSUMER,Ironbridge National Bank,US,SETTLED,BATCH-MTB-20260803-4,SETL-CARD-MTB-100429,2026-08-03 00:00:00,2026-08-03T03:36:42Z,166.27,3.63,"[{'fee_type': 'DISCOUNT_FEE', 'amount': 2.47, 'currency': 'USD'}, {'fee_type': 'TRANSACTION_FEE', 'amount': 0.51, 'currency': 'USD'}, {'fee_type': 'AUTHORIZATION_FEE', 'amount': 0.18, 'currency': 'USD'}, {'fee_type': 'OTHER_FEE', 'amount': 0.47, 'currency': 'USD'}]",0,USD,162.64,USD,POSTED,POST-MTB-406896449,2026-08-03T03:41:42Z,CREDIT,USD,2026-08-03 00:00:00,LEDG-CARD-MTB-100429,DDA,MTB0000001,NONE,0,USD,162.64,Northstar Payment Solutions,9446335263,MATCHED,2026-08-03T13:36:42Z,0,True,LEDG-CARD-MTB-100429,162.64,162.64,SETL-CARD-MTB-100429,,,False,False,False,9446335263,,,,,,,,,,,,,,,,,,,,,,,,,,,,,,,,,,,,,,,,,,,,,,,,,,,,,,,,,,,,,,,,,,,,,,,,,,,,,,,,,,,,,,,,,,,,,,,,,,,,,,,,,,,,,,,,,,,,,,,,,,,,,,,,,,,,,,,,,,,,,,,,,,,,,,,,,,,,,,,,,,,,,,,,,,,,,,,,,,,
CARD,POST,CARD-MTB-100487,MERCHANT,MERCH-010,EXTERNAL_INDIVIDUAL,EXT-P-9086,CREDIT,MTB-CARD-20260820-745312,CARD-MTB-100487,CARD_PAYMENT,SETTLED,2026-08-20T15:24:50Z,2026-08-20 00:00:00,CARD,VISA,420385XXXXXX7165,CREDIT,COMMERCIAL,MERCH-010,Wrenfield Pharmacy Group LLC,Wrenfield Pharmacy Group,Chicago,GA,72768,US,274.65,USD,APPROVED,T1Y58E7,2026-08-20T15:24:50Z,5,CARD_PRESENT,4130747554032888324006,19338508-3NEGGVHAVJ,ORDER-37184,APPROVED,PENDING,PENDING,PENDING,UNRECONCILED,PASSED,MATCH,MATCH,PASSED,,,[],2026-08-20T15:24:50Z,True,2026-08-20T15:24:50Z,1998,8000,False,0,BATCH-MTB-20260820-3,SETTLED,2026-08-21T03:24:50Z,2026-08-20T21:24:50Z,360,True,False,0,,IDEMP-CARD-MTB-100487,,PASSED,False,2024-02-22 00:00:00,52,910,False,5,8,485.51,330.17,False,41,10000,0.027,240.96,[],False,Airwallex,Airwallex,2026-08-20 00:00:00,2026-08-20 00:00:00,DDA,MTB0000001,Ironbridge National Bank,420385XXXXXX7165,VISA,CREDIT,COMMERCIAL,Summit Ridge Bank,US,SETTLED,BATCH-MTB-20260820-3,SETL-CARD-MTB-100487,2026-08-20 00:00:00,2026-08-20T21:24:50Z,274.65,4.19,"[{'fee_type': 'DISCOUNT_FEE', 'amount': 2.85, 'currency': 'USD'}, {'fee_type': 'TRANSACTION_FEE', 'amount': 0.59, 'currency': 'USD'}, {'fee_type': 'AUTHORIZATION_FEE', 'amount': 0.21, 'currency': 'USD'}, {'fee_type': 'OTHER_FEE', 'amount': 0.54, 'currency': 'USD'}]",0,USD,270.46,USD,POSTED,POST-MTB-309453972,2026-08-20T21:29:50Z,CREDIT,USD,2026-08-20 00:00:00,LEDG-CARD-MTB-100487,DDA,MTB0000001,NONE,0,USD,270.46,Vertex Commerce Pay,4806704660,MATCHED,2026-08-22T05:24:50Z,0,True,LEDG-CARD-MTB-100487,270.46,270.46,SETL-CARD-MTB-100487,,,False,False,False,4806704660,,,,,,,,,,,,,,,,,,,,,,,,,,,,,,,,,,,,,,,,,,,,,,,,,,,,,,,,,,,,,,,,,,,,,,,,,,,,,,,,,,,,,,,,,,,,,,,,,,,,,,,,,,,,,,,,,,,,,,,,,,,,,,,,,,,,,,,,,,,,,,,,,,,,,,,,,,,,,,,,,,,,,,,,,,,,,,,,,,,
CARD,POST,CARD-MTB-100509,MERCHANT,MERCH-003,EXTERNAL_INDIVIDUAL,EXT-P-2643,CREDIT,MTB-CARD-20260626-263591,CARD-MTB-100509,CARD_PAYMENT,SETTLED,2026-06-26T08:29:07Z,2026-06-26 00:00:00,CARD,AMEX,522371XXXXXX6823,DEBIT,COMMERCIAL,MERCH-003,Harbor & Vine Grocers LLC,Harbor & Vine Grocers,Pittsburgh,GA,69598,US,3914.39,USD,APPROVED,5E89WVN,2026-06-26T08:29:07Z,5,CARD_PRESENT,7018742801596499481666,20421155-I2NICDJBSM,ORDER-64615,APPROVED,PENDING,PENDING,PENDING,UNRECONCILED,PASSED,NO_MATCH,PARTIAL_MATCH,PASSED,,,[],2026-06-26T08:29:07Z,True,2026-06-26T08:29:07Z,950,8000,False,51,BATCH-MTB-20260627-7,SETTLED,2026-06-28T08:29:07Z,2026-06-27T18:29:07Z,2040,True,True,1,CARD-MTB-100425,IDEMP-CARD-MTB-100425,,FLAGGED,False,2026-01-20 00:00:00,4,157,False,1,4,12065.74,4368.02,False,38,10000,0.391,4778.55,[],False,WorldPay,WorldPay,2026-06-27 00:00:00,2026-06-27 00:00:00,DDA,MTB0000001,Ironbridge National Bank,522371XXXXXX6823,AMEX,DEBIT,COMMERCIAL,Summit Ridge Bank,US,SETTLED,BATCH-MTB-20260627-7,SETL-CARD-MTB-100509,2026-06-27 00:00:00,2026-06-27T18:29:07Z,3914.39,84.3,"[{'fee_type': 'DISCOUNT_FEE', 'amount': 57.32, 'currency': 'USD'}, {'fee_type': 'TRANSACTION_FEE', 'amount': 11.8, 'currency': 'USD'}, {'fee_type': 'AUTHORIZATION_FEE', 'amount': 4.21, 'currency': 'USD'}, {'fee_type': 'OTHER_FEE', 'amount': 10.97, 'currency': 'USD'}]",0,USD,3830.09,USD,POSTED,POST-MTB-219081408,2026-06-27T18:34:07Z,CREDIT,USD,2026-06-27 00:00:00,LEDG-CARD-MTB-100509,DDA,MTB0000001,OPEN,1897.58,USD,3830.09,Northstar Payment Solutions,8112126311,BREAK,2026-06-28T06:29:07Z,0,True,LEDG-CARD-MTB-100509,3830.09,3830.09,SETL-CARD-MTB-100509,,,False,False,False,8112126311,,,,,,,,,,,,,,,,,,,,,,,,,,,,,,,,,,,,,,,,,,,,,,,,,,,,,,,,,,,,,,,,,,,,,,,,,,,,,,,,,,,,,,,,,,,,,,,,,,,,,,,,,,,,,,,,,,,,,,,,,,,,,,,,,,,,,,,,,,,,,,,,,,,,,,,,,,,,,,,,,,,,,,,,,,,,,,,,,,,
CARD,POST,CARD-MTB-100456,MERCHANT,MERCH-001,INDIVIDUAL,IND-0074,CREDIT,MTB-CARD-20260813-593442,CARD-MTB-100456,CARD_PAYMENT,SETTLED,2026-08-13T17:38:42Z,2026-08-13 00:00:00,CARD,VISA,567452XXXXXX5023,CREDIT,COMMERCIAL,MERCH-001,Bluepeak Hardware Supply LLC,Bluepeak Hardware Supply,Cincinnati,IL,29402,US,2614.84,USD,APPROVED,LHHNKJ6,2026-08-13T17:38:42Z,90,CARD_NOT_PRESENT,8687867622521155723239,39644379-2W789FLG86,ORDER-55877,APPROVED,PENDING,PENDING,PENDING,UNRECONCILED,PASSED,NO_MATCH,MATCH,PASSED,,,[],2026-08-13T17:38:42Z,True,2026-08-13T17:38:42Z,3874,8000,False,0,BATCH-MTB-20260813-1,SETTLED,2026-08-14T17:38:42Z,2026-08-13T18:38:42Z,60,True,False,0,,IDEMP-CARD-MTB-100456,,PASSED,False,2023-03-10 00:00:00,14,1252,False,1,1,10978.84,4146.87,False,23,10000,0.261,2400.54,[],False,Airwallex,Airwallex,2026-08-13 00:00:00,2026-08-13 00:00:00,DDA,MTB0000001,Ironbridge National Bank,567452XXXXXX5023,VISA,CREDIT,COMMERCIAL,Ironbridge National Bank,US,SETTLED,BATCH-MTB-20260813-1,SETL-CARD-MTB-100456,2026-08-13 00:00:00,2026-08-13T18:38:42Z,2614.84,54.15,"[{'fee_type': 'DISCOUNT_FEE', 'amount': 36.82, 'currency': 'USD'}, {'fee_type': 'TRANSACTION_FEE', 'amount': 7.58, 'currency': 'USD'}, {'fee_type': 'AUTHORIZATION_FEE', 'amount': 2.71, 'currency': 'USD'}, {'fee_type': 'OTHER_FEE', 'amount': 7.04, 'currency': 'USD'}]",0,USD,2560.69,USD,POSTED,POST-MTB-557902847,2026-08-13T18:43:42Z,CREDIT,USD,2026-08-13 00:00:00,LEDG-CARD-MTB-100456,DDA,MTB0000001,NONE,0,USD,2560.69,Meridian Trust Bank,2813398050,MATCHED,2026-08-14T00:38:42Z,0,True,LEDG-CARD-MTB-100456,2560.69,2560.69,SETL-CARD-MTB-100456,,,False,False,False,2813398050,,,,,,,,,,,,,,,,,,,,,,,,,,,,,,,,,,,,,,,,,,,,,,,,,,,,,,,,,,,,,,,,,,,,,,,,,,,,,,,,,,,,,,,,,,,,,,,,,,,,,,,,,,,,,,,,,,,,,,,,,,,,,,,,,,,,,,,,,,,,,,,,,,,,,,,,,,,,,,,,,,,,,,,,,,,,,,,,,,,
