rail,settlement_stage,transaction_id,entity_type,entity_id,counterparty_type,counterparty_id,credit_debit_indicator,cheque.cheque_number,cheque.amount,cheque.currency,cheque.issue_date,cheque.micr.routing_number,cheque.micr.account_number,cheque.micr.onboarded_by,cheque.micr.issuer_bank,cheque.micr.serial_number,payee.payee_name,payee.depositary_bank.bofd_routing_number,payee.depositary_bank.depositor_account_number,presentment.presentment_id,presentment.presentment_date,presentment.clearing_channel,presentment.status,validation.micr_validation,validation.amount_validation,validation.image_quality,validation.signature_verification,validation.fraud_review,validation.format_validation_details.format_validation_status,validation.format_validation_details.rejection_code,validation.format_validation_details.rejection_reason,validation.format_validation_details.field_level_errors,clearing_network_response.request_timestamp,clearing_network_response.response_received,clearing_network_response.response_timestamp,clearing_network_response.response_time_ms,clearing_network_response.expected_response_sla_ms,clearing_network_response.network_timeout_flag,clearing_network_response.response_code,file_batch_tracking.cash_letter_id,file_batch_tracking.file_ack_status,file_batch_tracking.file_ack_timestamp,file_batch_tracking.expected_settlement_timestamp,file_batch_tracking.actual_settlement_timestamp,file_batch_tracking.settlement_lag_minutes,file_batch_tracking.file_reached_settlement,retry_control.is_retry,retry_control.retry_count,retry_control.original_transaction_id,retry_control.idempotency_key,retry_control.retry_reason,retry_control.duplicate_check_status,fraud_risk_indicators.new_payee_risk.is_new_payee,fraud_risk_indicators.new_payee_risk.payee_account_first_seen_date,fraud_risk_indicators.new_payee_risk.prior_transaction_count_with_payee,fraud_risk_indicators.new_payee_risk.payee_relationship_age_days,fraud_risk_indicators.new_payee_risk.new_payee_risk_flag,fraud_risk_indicators.funnel_account_detection.beneficiary_account_number,fraud_risk_indicators.funnel_account_detection.distinct_originating_accounts_24h,fraud_risk_indicators.funnel_account_detection.distinct_originating_accounts_7d,fraud_risk_indicators.funnel_account_detection.funnel_account_flag,fraud_risk_indicators.funnel_account_detection.related_transaction_ids,fraud_risk_indicators.velocity_checks.transaction_count_1h,fraud_risk_indicators.velocity_checks.transaction_count_24h,fraud_risk_indicators.velocity_checks.cumulative_amount_24h,fraud_risk_indicators.velocity_checks.velocity_baseline_avg_24h,fraud_risk_indicators.velocity_checks.velocity_threshold_breached,fraud_risk_indicators.velocity_checks.velocity_score,fraud_risk_indicators.structuring_detection.reporting_threshold_amount,fraud_risk_indicators.structuring_detection.amount_to_threshold_ratio,fraud_risk_indicators.structuring_detection.aggregate_amount_24h_same_originator,fraud_risk_indicators.structuring_detection.related_transactions_24h,fraud_risk_indicators.structuring_detection.structuring_flag,settlement.status,settlement.settlement_date,settlement.settlement_amount,settlement.settlement_reference,account_posting.status,account_posting.posting_date,account_posting.account_entry_type,account_posting.ledger_balance.before,account_posting.ledger_balance.after,account_posting.available_balance.before,account_posting.available_balance.after,reconciliation.reconciliation_status,reconciliation.reconciliation_timestamp,reconciliation.variance_amount,reconciliation.amount_match,reconciliation.ledger_transaction_id,reconciliation.network_settlement_amount,reconciliation.ledger_posted_amount,reconciliation.network_settlement_reference,payment.payment_id,payment.transaction_id,payment.rail,payment.network,payment.message_type,payment.status,message.message_id,message.instruction_id,message.end_to_end_id,message.received_timestamp,debtor.name,debtor.account_number,debtor.bank.issuer_name,debtor.bank.routing_number,creditor.name,creditor.account_number,creditor.bank.issuer_name,creditor.bank.routing_number,creditor.bank.onboarded_by,amount.value,amount.currency,remittance.information,remittance.reference,validation.message_validation,validation.participant_validation,validation.account_validation,validation.duplicate_check,risk_compliance.fraud_status,risk_compliance.sanctions_status,risk_compliance.aml_status,risk_compliance.compliance_status,network_response_control.request_timestamp,network_response_control.response_received,network_response_control.response_timestamp,network_response_control.response_time_ms,network_response_control.expected_response_sla_ms,network_response_control.network_timeout_flag,network_response_control.response_code,processing.decision,processing.settlement_status,processing.posting_status,originating_bank.name,originating_bank.bank_role,originating_bank.routing_number,originator.name,originator.identification,originator.account_number,originator.onboarded_by,originator.issuer_bank,receiver.name,receiver.account_number,receiver.account_type,receiver.routing_number,merchant_id,payment.transaction_code,payment.credit_debit,payment.amount,payment.currency,payment.effective_entry_date,payment.company_entry_description,ach_batch.batch_id,ach_batch.sec_code,ach_batch.service_class_code,ach_batch.batch_number,ach_file.file_id,ach_file.file_creation_date,ach_file.file_creation_time,ach_file.file_id_modifier,trace.trace_number,trace.original_trace_number,validation.routing_validation,validation.format_validation,file_batch_tracking.batch_status,settlement.expected_settlement_date,timestamps.received_at,timestamps.validated_at,timestamps.settled_at,timestamps.posted_at,payment.transaction_type,payment.created_at,payment.transaction_date,payment.payment_method.type,payment.payment_method.card_brand,payment.payment_method.card_number_masked,payment.payment_method.card_funding,payment.payment_method.card_category,merchant.merchant_id,merchant.legal_name,merchant.merchant_name,merchant.merchant_location.city,merchant.merchant_location.state,merchant.merchant_location.postal_code,merchant.merchant_location.country,transaction.amount,transaction.currency,transaction.authorization.status,transaction.authorization.authorization_code,transaction.authorization.authorization_timestamp,transaction.entry.entry_mode,transaction.entry.channel,references.trace_number,references.reference_id,references.order_id,processing.authorization_status,processing.capture_status,processing.reconciliation_status,risk.fraud_status,risk.cvv_result,risk.avs_result,format_validation_details.format_validation_status,format_validation_details.rejection_code,format_validation_details.rejection_reason,format_validation_details.field_level_errors,file_batch_tracking.settlement_batch_id,fraud_risk_indicators.new_merchant_risk.is_new_merchant,fraud_risk_indicators.new_merchant_risk.merchant_first_seen_date,fraud_risk_indicators.new_merchant_risk.prior_transaction_count_with_merchant,fraud_risk_indicators.new_merchant_risk.merchant_relationship_age_days,fraud_risk_indicators.new_merchant_risk.new_merchant_risk_flag,fraud_risk_indicators.structuring_detection.aggregate_amount_24h_same_card,payment_processor_name,merchant.payment_processor_name,wire_id,network.network,network.message_type,network.received_timestamp,network.settlement_status,identifiers.uetr,identifiers.imad,identifiers.message_id,identifiers.instruction_id,identifiers.transaction_id,identifiers.end_to_end_id,payment.value_date,debtor.address.street,debtor.address.city,debtor.address.state,debtor.address.postal_code,debtor.address.country,debtor_agent.issuer_bank,debtor_agent.routing_number,creditor.onboarded_by,creditor.address.city,creditor.address.state,creditor.address.country,creditor_agent.name,creditor_agent.routing_number,processing.account_validation,processing.sanctions_screening,processing.aml_screening,processing.fraud_screening,processing.compliance_status,audit.received_timestamp
WIRE,PRE,WIRE-MTB-100235,INDIVIDUAL,IND-0037,EXTERNAL_INDIVIDUAL,EXT-P-6896,CREDIT,,,,,,,,,,,,,,,,,,,,,,,,,,,,,,,,,,,,,,,,False,0,,IDEMP-WIRE-MTB-100235,,PASSED,False,2026-05-10 00:00:00,19,73,False,3216194873,2,3,False,[],1,8,167362.49,100087.48,False,43,10000,6.425,69686.18,[],False,,,,,,,,,,,,NOT_APPLICABLE,,,,,,,,,,,,,,,,,,Charles Nguyen,2336733406,,,Kimberly Jones,3216194873,,,,,,Payroll transfer,,,,,,,,,,2026-07-22T02:30:43Z,True,2026-07-22T02:30:47Z,2174,20000,False,0,,,,,,,,,,,,,,,,,,,64246.57,USD,,,,,,,,,,,,,,,,,,,,,,,,,,,,,,,,,,,,,,,,,,,,,,,,,,,,PASSED,,,[],,,,,,,,,,WID2026072270165,FEDWIRE,pacs.008,2026-07-22T02:30:43Z,PENDING,d2c135-2546-7169,20260722ILBEMTB,MSG20260722679392,INS473445813,WIRE-MTB-100235,E2E452747627,2026-07-22 00:00:00,5965 Cedar Lane,Cleveland,OH,41129,US,Cascade Point Bank,586846096,Meridian Trust Bank,Columbus,OH,US,Meridian Trust Bank,44000024,PASSED,PASSED,PASSED,PASSED,PASSED,2026-07-22T02:30:43Z
WIRE,PRE,WIRE-MTB-100220,INDIVIDUAL,IND-0081,EXTERNAL_INDIVIDUAL,EXT-P-1190,CREDIT,,,,,,,,,,,,,,,,,,,,,,,,,,,,,,,,,,,,,,,,False,0,,IDEMP-WIRE-MTB-100220,,PASSED,False,2024-08-30 00:00:00,29,693,False,9639250611,3,3,False,[],2,5,16690.1,5993.61,False,36,10000,1.357,11229,[],False,,,,,,,,,,,,NOT_APPLICABLE,,,,,,,,,,,,,,,,,,James Walker,2069935650,,,George Wright,9639250611,,,,,,Payroll transfer,,,,,,,,,,2026-07-24T23:18:10Z,True,2026-07-24T23:18:16Z,2917,20000,False,5,,,,,,,,,,,,,,,,,,,13568.46,USD,,,,,,,,,,,,,,,,,,,,,,,,,,,,,,,,,,,,,,,,,,,,,,,,,,,,PASSED,,,[],,,,,,,,,,WID2026072458029,FEDWIRE,pacs.008,2026-07-24T23:18:10Z,PENDING,4225d70-1830-7748,20260724NC8NMTB,MSG20260724218195,INS499721807,WIRE-MTB-100220,E2E897956640,2026-07-24 00:00:00,2857 Elm Street,Detroit,MI,26897,US,Cascade Point Bank,376061611,Meridian Trust Bank,Pittsburgh,PA,US,Meridian Trust Bank,44000024,PASSED,PASSED,PASSED,PASSED,PASSED,2026-07-24T23:18:10Z
WIRE,PRE,WIRE-MTB-100253,MERCHANT,MERCH-007,EXTERNAL_INDIVIDUAL,EXT-P-5467,CREDIT,,,,,,,,,,,,,,,,,,,,,,,,,,,,,,,,,,,,,,,,False,0,,IDEMP-WIRE-MTB-100253,,PASSED,False,2026-03-29 00:00:00,24,92,False,702250308,1,2,False,[],1,11,29468.16,15032.79,True,62,10000,0.707,8783.98,[],False,,,,,,,,,,,,NOT_APPLICABLE,,,,,,,,,,,,,,,,,,Rebecca Torres,4357001268,,,Fernbrook Electronics,702250308,,,,,,Invoice payment,,,,,,,,,,2026-06-29T14:01:00Z,False,,,20000,True,,,,,,,,,,,,,,,,,,,,7068.22,USD,,,,,,,,,,,,,,,,,,,,,,,,,,,,,,,,,,,,,,,,,,,,,,,,,,,,PASSED,,,[],,,,,,,,,,WID2026062992814,FEDWIRE,pacs.008,2026-06-29T14:01:00Z,PENDING,3e8b493-8466-5835,202606298NA7MTB,MSG20260629397983,INS228332283,WIRE-MTB-100253,E2E828736764,2026-06-29 00:00:00,8083 River Road,Nashville,TN,93187,US,Ironbridge National Bank,456462124,BrightLedger Payments,Denver,CO,US,Meridian Trust Bank,44000024,PASSED,PASSED,PASSED,PASSED,PASSED,2026-06-29T14:01:00Z
WIRE,PRE,WIRE-MTB-100201,INDIVIDUAL,IND-0005,EXTERNAL_INDIVIDUAL,EXT-P-6330,CREDIT,,,,,,,,,,,,,,,,,,,,,,,,,,,,,,,,,,,,,,,,False,0,,IDEMP-WIRE-MTB-100201,,PASSED,False,2024-11-05 00:00:00,24,641,False,5764924945,2,3,False,[],1,2,33177.6,12820.17,False,25,10000,1.416,15091.74,[],False,,,,,,,,,,,,NOT_APPLICABLE,,,,,,,,,,,,,,,,,,Barbara Scott,8053650850,,,Karen Ramirez,5764924945,,,,,,Invoice payment,,,,,,,,,,2026-08-08T23:01:50Z,True,2026-08-08T23:01:58Z,2825,20000,False,5,,,,,,,,,,,,,,,,,,,14158.95,USD,,,,,,,,,,,,,,,,,,,,,,,,,,,,,,,,,,,,,,,,,,,,,,,,,,,,PASSED,,,[],,,,,,,,,,WID2026080861628,FEDWIRE,pacs.008,2026-08-08T23:01:50Z,PENDING,1f8a0c1-1773-6806,2026080874I8MTB,MSG20260808408607,INS231535256,WIRE-MTB-100201,E2E903663064,2026-08-08 00:00:00,3349 Park Boulevard,Cincinnati,OH,49586,US,Cascade Point Bank,850587257,Meridian Trust Bank,Cleveland,OH,US,Meridian Trust Bank,44000024,PASSED,PASSED,PASSED,PASSED,PASSED,2026-08-08T23:01:50Z
WIRE,PRE,WIRE-MTB-100244,INDIVIDUAL,IND-0039,EXTERNAL_INDIVIDUAL,EXT-P-7984,CREDIT,,,,,,,,,,,,,,,,,,,,,,,,,,,,,,,,,,,,,,,,False,0,,IDEMP-WIRE-MTB-100244,,PASSED,True,2026-07-28 00:00:00,0,0,True,8726145386,5,9,True,[],1,10,50529.64,18053.38,False,56,10000,4.279,44519.72,[],False,,,,,,,,,,,,NOT_APPLICABLE,,,,,,,,,,,,,,,,,,Betty Jones,1071788663,,,Kathleen Garcia,8726145386,,,,,,Contract disbursement,,,,,,,,,,2026-07-28T04:34:04Z,True,2026-07-28T04:34:08Z,1817,20000,False,0,,,,,,,,,,,,,,,,,,,42785.49,USD,,,,,,,,,,,,,,,,,,,,,,,,,,,,,,,,,,,,,,,,,,,,,,,,,,,,PASSED,,,[],,,,,,,,,,WID2026072870747,FEDWIRE,pacs.008,2026-07-28T04:34:04Z,PENDING,5301292-3524-4193,202607287PNWMTB,MSG20260728578571,INS743750897,WIRE-MTB-100244,E2E466195556,2026-07-28 00:00:00,9389 Elm Street,Indianapolis,IN,37056,US,Summit Ridge Bank,643677439,Meridian Trust Bank,Pittsburgh,PA,US,Meridian Trust Bank,44000024,PASSED,PASSED,PASSED,PASSED,PASSED,2026-07-28T04:34:04Z
WIRE,PRE,WIRE-MTB-100263,MERCHANT,MERCH-007,EXTERNAL_INDIVIDUAL,EXT-P-1798,CREDIT,,,,,,,,,,,,,,,,,,,,,,,,,,,,,,,,,,,,,,,,False,0,,IDEMP-WIRE-MTB-100263,,PASSED,False,2023-12-13 00:00:00,3,933,False,702250308,1,4,False,[],1,7,827854.06,298414.89,False,47,10000,23.442,206518.3,[],False,,,,,,,,,,,,NOT_APPLICABLE,,,,,,,,,,,,,,,,,,Linda Davis,833721718,,,Fernbrook Electronics,702250308,,,,,,Vendor settlement,,,,,,,,,,2026-07-03T07:27:01Z,True,2026-07-03T07:27:10Z,396,20000,False,51,,,,,,,,,,,,,,,,,,,234418.11,USD,,,,,,,,,,,,,,,,,,,,,,,,,,,,,,,,,,,,,,,,,,,,,,,,,,,,PASSED,,,[],,,,,,,,,,WID2026070369506,FEDWIRE,pacs.008,2026-07-03T07:27:01Z,PENDING,26b04fc-7773-6182,20260703TUX8MTB,MSG20260703649116,INS611142892,WIRE-MTB-100263,E2E609109588,2026-07-03 00:00:00,3902 Maple Drive,Atlanta,GA,67786,US,Cascade Point Bank,734247710,BrightLedger Payments,Louisville,KY,US,Meridian Trust Bank,44000024,PASSED,PASSED,PASSED,PASSED,PASSED,2026-07-03T07:27:01Z
WIRE,PRE,WIRE-MTB-100255,MERCHANT,MERCH-007,INDIVIDUAL,IND-0023,CREDIT,,,,,,,,,,,,,,,,,,,,,,,,,,,,,,,,,,,,,,,,False,0,,IDEMP-WIRE-MTB-100255,,PASSED,False,2025-10-23 00:00:00,1,259,False,702250308,8,10,False,[],5,7,79600.62,52892.14,False,43,10000,1.858,23496.9,[],False,,,,,,,,,,,,NOT_APPLICABLE,,,,,,,,,,,,,,,,,,James Brown,16593766,,,Fernbrook Electronics,702250308,,,,,,Contract disbursement,,,,,,,,,,2026-07-09T11:07:14Z,True,2026-07-09T11:07:17Z,530,20000,False,51,,,,,,,,,,,,,,,,,,,18576.42,USD,,,,,,,,,,,,,,,,,,,,,,,,,,,,,,,,,,,,,,,,,,,,,,,,,,,,PASSED,,,[],,,,,,,,,,WID2026070922839,FEDWIRE,pacs.008,2026-07-09T11:07:14Z,PENDING,5c2eb99-1523-2273,20260709JRV7MTB,MSG20260709612274,INS421676917,WIRE-MTB-100255,E2E701781528,2026-07-09 00:00:00,9856 Oak Avenue,Detroit,MI,46644,US,Ironbridge National Bank,484760993,BrightLedger Payments,Chicago,IL,US,Meridian Trust Bank,44000024,PASSED,PASSED,PASSED,PASSED,PASSED,2026-07-09T11:07:14Z
WIRE,PRE,WIRE-MTB-100224,INDIVIDUAL,IND-0057,EXTERNAL_INDIVIDUAL,EXT-P-7296,CREDIT,,,,,,,,,,,,,,,,,,,,,,,,,,,,,,,,,,,,,,,,False,0,,IDEMP-WIRE-MTB-100224,,PASSED,False,2023-09-18 00:00:00,6,1026,False,3587432379,8,11,True,[],2,10,23703.27,16434.07,False,47,10000,0.91,8187.32,[],False,,,,,,,,,,,,NOT_APPLICABLE,,,,,,,,,,,,,,,,,,Amanda Davis,6909553810,,,Carol Wilson,3587432379,,,,,,Invoice payment,,,,,,,,,,2026-07-10T17:50:38Z,True,2026-07-10T17:50:45Z,555,20000,False,0,,,,,,,,,,,,,,,,,,,9103.31,USD,,,,,,,,,,,,,,,,,,,,,,,,,,,,,,,,,,,,,,,,,,,,,,,,,,,,PASSED,,,[],,,,,,,,,,WID2026071048802,FEDWIRE,pacs.008,2026-07-10T17:50:38Z,PENDING,37b758b-4893-1764,202607109BR1MTB,MSG20260710999003,INS523679817,WIRE-MTB-100224,E2E315121702,2026-07-10 00:00:00,3326 River Road,Columbus,OH,66064,US,Ironbridge National Bank,48985805,Meridian Trust Bank,Chicago,IL,US,Meridian Trust Bank,44000024,PASSED,PASSED,PASSED,PASSED,PASSED,2026-07-10T17:50:38Z
WIRE,PRE,WIRE-MTB-100228,INDIVIDUAL,IND-0082,EXTERNAL_INDIVIDUAL,EXT-P-6836,CREDIT,,,,,,,,,,,,,,,,,,,,,,,,,,,,,,,,,,,,,,,,False,0,,IDEMP-WIRE-MTB-100228,,PASSED,False,2025-06-29 00:00:00,12,371,False,1966677558,1,1,False,[],1,6,257219.26,91931.74,False,39,10000,7.426,60939.2,[],False,,,,,,,,,,,,NOT_APPLICABLE,,,,,,,,,,,,,,,,,,Maria Ramirez,7394815166,,,Donna Nguyen,1966677558,,,,,,Payroll transfer,,,,,,,,,,2026-07-05T20:30:36Z,True,2026-07-05T20:30:50Z,3017,20000,False,0,,,,,,,,,,,,,,,,,,,74261.76,USD,,,,,,,,,,,,,,,,,,,,,,,,,,,,,,,,,,,,,,,,,,,,,,,,,,,,PASSED,,,[],,,,,,,,,,WID2026070573901,FEDWIRE,pacs.008,2026-07-05T20:30:36Z,PENDING,2405b69-8804-4064,20260705A93FMTB,MSG20260705398043,INS524249544,WIRE-MTB-100228,E2E623599764,2026-07-05 00:00:00,154 Highland Avenue,Nashville,TN,70499,US,Cascade Point Bank,660028677,Meridian Trust Bank,Chicago,IL,US,Meridian Trust Bank,44000024,PASSED,PASSED,PASSED,PASSED,PASSED,2026-07-05T20:30:36Z
WIRE,PRE,WIRE-MTB-100278,MERCHANT,MERCH-009,EXTERNAL_INDIVIDUAL,EXT-P-5334,CREDIT,,,,,,,,,,,,,,,,,,,,,,,,,,,,,,,,,,,,,,,,False,0,,IDEMP-WIRE-MTB-100278,,PASSED,False,2023-06-10 00:00:00,17,1130,False,9446335263,1,2,False,[],1,7,48923.32,18107.89,False,44,10000,1.584,14454.19,[],False,,,,,,,,,,,,NOT_APPLICABLE,,,,,,,,,,,,,,,,,,Carol Rodriguez,9546546598,,,Copperfield Building Supply,9446335263,,,,,,Contract disbursement,,,,,,,,,,2026-07-14T17:40:49Z,True,2026-07-14T17:40:51Z,3864,20000,False,0,,,,,,,,,,,,,,,,,,,15836.6,USD,,,,,,,,,,,,,,,,,,,,,,,,,,,,,,,,,,,,,,,,,,,,,,,,,,,,PASSED,,,[],,,,,,,,,,WID2026071423727,FEDWIRE,pacs.008,2026-07-14T17:40:49Z,PENDING,3144d87-3990-1451,20260714DFGHMTB,MSG20260714922499,INS897592385,WIRE-MTB-100278,E2E410303418,2026-07-14 00:00:00,4259 Cedar Lane,Chicago,IL,40617,US,Ironbridge National Bank,514839978,Northstar Payment Solutions,Columbus,OH,US,Meridian Trust Bank,44000024,PASSED,PASSED,PASSED,PASSED,PASSED,2026-07-14T17:40:49Z
WIRE,PRE,WIRE-MTB-100271,MERCHANT,MERCH-005,EXTERNAL_INDIVIDUAL,EXT-P-8495,CREDIT,,,,,,,,,,,,,,,,,,,,,,,,,,,,,,,,,,,,,,,,False,0,,IDEMP-WIRE-MTB-100271,,PASSED,False,2024-07-11 00:00:00,54,767,False,2260323791,1,1,False,[],5,7,41653.23,21476.19,False,37,10000,1.498,16583.43,[],False,,,,,,,,,,,,NOT_APPLICABLE,,,,,,,,,,,,,,,,,,Steven Garcia,8146472850,,,Solstice Digital Print,2260323791,,,,,,Invoice payment,,,,,,,,,,2026-08-17T05:36:20Z,False,,,20000,True,,,,,,,,,,,,,,,,,,,,14978.8,USD,,,,,,,,,,,,,,,,,,,,,,,,,,,,,,,,,,,,,,,,,,,,,,,,,,,,PASSED,,,[],,,,,,,,,,WID2026081793481,FEDWIRE,pacs.008,2026-08-17T05:36:20Z,PENDING,d4cc06-8588-4193,202608176K9CMTB,MSG20260817253180,INS719352925,WIRE-MTB-100271,E2E169074149,2026-08-17 00:00:00,4626 Franklin Street,Louisville,KY,94633,US,Cascade Point Bank,421409473,Meridian Trust Bank,Detroit,MI,US,Meridian Trust Bank,44000024,PASSED,PASSED,PASSED,PASSED,PASSED,2026-08-17T05:36:20Z
WIRE,PRE,WIRE-MTB-100267,MERCHANT,MERCH-005,EXTERNAL_INDIVIDUAL,EXT-P-1268,CREDIT,,,,,,,,,,,,,,,,,,,,,,,,,,,,,,,,,,,,,,,,False,0,,IDEMP-WIRE-MTB-100267,,PASSED,False,2024-01-20 00:00:00,7,895,False,2260323791,2,4,False,[],1,9,106059.93,44172.04,False,55,10000,8.222,91631.28,[],False,,,,,,,,,,,,NOT_APPLICABLE,,,,,,,,,,,,,,,,,,Melissa Anderson,4022889547,,,Solstice Digital Print,2260323791,,,,,,Invoice payment,,,,,,,,,,2026-07-03T12:46:04Z,True,2026-07-03T12:46:14Z,3921,20000,False,91,,,,,,,,,,,,,,,,,,,82222.36,USD,,,,,,,,,,,,,,,,,,,,,,,,,,,,,,,,,,,,,,,,,,,,,,,,,,,,PASSED,,,[],,,,,,,,,,WID2026070359155,FEDWIRE,pacs.008,2026-07-03T12:46:04Z,PENDING,1ed431a-2599-6689,20260703RBYOMTB,MSG20260703318050,INS561874583,WIRE-MTB-100267,E2E296916544,2026-07-03 00:00:00,3521 Main Street,Pittsburgh,PA,93742,US,Ironbridge National Bank,265231275,Meridian Trust Bank,Denver,CO,US,Meridian Trust Bank,44000024,PASSED,PASSED,PASSED,PASSED,PASSED,2026-07-03T12:46:04Z
WIRE,PRE,WIRE-MTB-100501,INDIVIDUAL,IND-0087,EXTERNAL_INDIVIDUAL,EXT-P-2144,CREDIT,,,,,,,,,,,,,,,,,,,,,,,,,,,,,,,,,,,,,,,,True,1,WIRE-MTB-100241,IDEMP-WIRE-MTB-100241,,FLAGGED,False,2025-08-07 00:00:00,34,343,False,4468178310,1,2,False,[],1,1,630504.42,462766.92,False,14,10000,18.124,214493.35,[],False,,,,,,,,,,,,NOT_APPLICABLE,,,,,,,,,,,,,,,,,,Cynthia Lewis,3597886872,,,Edward Martinez,4468178310,,,,,,Payroll transfer,,,,,,,,,,2026-07-16T17:32:53Z,True,2026-07-16T17:32:56Z,3538,20000,False,0,,,,,,,,,,,,,,,,,,,181239.62,USD,,,,,,,,,,,,,,,,,,,,,,,,,,,,,,,,,,,,,,,,,,,,,,,,,,,,PASSED,,,[],,,,,,,,,,WID2026071674151,FEDWIRE,pacs.008,2026-07-16T17:32:53Z,PENDING,5cb1218-8752-6376,20260716XXFHMTB,MSG20260716162729,INS146246599,WIRE-MTB-100501,E2E363536865,2026-07-16 00:00:00,6395 Franklin Street,Detroit,MI,10249,US,Cascade Point Bank,307115992,Meridian Trust Bank,Nashville,TN,US,Meridian Trust Bank,44000024,PASSED,PASSED,PASSED,PASSED,PASSED,2026-07-16T17:32:53Z
WIRE,PRE,WIRE-MTB-100297,MERCHANT,MERCH-007,EXTERNAL_INDIVIDUAL,EXT-P-8017,CREDIT,,,,,,,,,,,,,,,,,,,,,,,,,,,,,,,,,,,,,,,,False,0,,IDEMP-WIRE-MTB-100297,,PASSED,False,2025-11-06 00:00:00,58,268,False,702250308,1,1,False,[],5,14,160746.15,106723.6,True,67,10000,9.54,107923.81,[],False,,,,,,,,,,,,NOT_APPLICABLE,,,,,,,,,,,,,,,,,,Deborah Jackson,3340433613,,,Fernbrook Electronics,702250308,,,,,,Invoice payment,,,,,,,,,,2026-08-01T06:41:47Z,True,2026-08-01T06:42:02Z,3512,20000,False,0,,,,,,,,,,,,,,,,,,,95396.7,USD,,,,,,,,,,,,,,,,,,,,,,,,,,,,,,,,,,,,,,,,,,,,,,,,,,,,PASSED,,,[],,,,,,,,,,WID2026080134108,FEDWIRE,pacs.008,2026-08-01T06:41:47Z,PENDING,4c15fd0-2743-2668,20260801YEM7MTB,MSG20260801135864,INS492275605,WIRE-MTB-100297,E2E984271351,2026-08-01 00:00:00,2606 Oak Avenue,Louisville,KY,83405,US,Cascade Point Bank,593097472,BrightLedger Payments,Indianapolis,IN,US,Meridian Trust Bank,44000024,PASSED,PASSED,PASSED,PASSED,PASSED,2026-08-01T06:41:47Z
WIRE,PRE,WIRE-MTB-100245,INDIVIDUAL,IND-0089,INDIVIDUAL,IND-0012,CREDIT,,,,,,,,,,,,,,,,,,,,,,,,,,,,,,,,,,,,,,,,False,0,,IDEMP-WIRE-MTB-100245,,PASSED,False,2023-10-01 00:00:00,14,1046,False,4430016252,2,5,False,[],2,4,201781.2,168148.66,False,27,10000,8.589,102500.52,[],False,,,,,,,,,,,,NOT_APPLICABLE,,,,,,,,,,,,,,,,,,Betty Thompson,1357947125,,,David Lewis,4430016252,,,,,,Vendor settlement,,,,,,,,,,2026-08-12T23:59:52Z,True,2026-08-12T23:59:59Z,3559,20000,False,0,,,,,,,,,,,,,,,,,,,85893.61,USD,,,,,,,,,,,,,,,,,,,,,,,,,,,,,,,,,,,,,,,,,,,,,,,,,,,,PASSED,,,[],,,,,,,,,,WID2026081292326,FEDWIRE,pacs.008,2026-08-12T23:59:52Z,PENDING,27a6484-9727-4741,2026081249LWMTB,MSG20260812263658,INS123273048,WIRE-MTB-100245,E2E754295683,2026-08-12 00:00:00,4332 Main Street,Pittsburgh,PA,22110,US,Summit Ridge Bank,601992570,Meridian Trust Bank,Cincinnati,OH,US,Meridian Trust Bank,44000024,PASSED,PASSED,PASSED,PASSED,PASSED,2026-08-12T23:59:52Z
WIRE,PRE,WIRE-MTB-100290,MERCHANT,MERCH-003,INDIVIDUAL,IND-0037,CREDIT,,,,,,,,,,,,,,,,,,,,,,,,,,,,,,,,,,,,,,,,False,0,,IDEMP-WIRE-MTB-100290,,PASSED,False,2023-05-04 00:00:00,16,1167,False,8112126311,2,6,False,[],1,4,20758.04,13098.8,False,33,10000,1.965,21949.31,[],False,,,,,,,,,,,,NOT_APPLICABLE,,,,,,,,,,,,,,,,,,Kimberly Jones,3216194873,,,Harbor & Vine Grocers,8112126311,,,,,,Payroll transfer,,,,,,,,,,2026-07-14T05:13:03Z,True,2026-07-14T05:13:10Z,1509,20000,False,0,,,,,,,,,,,,,,,,,,,19654.28,USD,,,,,,,,,,,,,,,,,,,,,,,,,,,,,,,,,,,,,,,,,,,,,,,,,,,,PASSED,,,[],,,,,,,,,,WID2026071432810,FEDWIRE,pacs.008,2026-07-14T05:13:03Z,PENDING,35ebf5e-7680-2181,20260714QURPMTB,MSG20260714612044,INS108098852,WIRE-MTB-100290,E2E232783048,2026-07-14 00:00:00,8426 Franklin Street,Indianapolis,IN,26999,US,Summit Ridge Bank,624924005,Northstar Payment Solutions,Atlanta,GA,US,Meridian Trust Bank,44000024,PASSED,PASSED,PASSED,PASSED,PASSED,2026-07-14T05:13:03Z
WIRE,PRE,WIRE-MTB-100272,MERCHANT,MERCH-010,INDIVIDUAL,IND-0012,CREDIT,,,,,,,,,,,,,,,,,,,,,,,,,,,,,,,,,,,,,,,,False,0,,IDEMP-WIRE-MTB-100272,,PASSED,True,2026-07-09 00:00:00,0,0,True,4806704660,3,3,False,[],1,11,34954.21,22781.7,True,53,10000,0.919,18932.03,[],False,,,,,,,,,,,,NOT_APPLICABLE,,,,,,,,,,,,,,,,,,Betty Thompson,1357947125,,,Wrenfield Pharmacy Group,4806704660,,,,,,Vendor settlement,,,,,,,,,,2026-07-09T06:56:19Z,True,2026-07-09T06:56:24Z,1763,20000,False,0,,,,,,,,,,,,,,,,,,,9192.51,USD,,,,,,,,,,,,,,,,,,,,,,,,,,,,,,,,,,,,,,,,,,,,,,,,,,,,PASSED,,,[],,,,,,,,,,WID2026070928410,FEDWIRE,pacs.008,2026-07-09T06:56:19Z,PENDING,376a842-5682-4026,20260709IUFTMTB,MSG20260709802982,INS891325750,WIRE-MTB-100272,E2E433039889,2026-07-09 00:00:00,9188 Elm Street,Charlotte,NC,58644,US,Ironbridge National Bank,660700871,Vertex Commerce Pay,Cincinnati,OH,US,Meridian Trust Bank,44000024,PASSED,PASSED,PASSED,PASSED,PASSED,2026-07-09T06:56:19Z
WIRE,PRE,WIRE-MTB-100203,INDIVIDUAL,IND-0056,EXTERNAL_INDIVIDUAL,EXT-P-9339,CREDIT,,,,,,,,,,,,,,,,,,,,,,,,,,,,,,,,,,,,,,,,False,0,,IDEMP-WIRE-MTB-100203,,PASSED,True,2026-08-01 00:00:00,0,0,False,3058061826,1,3,False,[],1,11,285368.98,119114.79,True,61,10000,9.39,103781.1,[],False,,,,,,,,,,,,NOT_APPLICABLE,,,,,,,,,,,,,,,,,,Charles Ramirez,2821511792,,,Laura Taylor,3058061826,,,,,,Payroll transfer,,,,,,,,,,2026-08-01T09:43:02Z,True,2026-08-01T09:43:16Z,4140,20000,False,0,,,,,,,,,,,,,,,,,,,93904.15,USD,,,,,,,,,,,,,,,,,,,,,,,,,,,,,,,,,,,,,,,,,,,,,,,,,,,,PASSED,,,[],,,,,,,,,,WID2026080147340,FEDWIRE,pacs.008,2026-08-01T09:43:02Z,PENDING,3a94cad-6489-6079,20260801QF8VMTB,MSG20260801621479,INS552222274,WIRE-MTB-100203,E2E782390248,2026-08-01 00:00:00,1626 Highland Avenue,Cincinnati,OH,89446,US,Ironbridge National Bank,541694390,Meridian Trust Bank,Chicago,IL,US,Meridian Trust Bank,44000024,PASSED,PASSED,PASSED,PASSED,PASSED,2026-08-01T09:43:02Z
WIRE,PRE,WIRE-MTB-100296,MERCHANT,MERCH-003,EXTERNAL_INDIVIDUAL,EXT-P-3524,CREDIT,,,,,,,,,,,,,,,,,,,,,,,,,,,,,,,,,,,,,,,,False,0,,IDEMP-WIRE-MTB-100296,,PASSED,True,2026-07-02 00:00:00,0,0,False,8112126311,2,5,False,[],1,4,5103.11,2055.01,False,31,10000,0.434,3915.49,[],False,,,,,,,,,,,,NOT_APPLICABLE,,,,,,,,,,,,,,,,,,Kathleen Thompson,2862348505,,,Harbor & Vine Grocers,8112126311,,,,,,Invoice payment,,,,,,,,,,2026-07-02T07:29:46Z,True,2026-07-02T07:29:51Z,4013,20000,False,51,,,,,,,,,,,,,,,,,,,4343.54,USD,,,,,,,,,,,,,,,,,,,,,,,,,,,,,,,,,,,,,,,,,,,,,,,,,,,,PASSED,,,[],,,,,,,,,,WID2026070268273,FEDWIRE,pacs.008,2026-07-02T07:29:46Z,PENDING,57dfafe-1078-4671,20260702D7L6MTB,MSG20260702705519,INS664801393,WIRE-MTB-100296,E2E411696436,2026-07-02 00:00:00,1020 Park Boulevard,Denver,CO,42872,US,Summit Ridge Bank,323719189,Northstar Payment Solutions,Nashville,TN,US,Meridian Trust Bank,44000024,PASSED,PASSED,PASSED,PASSED,PASSED,2026-07-02T07:29:46Z
WIRE,PRE,WIRE-MTB-100236,INDIVIDUAL,IND-0069,EXTERNAL_INDIVIDUAL,EXT-P-3868,CREDIT,,,,,,,,,,,,,,,,,,,,,,,,,,,,,,,,,,,,,,,,False,0,,IDEMP-WIRE-MTB-100236,,PASSED,False,2026-02-05 00:00:00,21,147,False,3894960981,2,6,False,[],2,3,371385.06,181425.31,False,32,10000,8.56,90539.94,[],False,,,,,,,,,,,,NOT_APPLICABLE,,,,,,,,,,,,,,,,,,Ashley Jones,4155138505,,,Melissa Williams,3894960981,,,,,,Vendor settlement,,,,,,,,,,2026-07-02T14:27:34Z,True,2026-07-02T14:27:44Z,1195,20000,False,5,,,,,,,,,,,,,,,,,,,85599.73,USD,,,,,,,,,,,,,,,,,,,,,,,,,,,,,,,,,,,,,,,,,,,,,,,,,,,,PASSED,,,[],,,,,,,,,,WID2026070289454,FEDWIRE,pacs.008,2026-07-02T14:27:34Z,PENDING,48a99d6-7659-7578,20260702EON3MTB,MSG20260702524507,INS476203624,WIRE-MTB-100236,E2E676118916,2026-07-02 00:00:00,7552 Cedar Lane,Pittsburgh,PA,92651,US,Cascade Point Bank,882466048,Meridian Trust Bank,Chicago,IL,US,Meridian Trust Bank,44000024,PASSED,PASSED,PASSED,PASSED,PASSED,2026-07-02T14:27:34Z
WIRE,PRE,WIRE-MTB-100288,MERCHANT,MERCH-007,EXTERNAL_INDIVIDUAL,EXT-P-7372,CREDIT,,,,,,,,,,,,,,,,,,,,,,,,,,,,,,,,,,,,,,,,False,0,,IDEMP-WIRE-MTB-100288,,PASSED,True,2026-07-30 00:00:00,0,0,True,702250308,5,6,False,[],1,5,713902.38,576861.57,False,34,10000,20.894,182841.28,[],False,,,,,,,,,,,,NOT_APPLICABLE,,,,,,,,,,,,,,,,,,Sharon Robinson,5113983849,,,Fernbrook Electronics,702250308,,,,,,Invoice payment,,,,,,,,,,2026-07-30T02:22:10Z,True,2026-07-30T02:22:25Z,1874,20000,False,0,,,,,,,,,,,,,,,,,,,208942.41,USD,,,,,,,,,,,,,,,,,,,,,,,,,,,,,,,,,,,,,,,,,,,,,,,,,,,,PASSED,,,[],,,,,,,,,,WID2026073060771,FEDWIRE,pacs.008,2026-07-30T02:22:10Z,PENDING,5c3e966-6499-5241,20260730PTJ5MTB,MSG20260730431804,INS909527647,WIRE-MTB-100288,E2E579811396,2026-07-30 00:00:00,122 Park Boulevard,Louisville,KY,95366,US,Ironbridge National Bank,408709197,BrightLedger Payments,Pittsburgh,PA,US,Meridian Trust Bank,44000024,PASSED,PASSED,PASSED,PASSED,PASSED,2026-07-30T02:22:10Z
WIRE,PRE,WIRE-MTB-100213,INDIVIDUAL,IND-0052,EXTERNAL_INDIVIDUAL,EXT-P-3044,CREDIT,,,,,,,,,,,,,,,,,,,,,,,,,,,,,,,,,,,,,,,,False,0,,IDEMP-WIRE-MTB-100213,,PASSED,False,2023-11-11 00:00:00,38,1003,False,1683657167,3,3,False,[],1,11,24617.02,17646.96,True,58,10000,0.942,10263.77,[],False,,,,,,,,,,,,NOT_APPLICABLE,,,,,,,,,,,,,,,,,,Deborah Johnson,6971155889,,,Kathleen Young,1683657167,,,,,,Contract disbursement,,,,,,,,,,2026-08-10T17:04:31Z,True,2026-08-10T17:04:46Z,470,20000,False,0,,,,,,,,,,,,,,,,,,,9417.89,USD,,,,,,,,,,,,,,,,,,,,,,,,,,,,,,,,,,,,,,,,,,,,,,,,,,,,PASSED,,,[],,,,,,,,,,WID2026081011720,FEDWIRE,pacs.008,2026-08-10T17:04:31Z,PENDING,2d45c39-8520-7686,20260810UNW7MTB,MSG20260810339388,INS122098699,WIRE-MTB-100213,E2E618901451,2026-08-10 00:00:00,319 River Road,Pittsburgh,PA,81840,US,Cascade Point Bank,985269668,Meridian Trust Bank,Cleveland,OH,US,Meridian Trust Bank,44000024,PASSED,PASSED,PASSED,PASSED,PASSED,2026-08-10T17:04:31Z
WIRE,PRE,WIRE-MTB-100205,INDIVIDUAL,IND-0029,EXTERNAL_INDIVIDUAL,EXT-P-8012,CREDIT,,,,,,,,,,,,,,,,,,,,,,,,,,,,,,,,,,,,,,,,False,0,,IDEMP-WIRE-MTB-100205,,PASSED,False,2025-03-19 00:00:00,55,515,False,9585695267,2,4,False,[],1,1,478709.07,161940.02,False,27,10000,10.735,108949.9,[],False,,,,,,,,,,,,NOT_APPLICABLE,,,,,,,,,,,,,,,,,,Mark Garcia,7388463748,,,Matthew Rodriguez,9585695267,,,,,,Payroll transfer,,,,,,,,,,2026-08-16T02:27:48Z,True,2026-08-16T02:27:58Z,2278,20000,False,0,,,,,,,,,,,,,,,,,,,107346.33,USD,,,,,,,,,,,,,,,,,,,,,,,,,,,,,,,,,,,,,,,,,,,,,,,,,,,,PASSED,,,[],,,,,,,,,,WID2026081647403,FEDWIRE,pacs.008,2026-08-16T02:27:48Z,PENDING,25fb152-7545-3760,2026081677YSMTB,MSG20260816475608,INS330316837,WIRE-MTB-100205,E2E578238914,2026-08-16 00:00:00,5264 Franklin Street,Atlanta,GA,58262,US,Cascade Point Bank,928637845,Meridian Trust Bank,Cincinnati,OH,US,Meridian Trust Bank,44000024,PASSED,PASSED,PASSED,PASSED,PASSED,2026-08-16T02:27:48Z
WIRE,PRE,WIRE-MTB-100513,INDIVIDUAL,IND-0063,EXTERNAL_INDIVIDUAL,EXT-P-6453,CREDIT,,,,,,,,,,,,,,,,,,,,,,,,,,,,,,,,,,,,,,,,True,2,WIRE-MTB-100219,IDEMP-WIRE-MTB-100219,,PASSED,True,2026-07-12 00:00:00,0,0,True,318009757,1,2,False,[],3,10,264943.79,160082.63,False,56,10000,23.514,198936.76,[],False,,,,,,,,,,,,NOT_APPLICABLE,,,,,,,,,,,,,,,,,,Andrew Robinson,1847713398,,,Matthew Rodriguez,318009757,,,,,,Contract disbursement,,,,,,,,,,2026-07-12T07:14:53Z,True,2026-07-12T07:15:04Z,955,20000,False,5,,,,,,,,,,,,,,,,,,,235140.49,USD,,,,,,,,,,,,,,,,,,,,,,,,,,,,,,,,,,,,,,,,,,,,,,,,,,,,PASSED,,,[],,,,,,,,,,WID2026071221081,FEDWIRE,pacs.008,2026-07-12T07:14:53Z,PENDING,595cff3-8985-7802,20260712ZE6MMTB,MSG20260712298785,INS663193727,WIRE-MTB-100513,E2E123126595,2026-07-12 00:00:00,5353 Elm Street,Atlanta,GA,33805,US,Ironbridge National Bank,874458477,Meridian Trust Bank,Louisville,KY,US,Meridian Trust Bank,44000024,PASSED,PASSED,PASSED,PASSED,PASSED,2026-07-12T07:14:53Z
WIRE,PRE,WIRE-MTB-100252,MERCHANT,MERCH-010,EXTERNAL_INDIVIDUAL,EXT-P-5205,CREDIT,,,,,,,,,,,,,,,,,,,,,,,,,,,,,,,,,,,,,,,,False,0,,IDEMP-WIRE-MTB-100252,,PASSED,False,2023-07-24 00:00:00,18,1091,False,4806704660,3,6,False,[],5,15,34388.78,21542.61,False,77,10000,1.088,9817.5,[],False,,,,,,,,,,,,NOT_APPLICABLE,,,,,,,,,,,,,,,,,,Linda Davis,1940428753,,,Wrenfield Pharmacy Group,4806704660,,,,,,Invoice payment,,,,,,,,,,2026-07-19T17:44:25Z,True,2026-07-19T17:44:26Z,2804,20000,False,5,,,,,,,,,,,,,,,,,,,10881.26,USD,,,,,,,,,,,,,,,,,,,,,,,,,,,,,,,,,,,,,,,,,,,,,,,,,,,,PASSED,,,[],,,,,,,,,,WID2026071976618,FEDWIRE,pacs.008,2026-07-19T17:44:25Z,PENDING,5c3ba58-5226-6652,20260719KCEJMTB,MSG20260719859798,INS347854909,WIRE-MTB-100252,E2E598709048,2026-07-19 00:00:00,7956 Main Street,Pittsburgh,PA,33792,US,Ironbridge National Bank,587766498,Vertex Commerce Pay,Indianapolis,IN,US,Meridian Trust Bank,44000024,PASSED,PASSED,PASSED,PASSED,PASSED,2026-07-19T17:44:25Z
WIRE,PRE,WIRE-MTB-100215,INDIVIDUAL,IND-0045,INDIVIDUAL,IND-0073,CREDIT,,,,,,,,,,,,,,,,,,,,,,,,,,,,,,,,,,,,,,,,False,0,,IDEMP-WIRE-MTB-100215,,PASSED,False,2025-05-16 00:00:00,18,457,False,7563517919,1,1,False,[],1,11,279195.21,134120.11,True,56,10000,18.209,152365.98,[],False,,,,,,,,,,,,NOT_APPLICABLE,,,,,,,,,,,,,,,,,,Susan Johnson,3719878466,,,Kathleen Wilson,7563517919,,,,,,Payroll transfer,,,,,,,,,,2026-08-16T21:28:09Z,True,2026-08-16T21:28:24Z,2822,20000,False,0,,,,,,,,,,,,,,,,,,,182092.53,USD,,,,,,,,,,,,,,,,,,,,,,,,,,,,,,,,,,,,,,,,,,,,,,,,,,,,PASSED,,,[],,,,,,,,,,WID2026081630022,FEDWIRE,pacs.008,2026-08-16T21:28:09Z,PENDING,45f7715-4306-6142,20260816Q5TTMTB,MSG20260816441285,INS467522630,WIRE-MTB-100215,E2E487903830,2026-08-16 00:00:00,3352 River Road,Columbus,OH,82535,US,Cascade Point Bank,395059440,Meridian Trust Bank,Pittsburgh,PA,US,Meridian Trust Bank,44000024,PASSED,PASSED,PASSED,PASSED,PASSED,2026-08-16T21:28:09Z
WIRE,PRE,WIRE-MTB-100221,INDIVIDUAL,IND-0065,EXTERNAL_INDIVIDUAL,EXT-P-8252,CREDIT,,,,,,,,,,,,,,,,,,,,,,,,,,,,,,,,,,,,,,,,False,0,,IDEMP-WIRE-MTB-100221,,PASSED,False,2024-11-19 00:00:00,22,604,False,4755409304,3,4,False,[],1,9,119422.91,80496.01,False,52,10000,7.862,99506.69,[],False,,,,,,,,,,,,NOT_APPLICABLE,,,,,,,,,,,,,,,,,,George Scott,1175818659,,,Kevin Lopez,4755409304,,,,,,Payroll transfer,,,,,,,,,,2026-07-16T02:28:55Z,True,2026-07-16T02:29:06Z,2042,20000,False,91,,,,,,,,,,,,,,,,,,,78623.24,USD,,,,,,,,,,,,,,,,,,,,,,,,,,,,,,,,,,,,,,,,,,,,,,,,,,,,PASSED,,,[],,,,,,,,,,WID2026071623496,FEDWIRE,pacs.008,2026-07-16T02:28:55Z,PENDING,433874e-3610-1211,20260716I7Q1MTB,MSG20260716845356,INS974633107,WIRE-MTB-100221,E2E728054995,2026-07-16 00:00:00,8567 Cedar Lane,Atlanta,GA,11616,US,Ironbridge National Bank,451825508,Meridian Trust Bank,Chicago,IL,US,Meridian Trust Bank,44000024,PASSED,PASSED,PASSED,PASSED,PASSED,2026-07-16T02:28:55Z
WIRE,PRE,WIRE-MTB-100204,INDIVIDUAL,IND-0078,EXTERNAL_INDIVIDUAL,EXT-P-2744,CREDIT,,,,,,,,,,,,,,,,,,,,,,,,,,,,,,,,,,,,,,,,False,0,,IDEMP-WIRE-MTB-100204,,PASSED,False,2023-08-03 00:00:00,39,1084,False,840327782,1,1,False,[],5,10,21429.06,13745.94,False,51,10000,1.052,10868.06,[],False,,,,,,,,,,,,NOT_APPLICABLE,,,,,,,,,,,,,,,,,,Ronald Williams,8781347297,,,Deborah Davis,840327782,,,,,,Invoice payment,,,,,,,,,,2026-07-22T01:43:00Z,True,2026-07-22T01:43:04Z,1745,20000,False,5,,,,,,,,,,,,,,,,,,,10520.99,USD,,,,,,,,,,,,,,,,,,,,,,,,,,,,,,,,,,,,,,,,,,,,,,,,,,,,PASSED,,,[],,,,,,,,,,WID2026072252984,FEDWIRE,pacs.008,2026-07-22T01:43:00Z,PENDING,2da710c-7885-2549,202607226YT6MTB,MSG20260722898972,INS548116062,WIRE-MTB-100204,E2E136449310,2026-07-22 00:00:00,8066 2nd Avenue,Louisville,KY,71012,US,Cascade Point Bank,337059912,Meridian Trust Bank,Cleveland,OH,US,Meridian Trust Bank,44000024,PASSED,PASSED,PASSED,PASSED,PASSED,2026-07-22T01:43:00Z
WIRE,PRE,WIRE-MTB-100285,MERCHANT,MERCH-009,INDIVIDUAL,IND-0007,CREDIT,,,,,,,,,,,,,,,,,,,,,,,,,,,,,,,,,,,,,,,,False,0,,IDEMP-WIRE-MTB-100285,,PASSED,False,2024-02-27 00:00:00,5,871,False,9446335263,1,2,False,[],2,8,46787.95,36955.63,False,48,10000,1.33,11851.5,[],False,,,,,,,,,,,,NOT_APPLICABLE,,,,,,,,,,,,,,,,,,Karen Robinson,6799249566,,,Copperfield Building Supply,9446335263,,,,,,Contract disbursement,,,,,,,,,,2026-07-17T02:32:25Z,True,2026-07-17T02:32:31Z,2277,20000,False,0,,,,,,,,,,,,,,,,,,,13296.28,USD,,,,,,,,,,,,,,,,,,,,,,,,,,,,,,,,,,,,,,,,,,,,,,,,,,,,PASSED,,,[],,,,,,,,,,WID2026071796298,FEDWIRE,pacs.008,2026-07-17T02:32:25Z,PENDING,d2ba9f-8799-4510,20260717HUJ6MTB,MSG20260717228292,INS361963739,WIRE-MTB-100285,E2E786745722,2026-07-17 00:00:00,291 Highland Avenue,Detroit,MI,74212,US,Ironbridge National Bank,578905758,Northstar Payment Solutions,Pittsburgh,PA,US,Meridian Trust Bank,44000024,PASSED,PASSED,PASSED,PASSED,PASSED,2026-07-17T02:32:25Z
WIRE,PRE,WIRE-MTB-100291,MERCHANT,MERCH-002,EXTERNAL_INDIVIDUAL,EXT-P-5314,CREDIT,,,,,,,,,,,,,,,,,,,,,,,,,,,,,,,,,,,,,,,,False,0,,IDEMP-WIRE-MTB-100291,,PASSED,True,2026-07-07 00:00:00,0,0,False,5123580257,5,5,True,[],3,8,560815.92,292588.21,False,45,10000,24.204,223885.51,[],False,,,,,,,,,,,,NOT_APPLICABLE,,,,,,,,,,,,,,,,,,Carol Torres,7408172029,,,Crestline Office Outfitters,5123580257,,,,,,Invoice payment,,,,,,,,,,2026-07-07T01:01:11Z,True,2026-07-07T01:01:23Z,880,20000,False,0,,,,,,,,,,,,,,,,,,,242040.87,USD,,,,,,,,,,,,,,,,,,,,,,,,,,,,,,,,,,,,,,,,,,,,,,,,,,,,PASSED,,,[],,,,,,,,,,WID2026070718687,FEDWIRE,pacs.008,2026-07-07T01:01:11Z,PENDING,2988339-8861-5151,20260707BERDMTB,MSG20260707925961,INS816252238,WIRE-MTB-100291,E2E586017726,2026-07-07 00:00:00,622 Park Boulevard,Atlanta,GA,46132,US,Summit Ridge Bank,721205853,Vertex Commerce Pay,Denver,CO,US,Meridian Trust Bank,44000024,PASSED,PASSED,PASSED,PASSED,PASSED,2026-07-07T01:01:11Z
WIRE,PRE,WIRE-MTB-100286,MERCHANT,MERCH-006,INDIVIDUAL,IND-0099,CREDIT,,,,,,,,,,,,,,,,,,,,,,,,,,,,,,,,,,,,,,,,False,0,,IDEMP-WIRE-MTB-100286,,PASSED,False,2024-07-06 00:00:00,12,721,False,3264421990,1,4,False,[],2,3,45982.24,16261.37,False,27,10000,1.114,11998.2,[],False,,,,,,,,,,,,NOT_APPLICABLE,,,,,,,,,,,,,,,,,,Steven Scott,7784367103,,,Redgate Wholesale Foods,3264421990,,,,,,Invoice payment,,,,,,,,,,2026-06-27T02:45:12Z,True,2026-06-27T02:45:25Z,2633,20000,False,0,,,,,,,,,,,,,,,,,,,11135.99,USD,,,,,,,,,,,,,,,,,,,,,,,,,,,,,,,,,,,,,,,,,,,,,,,,,,,,PASSED,,,[],,,,,,,,,,WID2026062768671,FEDWIRE,pacs.008,2026-06-27T02:45:12Z,PENDING,1e4fba7-7189-4907,202606271EIOMTB,MSG20260627142055,INS363801362,WIRE-MTB-100286,E2E485157466,2026-06-27 00:00:00,5455 Maple Drive,Charlotte,NC,66717,US,Cascade Point Bank,721080541,Meridian Trust Bank,Chicago,IL,US,Meridian Trust Bank,44000024,PASSED,PASSED,PASSED,PASSED,PASSED,2026-06-27T02:45:12Z
WIRE,PRE,WIRE-MTB-100225,INDIVIDUAL,IND-0042,EXTERNAL_INDIVIDUAL,EXT-P-3247,CREDIT,,,,,,,,,,,,,,,,,,,,,,,,,,,,,,,,,,,,,,,,False,0,,IDEMP-WIRE-MTB-100225,,PASSED,False,2025-07-28 00:00:00,58,335,False,7256353407,1,3,False,[],2,5,33233.71,12900.47,False,42,10000,1.199,13446.18,[],False,,,,,,,,,,,,NOT_APPLICABLE,,,,,,,,,,,,,,,,,,Amanda Thomas,6067628340,,,Patricia Scott,7256353407,,,,,,Payroll transfer,,,,,,,,,,2026-06-28T04:22:34Z,True,2026-06-28T04:22:37Z,3448,20000,False,0,,,,,,,,,,,,,,,,,,,11986.42,USD,,,,,,,,,,,,,,,,,,,,,,,,,,,,,,,,,,,,,,,,,,,,,,,,,,,,PASSED,,,[],,,,,,,,,,WID2026062821800,FEDWIRE,pacs.008,2026-06-28T04:22:34Z,PENDING,584d233-3097-9099,20260628PMKSMTB,MSG20260628877686,INS215825482,WIRE-MTB-100225,E2E633473054,2026-06-28 00:00:00,8209 Highland Avenue,Chicago,IL,63146,US,Ironbridge National Bank,361756437,Meridian Trust Bank,Denver,CO,US,Meridian Trust Bank,44000024,PASSED,PASSED,PASSED,PASSED,PASSED,2026-06-28T04:22:34Z
WIRE,PRE,WIRE-MTB-100217,INDIVIDUAL,IND-0005,EXTERNAL_INDIVIDUAL,EXT-P-2251,CREDIT,,,,,,,,,,,,,,,,,,,,,,,,,,,,,,,,,,,,,,,,False,0,,IDEMP-WIRE-MTB-100217,,PASSED,False,2024-02-22 00:00:00,56,888,False,5764924945,2,3,False,[],1,9,71619.84,54498.7,False,52,10000,3.126,32782.99,[],False,,,,,,,,,,,,NOT_APPLICABLE,,,,,,,,,,,,,,,,,,Sharon Taylor,850687908,,,Karen Ramirez,5764924945,,,,,,Invoice payment,,,,,,,,,,2026-07-29T04:49:03Z,True,2026-07-29T04:49:14Z,3997,20000,False,5,,,,,,,,,,,,,,,,,,,31256.17,USD,,,,,,,,,,,,,,,,,,,,,,,,,,,,,,,,,,,,,,,,,,,,,,,,,,,,PASSED,,,[],,,,,,,,,,WID2026072970665,FEDWIRE,pacs.008,2026-07-29T04:49:03Z,PENDING,343566b-9123-4353,202607295TYOMTB,MSG20260729190862,INS848983645,WIRE-MTB-100217,E2E355634973,2026-07-29 00:00:00,1291 Main Street,Indianapolis,IN,71362,US,Summit Ridge Bank,506614224,Meridian Trust Bank,Pittsburgh,PA,US,Meridian Trust Bank,44000024,PASSED,PASSED,PASSED,PASSED,PASSED,2026-07-29T04:49:03Z
WIRE,PRE,WIRE-MTB-100233,INDIVIDUAL,IND-0071,EXTERNAL_INDIVIDUAL,EXT-P-1769,CREDIT,,,,,,,,,,,,,,,,,,,,,,,,,,,,,,,,,,,,,,,,False,0,,IDEMP-WIRE-MTB-100233,,PASSED,False,2025-11-10 00:00:00,25,285,False,5554035420,1,5,False,[],5,11,30247.18,11529.88,False,60,10000,1.013,8864.11,[],False,,,,,,,,,,,,NOT_APPLICABLE,,,,,,,,,,,,,,,,,,Susan Taylor,8210905648,,,George Hernandez,5554035420,,,,,,Contract disbursement,,,,,,,,,,2026-08-22T04:03:01Z,True,2026-08-22T04:03:06Z,858,20000,False,0,,,,,,,,,,,,,,,,,,,10128.16,USD,,,,,,,,,,,,,,,,,,,,,,,,,,,,,,,,,,,,,,,,,,,,,,,,,,,,PASSED,,,[],,,,,,,,,,WID2026082262830,FEDWIRE,pacs.008,2026-08-22T04:03:01Z,PENDING,235e6e1-3028-7163,20260822P0KFMTB,MSG20260822269050,INS447322913,WIRE-MTB-100233,E2E815794193,2026-08-22 00:00:00,6769 Maple Drive,Atlanta,GA,17488,US,Ironbridge National Bank,850663968,Meridian Trust Bank,Columbus,OH,US,Meridian Trust Bank,44000024,PASSED,PASSED,PASSED,PASSED,PASSED,2026-08-22T04:03:01Z
WIRE,PRE,WIRE-MTB-100503,MERCHANT,MERCH-002,EXTERNAL_INDIVIDUAL,EXT-P-6356,CREDIT,,,,,,,,,,,,,,,,,,,,,,,,,,,,,,,,,,,,,,,,True,1,WIRE-MTB-100261,IDEMP-WIRE-MTB-100261,,FLAGGED,False,2024-08-09 00:00:00,58,733,False,5123580257,5,8,True,[],1,2,58008.22,20146.47,False,23,10000,1.369,17542.95,[],False,,,,,,,,,,,,NOT_APPLICABLE,,,,,,,,,,,,,,,,,,Richard Perez,6543557040,,,Crestline Office Outfitters,5123580257,,,,,,Vendor settlement,,,,,,,,,,2026-08-12T22:47:46Z,True,2026-08-12T22:47:59Z,1495,20000,False,0,,,,,,,,,,,,,,,,,,,13692.39,USD,,,,,,,,,,,,,,,,,,,,,,,,,,,,,,,,,,,,,,,,,,,,,,,,,,,,PASSED,,,[],,,,,,,,,,WID2026081258965,FEDWIRE,pacs.008,2026-08-12T22:47:46Z,PENDING,5ec0773-1552-2806,20260812AINOMTB,MSG20260812296844,INS475033402,WIRE-MTB-100503,E2E956250605,2026-08-12 00:00:00,7977 Franklin Street,Columbus,OH,44564,US,Ironbridge National Bank,658854341,Vertex Commerce Pay,Denver,CO,US,Meridian Trust Bank,44000024,PASSED,PASSED,PASSED,PASSED,PASSED,2026-08-12T22:47:46Z
WIRE,PRE,WIRE-MTB-100219,INDIVIDUAL,IND-0063,EXTERNAL_INDIVIDUAL,EXT-P-6453,CREDIT,,,,,,,,,,,,,,,,,,,,,,,,,,,,,,,,,,,,,,,,False,0,,IDEMP-WIRE-MTB-100219,,PASSED,True,2026-07-12 00:00:00,0,0,True,318009757,1,2,False,[],3,10,264943.79,160082.63,False,56,10000,23.514,198936.76,[],False,,,,,,,,,,,,NOT_APPLICABLE,,,,,,,,,,,,,,,,,,Andrew Robinson,1847713398,,,Matthew Rodriguez,318009757,,,,,,Contract disbursement,,,,,,,,,,2026-07-12T07:14:53Z,True,2026-07-12T07:15:04Z,955,20000,False,5,,,,,,,,,,,,,,,,,,,235140.49,USD,,,,,,,,,,,,,,,,,,,,,,,,,,,,,,,,,,,,,,,,,,,,,,,,,,,,PASSED,,,[],,,,,,,,,,WID2026071221081,FEDWIRE,pacs.008,2026-07-12T07:14:53Z,PENDING,595cff3-8985-7802,20260712ZE6MMTB,MSG20260712298785,INS663193727,WIRE-MTB-100219,E2E123126595,2026-07-12 00:00:00,5353 Elm Street,Atlanta,GA,33805,US,Ironbridge National Bank,874458477,Meridian Trust Bank,Louisville,KY,US,Meridian Trust Bank,44000024,PASSED,PASSED,PASSED,PASSED,PASSED,2026-07-12T07:14:53Z
WIRE,PRE,WIRE-MTB-100299,MERCHANT,MERCH-008,EXTERNAL_INDIVIDUAL,EXT-P-8525,CREDIT,,,,,,,,,,,,,,,,,,,,,,,,,,,,,,,,,,,,,,,,False,0,,IDEMP-WIRE-MTB-100299,,PASSED,False,2024-06-25 00:00:00,5,766,False,454372367,1,5,False,[],1,6,112461.64,70182.57,False,36,10000,8.379,84847.1,[],False,,,,,,,,,,,,NOT_APPLICABLE,,,,,,,,,,,,,,,,,,Kevin Thomas,7706952660,,,Amberlane Textiles Co,454372367,,,,,,Invoice payment,,,,,,,,,,2026-07-31T17:46:38Z,True,2026-07-31T17:46:52Z,309,20000,False,0,,,,,,,,,,,,,,,,,,,83792.7,USD,,,,,,,,,,,,,,,,,,,,,,,,,,,,,,,,,,,,,,,,,,,,,,,,,,,,PASSED,,,[],,,,,,,,,,WID2026073162916,FEDWIRE,pacs.008,2026-07-31T17:46:38Z,PENDING,4e5fda2-3928-5035,20260731PV2IMTB,MSG20260731804951,INS489908716,WIRE-MTB-100299,E2E425219496,2026-07-31 00:00:00,6684 Franklin Street,Denver,CO,39836,US,Summit Ridge Bank,538283945,BrightLedger Payments,Charlotte,NC,US,Meridian Trust Bank,44000024,PASSED,PASSED,PASSED,PASSED,PASSED,2026-07-31T17:46:38Z
WIRE,PRE,WIRE-MTB-100510,INDIVIDUAL,IND-0042,EXTERNAL_INDIVIDUAL,EXT-P-3247,CREDIT,,,,,,,,,,,,,,,,,,,,,,,,,,,,,,,,,,,,,,,,True,1,WIRE-MTB-100225,IDEMP-WIRE-MTB-100225,,FLAGGED,False,2025-07-28 00:00:00,58,335,False,7256353407,1,3,False,[],2,5,33233.71,12900.47,False,42,10000,1.199,13446.18,[],False,,,,,,,,,,,,NOT_APPLICABLE,,,,,,,,,,,,,,,,,,Amanda Thomas,6067628340,,,Patricia Scott,7256353407,,,,,,Payroll transfer,,,,,,,,,,2026-06-28T04:22:34Z,True,2026-06-28T04:22:37Z,3448,20000,False,0,,,,,,,,,,,,,,,,,,,11986.42,USD,,,,,,,,,,,,,,,,,,,,,,,,,,,,,,,,,,,,,,,,,,,,,,,,,,,,PASSED,,,[],,,,,,,,,,WID2026062821800,FEDWIRE,pacs.008,2026-06-28T04:22:34Z,PENDING,584d233-3097-9099,20260628PMKSMTB,MSG20260628877686,INS215825482,WIRE-MTB-100510,E2E633473054,2026-06-28 00:00:00,8209 Highland Avenue,Chicago,IL,63146,US,Ironbridge National Bank,361756437,Meridian Trust Bank,Denver,CO,US,Meridian Trust Bank,44000024,PASSED,PASSED,PASSED,PASSED,PASSED,2026-06-28T04:22:34Z
WIRE,PRE,WIRE-MTB-100277,MERCHANT,MERCH-007,EXTERNAL_INDIVIDUAL,EXT-P-9522,CREDIT,,,,,,,,,,,,,,,,,,,,,,,,,,,,,,,,,,,,,,,,False,0,,IDEMP-WIRE-MTB-100277,,PASSED,False,2025-12-13 00:00:00,40,230,False,702250308,5,6,True,[],2,10,714553.15,344904.21,False,52,10000,18.551,202632.06,[],False,,,,,,,,,,,,NOT_APPLICABLE,,,,,,,,,,,,,,,,,,Nancy Ramirez,9891298232,,,Fernbrook Electronics,702250308,,,,,,Contract disbursement,,,,,,,,,,2026-07-31T17:28:19Z,True,2026-07-31T17:28:22Z,2174,20000,False,0,,,,,,,,,,,,,,,,,,,185507.76,USD,,,,,,,,,,,,,,,,,,,,,,,,,,,,,,,,,,,,,,,,,,,,,,,,,,,,PASSED,,,[],,,,,,,,,,WID2026073170195,FEDWIRE,pacs.008,2026-07-31T17:28:19Z,PENDING,186f954-6886-4329,20260731VAZNMTB,MSG20260731882334,INS663637423,WIRE-MTB-100277,E2E386901652,2026-07-31 00:00:00,8918 Park Boulevard,Indianapolis,IN,81509,US,Summit Ridge Bank,587530595,BrightLedger Payments,Charlotte,NC,US,Meridian Trust Bank,44000024,PASSED,PASSED,PASSED,PASSED,PASSED,2026-07-31T17:28:19Z
WIRE,PRE,WIRE-MTB-100226,INDIVIDUAL,IND-0100,INDIVIDUAL,IND-0025,CREDIT,,,,,,,,,,,,,,,,,,,,,,,,,,,,,,,,,,,,,,,,False,0,,IDEMP-WIRE-MTB-100226,,PASSED,False,2026-02-23 00:00:00,25,126,False,1304584672,1,3,False,[],1,7,8373.56,4591.91,False,45,10000,0.455,5296.58,[],False,,,,,,,,,,,,NOT_APPLICABLE,,,,,,,,,,,,,,,,,,Mark Jackson,9374062971,,,Betty Wright,1304584672,,,,,,Invoice payment,,,,,,,,,,2026-06-29T12:18:35Z,True,2026-06-29T12:18:44Z,2652,20000,False,0,,,,,,,,,,,,,,,,,,,4547.88,USD,,,,,,,,,,,,,,,,,,,,,,,,,,,,,,,,,,,,,,,,,,,,,,,,,,,,PASSED,,,[],,,,,,,,,,WID2026062957307,FEDWIRE,pacs.008,2026-06-29T12:18:35Z,PENDING,240ef53-1138-7016,202606291HF7MTB,MSG20260629952269,INS658604121,WIRE-MTB-100226,E2E272773450,2026-06-29 00:00:00,754 Franklin Street,Charlotte,NC,42442,US,Summit Ridge Bank,571918368,Meridian Trust Bank,Nashville,TN,US,Meridian Trust Bank,44000024,PASSED,PASSED,PASSED,PASSED,PASSED,2026-06-29T12:18:35Z
WIRE,PRE,WIRE-MTB-100243,INDIVIDUAL,IND-0024,EXTERNAL_INDIVIDUAL,EXT-P-1932,CREDIT,,,,,,,,,,,,,,,,,,,,,,,,,,,,,,,,,,,,,,,,False,0,,IDEMP-WIRE-MTB-100243,,PASSED,False,2023-11-23 00:00:00,6,954,False,9324986869,1,1,False,[],2,4,88516.47,36237.79,False,34,10000,4.897,40124.38,[],False,,,,,,,,,,,,NOT_APPLICABLE,,,,,,,,,,,,,,,,,,Joshua Williams,9724117620,,,Stephanie Williams,9324986869,,,,,,Contract disbursement,,,,,,,,,,2026-07-04T20:43:25Z,True,2026-07-04T20:43:31Z,1249,20000,False,0,,,,,,,,,,,,,,,,,,,48970.65,USD,,,,,,,,,,,,,,,,,,,,,,,,,,,,,,,,,,,,,,,,,,,,,,,,,,,,PASSED,,,[],,,,,,,,,,WID2026070490869,FEDWIRE,pacs.008,2026-07-04T20:43:25Z,PENDING,4a9756c-7023-5925,20260704DD5OMTB,MSG20260704439618,INS347946749,WIRE-MTB-100243,E2E473702433,2026-07-04 00:00:00,5407 Franklin Street,Charlotte,NC,78397,US,Ironbridge National Bank,869657637,Meridian Trust Bank,Atlanta,GA,US,Meridian Trust Bank,44000024,PASSED,PASSED,PASSED,PASSED,PASSED,2026-07-04T20:43:25Z
WIRE,PRE,WIRE-MTB-100230,INDIVIDUAL,IND-0057,EXTERNAL_INDIVIDUAL,EXT-P-7492,CREDIT,,,,,,,,,,,,,,,,,,,,,,,,,,,,,,,,,,,,,,,,False,0,,IDEMP-WIRE-MTB-100230,,PASSED,False,2023-05-12 00:00:00,3,1144,False,3587432379,1,1,False,[],5,5,289831.53,102357.41,False,41,10000,13.787,157398.97,[],False,,,,,,,,,,,,NOT_APPLICABLE,,,,,,,,,,,,,,,,,,Cynthia Brown,4675381498,,,Carol Wilson,3587432379,,,,,,Payroll transfer,,,,,,,,,,2026-06-29T09:43:22Z,True,2026-06-29T09:43:30Z,3431,20000,False,0,,,,,,,,,,,,,,,,,,,137871.83,USD,,,,,,,,,,,,,,,,,,,,,,,,,,,,,,,,,,,,,,,,,,,,,,,,,,,,PASSED,,,[],,,,,,,,,,WID2026062978816,FEDWIRE,pacs.008,2026-06-29T09:43:22Z,PENDING,32fdd51-8596-7324,20260629DY8CMTB,MSG20260629910101,INS819400549,WIRE-MTB-100230,E2E450622436,2026-06-29 00:00:00,2528 Highland Avenue,Detroit,MI,83697,US,Cascade Point Bank,599231773,Meridian Trust Bank,Columbus,OH,US,Meridian Trust Bank,44000024,PASSED,PASSED,PASSED,PASSED,PASSED,2026-06-29T09:43:22Z
WIRE,PRE,WIRE-MTB-100237,INDIVIDUAL,IND-0062,EXTERNAL_INDIVIDUAL,EXT-P-1314,CREDIT,,,,,,,,,,,,,,,,,,,,,,,,,,,,,,,,,,,,,,,,False,0,,IDEMP-WIRE-MTB-100237,,PASSED,False,2025-07-30 00:00:00,14,341,False,5095365440,2,2,False,[],5,13,105300.18,50698.13,True,68,10000,4.164,40030.8,[],False,,,,,,,,,,,,NOT_APPLICABLE,,,,,,,,,,,,,,,,,,Kevin Walker,1272778050,,,Robert Garcia,5095365440,,,,,,Payroll transfer,,,,,,,,,,2026-07-06T03:33:33Z,True,2026-07-06T03:33:46Z,2799,20000,False,0,,,,,,,,,,,,,,,,,,,41636.49,USD,,,,,,,,,,,,,,,,,,,,,,,,,,,,,,,,,,,,,,,,,,,,,,,,,,,,PASSED,,,[],,,,,,,,,,WID2026070687060,FEDWIRE,pacs.008,2026-07-06T03:33:33Z,PENDING,42241c8-4664-9742,20260706AD5FMTB,MSG20260706324818,INS178469379,WIRE-MTB-100237,E2E998791682,2026-07-06 00:00:00,9480 Main Street,Louisville,KY,40906,US,Ironbridge National Bank,276636813,Meridian Trust Bank,Chicago,IL,US,Meridian Trust Bank,44000024,PASSED,PASSED,PASSED,PASSED,PASSED,2026-07-06T03:33:33Z
WIRE,PRE,WIRE-MTB-100283,MERCHANT,MERCH-002,EXTERNAL_INDIVIDUAL,EXT-P-4724,CREDIT,,,,,,,,,,,,,,,,,,,,,,,,,,,,,,,,,,,,,,,,False,0,,IDEMP-WIRE-MTB-100283,,PASSED,True,2026-07-17 00:00:00,0,0,False,5123580257,1,5,False,[],3,7,285853.62,178988.22,False,43,10000,17.534,202698.18,[],False,,,,,,,,,,,,NOT_APPLICABLE,,,,,,,,,,,,,,,,,,Sandra Garcia,6434159578,,,Crestline Office Outfitters,5123580257,,,,,,Contract disbursement,,,,,,,,,,2026-07-17T21:03:55Z,True,2026-07-17T21:04:07Z,2882,20000,False,0,,,,,,,,,,,,,,,,,,,175340.97,USD,,,,,,,,,,,,,,,,,,,,,,,,,,,,,,,,,,,,,,,,,,,,,,,,,,,,PASSED,,,[],,,,,,,,,,WID2026071713519,FEDWIRE,pacs.008,2026-07-17T21:03:55Z,PENDING,17bedac-8454-8643,202607173MCAMTB,MSG20260717804961,INS837886037,WIRE-MTB-100283,E2E392104024,2026-07-17 00:00:00,3798 Park Boulevard,Cincinnati,OH,18302,US,Ironbridge National Bank,782477309,Vertex Commerce Pay,Columbus,OH,US,Meridian Trust Bank,44000024,PASSED,PASSED,PASSED,PASSED,PASSED,2026-07-17T21:03:55Z
WIRE,PRE,WIRE-MTB-100257,MERCHANT,MERCH-009,INDIVIDUAL,IND-0061,CREDIT,,,,,,,,,,,,,,,,,,,,,,,,,,,,,,,,,,,,,,,,False,0,,IDEMP-WIRE-MTB-100257,,PASSED,True,2026-08-08 00:00:00,0,0,True,9446335263,5,8,False,[],1,7,773757.16,456300.59,False,42,10000,17.38,156321.49,[],False,,,,,,,,,,,,NOT_APPLICABLE,,,,,,,,,,,,,,,,,,Linda Scott,3264385502,,,Copperfield Building Supply,9446335263,,,,,,Payroll transfer,,,,,,,,,,2026-08-08T21:14:53Z,True,2026-08-08T21:15:06Z,543,20000,False,0,,,,,,,,,,,,,,,,,,,173799.11,USD,,,,,,,,,,,,,,,,,,,,,,,,,,,,,,,,,,,,,,,,,,,,,,,,,,,,PASSED,,,[],,,,,,,,,,WID2026080854202,FEDWIRE,pacs.008,2026-08-08T21:14:53Z,PENDING,450c181-6015-9534,2026080824R6MTB,MSG20260808440676,INS674380599,WIRE-MTB-100257,E2E734814723,2026-08-08 00:00:00,6090 Franklin Street,Denver,CO,75380,US,Cascade Point Bank,877352610,Northstar Payment Solutions,Cincinnati,OH,US,Meridian Trust Bank,44000024,PASSED,PASSED,PASSED,PASSED,PASSED,2026-08-08T21:14:53Z
WIRE,PRE,WIRE-MTB-100292,MERCHANT,MERCH-009,EXTERNAL_INDIVIDUAL,EXT-P-5956,CREDIT,,,,,,,,,,,,,,,,,,,,,,,,,,,,,,,,,,,,,,,,False,0,,IDEMP-WIRE-MTB-100292,,PASSED,False,2025-03-06 00:00:00,30,520,False,9446335263,2,3,False,[],3,4,36331.05,24859.86,False,24,10000,0.908,21145.68,[],False,,,,,,,,,,,,NOT_APPLICABLE,,,,,,,,,,,,,,,,,,Emily Martinez,1121793584,,,Copperfield Building Supply,9446335263,,,,,,Payroll transfer,,,,,,,,,,2026-08-08T00:56:04Z,True,2026-08-08T00:56:17Z,3926,20000,False,91,,,,,,,,,,,,,,,,,,,9076.65,USD,,,,,,,,,,,,,,,,,,,,,,,,,,,,,,,,,,,,,,,,,,,,,,,,,,,,PASSED,,,[],,,,,,,,,,WID2026080899826,FEDWIRE,pacs.008,2026-08-08T00:56:04Z,PENDING,bd13d7-7471-3650,202608089XVTMTB,MSG20260808146557,INS760726181,WIRE-MTB-100292,E2E177236370,2026-08-08 00:00:00,7623 Maple Drive,Cincinnati,OH,68951,US,Cascade Point Bank,328203744,Northstar Payment Solutions,Charlotte,NC,US,Meridian Trust Bank,44000024,PASSED,PASSED,PASSED,PASSED,PASSED,2026-08-08T00:56:04Z
WIRE,PRE,WIRE-MTB-100254,MERCHANT,MERCH-008,EXTERNAL_INDIVIDUAL,EXT-P-9942,CREDIT,,,,,,,,,,,,,,,,,,,,,,,,,,,,,,,,,,,,,,,,False,0,,IDEMP-WIRE-MTB-100254,,PASSED,False,2023-12-06 00:00:00,3,978,False,454372367,1,1,False,[],2,10,864346.06,427020.27,False,54,10000,24.007,284185.91,[],False,,,,,,,,,,,,NOT_APPLICABLE,,,,,,,,,,,,,,,,,,William Martinez,9568181970,,,Amberlane Textiles Co,454372367,,,,,,Contract disbursement,,,,,,,,,,2026-08-10T17:03:27Z,True,2026-08-10T17:03:29Z,2783,20000,False,0,,,,,,,,,,,,,,,,,,,240074.4,USD,,,,,,,,,,,,,,,,,,,,,,,,,,,,,,,,,,,,,,,,,,,,,,,,,,,,PASSED,,,[],,,,,,,,,,WID2026081073768,FEDWIRE,pacs.008,2026-08-10T17:03:27Z,PENDING,3ca0c24-9661-3337,20260810OFWKMTB,MSG20260810847485,INS462293900,WIRE-MTB-100254,E2E784946741,2026-08-10 00:00:00,7688 Oak Avenue,Louisville,KY,88302,US,Ironbridge National Bank,350937109,BrightLedger Payments,Indianapolis,IN,US,Meridian Trust Bank,44000024,PASSED,PASSED,PASSED,PASSED,PASSED,2026-08-10T17:03:27Z
WIRE,PRE,WIRE-MTB-100218,INDIVIDUAL,IND-0051,EXTERNAL_INDIVIDUAL,EXT-P-5236,CREDIT,,,,,,,,,,,,,,,,,,,,,,,,,,,,,,,,,,,,,,,,False,0,,IDEMP-WIRE-MTB-100218,,PASSED,False,2026-04-11 00:00:00,11,87,False,6990248128,1,2,False,[],1,4,924279.54,397493.05,False,35,10000,23.532,257043.42,[],False,,,,,,,,,,,,NOT_APPLICABLE,,,,,,,,,,,,,,,,,,Kevin Thompson,710370910,,,Amanda Harris,6990248128,,,,,,Contract disbursement,,,,,,,,,,2026-07-07T09:08:11Z,True,2026-07-07T09:08:14Z,1439,20000,False,0,,,,,,,,,,,,,,,,,,,235324.15,USD,,,,,,,,,,,,,,,,,,,,,,,,,,,,,,,,,,,,,,,,,,,,,,,,,,,,PASSED,,,[],,,,,,,,,,WID2026070752572,FEDWIRE,pacs.008,2026-07-07T09:08:11Z,PENDING,198a456-5947-1377,202607076CTYMTB,MSG20260707887074,INS278649193,WIRE-MTB-100218,E2E547124826,2026-07-07 00:00:00,8331 Cedar Lane,Denver,CO,57189,US,Cascade Point Bank,995793283,Meridian Trust Bank,Denver,CO,US,Meridian Trust Bank,44000024,PASSED,PASSED,PASSED,PASSED,PASSED,2026-07-07T09:08:11Z
WIRE,PRE,WIRE-MTB-100206,INDIVIDUAL,IND-0045,EXTERNAL_INDIVIDUAL,EXT-P-3648,CREDIT,,,,,,,,,,,,,,,,,,,,,,,,,,,,,,,,,,,,,,,,False,0,,IDEMP-WIRE-MTB-100206,,PASSED,False,2023-07-02 00:00:00,22,1137,False,7563517919,1,1,False,[],1,2,244771.64,160107.82,False,17,10000,9.74,78065.23,[],False,,,,,,,,,,,,NOT_APPLICABLE,,,,,,,,,,,,,,,,,,George Taylor,4691944009,,,Kathleen Wilson,7563517919,,,,,,Payroll transfer,,,,,,,,,,2026-08-12T12:22:10Z,True,2026-08-12T12:22:16Z,2851,20000,False,51,,,,,,,,,,,,,,,,,,,97403.67,USD,,,,,,,,,,,,,,,,,,,,,,,,,,,,,,,,,,,,,,,,,,,,,,,,,,,,PASSED,,,[],,,,,,,,,,WID2026081255493,FEDWIRE,pacs.008,2026-08-12T12:22:10Z,PENDING,5b79e33-8206-6222,20260812FG49MTB,MSG20260812942067,INS650893918,WIRE-MTB-100206,E2E909075724,2026-08-12 00:00:00,2210 Park Boulevard,Denver,CO,43616,US,Ironbridge National Bank,708558132,Meridian Trust Bank,Cincinnati,OH,US,Meridian Trust Bank,44000024,PASSED,PASSED,PASSED,PASSED,PASSED,2026-08-12T12:22:10Z
WIRE,PRE,WIRE-MTB-100287,MERCHANT,MERCH-001,EXTERNAL_INDIVIDUAL,EXT-P-2182,CREDIT,,,,,,,,,,,,,,,,,,,,,,,,,,,,,,,,,,,,,,,,False,0,,IDEMP-WIRE-MTB-100287,,PASSED,False,2024-12-05 00:00:00,42,596,False,2813398050,5,5,False,[],1,11,18275.49,6607.02,True,59,10000,0.584,4867.58,[],False,,,,,,,,,,,,NOT_APPLICABLE,,,,,,,,,,,,,,,,,,Kathleen Gonzalez,5447305452,,,Bluepeak Hardware Supply,2813398050,,,,,,Vendor settlement,,,,,,,,,,2026-07-24T21:40:08Z,True,2026-07-24T21:40:15Z,292,20000,False,0,,,,,,,,,,,,,,,,,,,5839.99,USD,,,,,,,,,,,,,,,,,,,,,,,,,,,,,,,,,,,,,,,,,,,,,,,,,,,,PASSED,,,[],,,,,,,,,,WID2026072461188,FEDWIRE,pacs.008,2026-07-24T21:40:08Z,PENDING,f1e6ff-8437-8459,20260724CFCOMTB,MSG20260724607114,INS869455931,WIRE-MTB-100287,E2E597874185,2026-07-24 00:00:00,365 Elm Street,Cincinnati,OH,84154,US,Cascade Point Bank,287826905,Meridian Trust Bank,Detroit,MI,US,Meridian Trust Bank,44000024,PASSED,PASSED,PASSED,PASSED,PASSED,2026-07-24T21:40:08Z
WIRE,PRE,WIRE-MTB-100210,INDIVIDUAL,IND-0066,INDIVIDUAL,IND-0023,CREDIT,,,,,,,,,,,,,,,,,,,,,,,,,,,,,,,,,,,,,,,,False,0,,IDEMP-WIRE-MTB-100210,,PASSED,False,2025-09-18 00:00:00,8,288,False,2524706591,1,2,False,[],2,10,17837.45,8249.95,False,53,10000,0.798,10112.32,[],False,,,,,,,,,,,,NOT_APPLICABLE,,,,,,,,,,,,,,,,,,James Brown,16593766,,,William Jackson,2524706591,,,,,,Vendor settlement,,,,,,,,,,2026-07-03T03:02:43Z,True,2026-07-03T03:02:48Z,2010,20000,False,0,,,,,,,,,,,,,,,,,,,7983.17,USD,,,,,,,,,,,,,,,,,,,,,,,,,,,,,,,,,,,,,,,,,,,,,,,,,,,,PASSED,,,[],,,,,,,,,,WID2026070335617,FEDWIRE,pacs.008,2026-07-03T03:02:43Z,PENDING,54929c6-5550-7212,20260703UYVJMTB,MSG20260703104208,INS815285473,WIRE-MTB-100210,E2E698384040,2026-07-03 00:00:00,4072 Maple Drive,Charlotte,NC,16592,US,Cascade Point Bank,248263007,Meridian Trust Bank,Charlotte,NC,US,Meridian Trust Bank,44000024,PASSED,PASSED,PASSED,PASSED,PASSED,2026-07-03T03:02:43Z
WIRE,PRE,WIRE-MTB-100242,INDIVIDUAL,IND-0023,EXTERNAL_INDIVIDUAL,EXT-P-3636,CREDIT,,,,,,,,,,,,,,,,,,,,,,,,,,,,,,,,,,,,,,,,False,0,,IDEMP-WIRE-MTB-100242,,PASSED,False,2023-10-29 00:00:00,13,1009,False,16593766,8,8,True,[],3,3,539183.22,250787.68,False,25,10000,15.143,180317.1,[],False,,,,,,,,,,,,NOT_APPLICABLE,,,,,,,,,,,,,,,,,,Amanda Garcia,5422807559,,,James Brown,16593766,,,,,,Vendor settlement,,,,,,,,,,2026-08-03T22:16:49Z,True,2026-08-03T22:16:57Z,3937,20000,False,91,,,,,,,,,,,,,,,,,,,151427.64,USD,,,,,,,,,,,,,,,,,,,,,,,,,,,,,,,,,,,,,,,,,,,,,,,,,,,,PASSED,,,[],,,,,,,,,,WID2026080393126,FEDWIRE,pacs.008,2026-08-03T22:16:49Z,PENDING,5d8a886-5031-5325,202608038QLTMTB,MSG20260803313058,INS750585598,WIRE-MTB-100242,E2E601539681,2026-08-03 00:00:00,7701 Elm Street,Pittsburgh,PA,13503,US,Cascade Point Bank,500612197,Meridian Trust Bank,Chicago,IL,US,Meridian Trust Bank,44000024,PASSED,PASSED,PASSED,PASSED,PASSED,2026-08-03T22:16:49Z
WIRE,PRE,WIRE-MTB-100216,INDIVIDUAL,IND-0010,INDIVIDUAL,IND-0073,CREDIT,,,,,,,,,,,,,,,,,,,,,,,,,,,,,,,,,,,,,,,,False,0,,IDEMP-WIRE-MTB-100216,,PASSED,False,2024-01-16 00:00:00,37,932,False,2914796931,1,2,False,[],3,7,48884.63,32793.23,False,39,10000,1.329,14522.52,[],False,,,,,,,,,,,,NOT_APPLICABLE,,,,,,,,,,,,,,,,,,Susan Johnson,3719878466,,,Laura Allen,2914796931,,,,,,Invoice payment,,,,,,,,,,2026-08-05T07:20:29Z,True,2026-08-05T07:20:31Z,2496,20000,False,51,,,,,,,,,,,,,,,,,,,13287.32,USD,,,,,,,,,,,,,,,,,,,,,,,,,,,,,,,,,,,,,,,,,,,,,,,,,,,,PASSED,,,[],,,,,,,,,,WID2026080536072,FEDWIRE,pacs.008,2026-08-05T07:20:29Z,PENDING,4fef6b4-9857-6074,20260805L5U1MTB,MSG20260805265041,INS955911343,WIRE-MTB-100216,E2E488831551,2026-08-05 00:00:00,5100 Main Street,Chicago,IL,87352,US,Ironbridge National Bank,513671558,Meridian Trust Bank,Chicago,IL,US,Meridian Trust Bank,44000024,PASSED,PASSED,PASSED,PASSED,PASSED,2026-08-05T07:20:29Z
WIRE,PRE,WIRE-MTB-100208,INDIVIDUAL,IND-0087,EXTERNAL_INDIVIDUAL,EXT-P-3080,CREDIT,,,,,,,,,,,,,,,,,,,,,,,,,,,,,,,,,,,,,,,,False,0,,IDEMP-WIRE-MTB-100208,,PASSED,False,2025-12-20 00:00:00,14,194,False,4468178310,2,6,False,[],2,12,43889.3,26633.87,True,64,10000,1.359,12976.64,[],False,,,,,,,,,,,,NOT_APPLICABLE,,,,,,,,,,,,,,,,,,Richard Thomas,372664251,,,Edward Martinez,4468178310,,,,,,Contract disbursement,,,,,,,,,,2026-07-02T11:53:15Z,True,2026-07-02T11:53:26Z,2828,20000,False,5,,,,,,,,,,,,,,,,,,,13585.14,USD,,,,,,,,,,,,,,,,,,,,,,,,,,,,,,,,,,,,,,,,,,,,,,,,,,,,PASSED,,,[],,,,,,,,,,WID2026070246486,FEDWIRE,pacs.008,2026-07-02T11:53:15Z,PENDING,5917a8b-7529-6389,20260702ZG6FMTB,MSG20260702265598,INS156305183,WIRE-MTB-100208,E2E815311210,2026-07-02 00:00:00,1824 Park Boulevard,Cincinnati,OH,64549,US,Summit Ridge Bank,714201868,Meridian Trust Bank,Cleveland,OH,US,Meridian Trust Bank,44000024,PASSED,PASSED,PASSED,PASSED,PASSED,2026-07-02T11:53:15Z
WIRE,PRE,WIRE-MTB-100202,INDIVIDUAL,IND-0090,EXTERNAL_INDIVIDUAL,EXT-P-1367,CREDIT,,,,,,,,,,,,,,,,,,,,,,,,,,,,,,,,,,,,,,,,False,0,,IDEMP-WIRE-MTB-100202,,PASSED,False,2023-07-28 00:00:00,20,1075,False,9016374129,1,4,False,[],1,7,456663.28,198605.81,False,49,10000,13.594,113332.5,[],False,,,,,,,,,,,,NOT_APPLICABLE,,,,,,,,,,,,,,,,,,Rebecca Johnson,3181626594,,,Michael Thompson,9016374129,,,,,,Payroll transfer,,,,,,,,,,2026-07-07T00:38:49Z,True,2026-07-07T00:39:01Z,1600,20000,False,0,,,,,,,,,,,,,,,,,,,135938.43,USD,,,,,,,,,,,,,,,,,,,,,,,,,,,,,,,,,,,,,,,,,,,,,,,,,,,,PASSED,,,[],,,,,,,,,,WID2026070791284,FEDWIRE,pacs.008,2026-07-07T00:38:49Z,PENDING,18eef37-9705-7082,20260707E9N5MTB,MSG20260707245674,INS747879286,WIRE-MTB-100202,E2E147520138,2026-07-07 00:00:00,4918 Highland Avenue,Denver,CO,14584,US,Cascade Point Bank,309171925,Meridian Trust Bank,Columbus,OH,US,Meridian Trust Bank,44000024,PASSED,PASSED,PASSED,PASSED,PASSED,2026-07-07T00:38:49Z
WIRE,PRE,WIRE-MTB-100240,INDIVIDUAL,IND-0070,EXTERNAL_INDIVIDUAL,EXT-P-8013,CREDIT,,,,,,,,,,,,,,,,,,,,,,,,,,,,,,,,,,,,,,,,False,0,,IDEMP-WIRE-MTB-100240,,PASSED,False,2025-07-25 00:00:00,55,361,False,62060907,1,1,False,[],1,1,660072.74,238345.9,False,18,10000,19.727,196593.27,[],False,,,,,,,,,,,,NOT_APPLICABLE,,,,,,,,,,,,,,,,,,Robert Thomas,9305595754,,,Rebecca Walker,62060907,,,,,,Invoice payment,,,,,,,,,,2026-07-21T10:13:41Z,True,2026-07-21T10:13:53Z,431,20000,False,0,,,,,,,,,,,,,,,,,,,197267.85,USD,,,,,,,,,,,,,,,,,,,,,,,,,,,,,,,,,,,,,,,,,,,,,,,,,,,,PASSED,,,[],,,,,,,,,,WID2026072124436,FEDWIRE,pacs.008,2026-07-21T10:13:41Z,PENDING,1f70392-7129-5746,20260721C6CDMTB,MSG20260721399961,INS137659562,WIRE-MTB-100240,E2E396812927,2026-07-21 00:00:00,8340 Oak Avenue,Pittsburgh,PA,77239,US,Cascade Point Bank,614453669,Meridian Trust Bank,Louisville,KY,US,Meridian Trust Bank,44000024,PASSED,PASSED,PASSED,PASSED,PASSED,2026-07-21T10:13:41Z
WIRE,PRE,WIRE-MTB-100250,INDIVIDUAL,IND-0060,EXTERNAL_INDIVIDUAL,EXT-P-6352,CREDIT,,,,,,,,,,,,,,,,,,,,,,,,,,,,,,,,,,,,,,,,False,0,,IDEMP-WIRE-MTB-100250,,PASSED,False,2023-06-09 00:00:00,53,1117,False,4239112336,1,3,False,[],3,9,42433.65,19201.03,False,49,10000,1.759,20432.88,[],False,,,,,,,,,,,,NOT_APPLICABLE,,,,,,,,,,,,,,,,,,Steven Jackson,2878473691,,,Andrew King,4239112336,,,,,,Invoice payment,,,,,,,,,,2026-06-30T11:13:13Z,True,2026-06-30T11:13:18Z,133,20000,False,5,,,,,,,,,,,,,,,,,,,17588.29,USD,,,,,,,,,,,,,,,,,,,,,,,,,,,,,,,,,,,,,,,,,,,,,,,,,,,,PASSED,,,[],,,,,,,,,,WID2026063080143,FEDWIRE,pacs.008,2026-06-30T11:13:13Z,PENDING,17454bb-8213-6425,202606303MBHMTB,MSG20260630120911,INS226663519,WIRE-MTB-100250,E2E967511052,2026-06-30 00:00:00,5572 Park Boulevard,Indianapolis,IN,37319,US,Ironbridge National Bank,369701785,Meridian Trust Bank,Indianapolis,IN,US,Meridian Trust Bank,44000024,PASSED,PASSED,PASSED,PASSED,PASSED,2026-06-30T11:13:13Z
WIRE,PRE,WIRE-MTB-100241,INDIVIDUAL,IND-0087,EXTERNAL_INDIVIDUAL,EXT-P-2144,CREDIT,,,,,,,,,,,,,,,,,,,,,,,,,,,,,,,,,,,,,,,,False,0,,IDEMP-WIRE-MTB-100241,,PASSED,False,2025-08-07 00:00:00,34,343,False,4468178310,1,2,False,[],1,1,630504.42,462766.92,False,14,10000,18.124,214493.35,[],False,,,,,,,,,,,,NOT_APPLICABLE,,,,,,,,,,,,,,,,,,Cynthia Lewis,3597886872,,,Edward Martinez,4468178310,,,,,,Payroll transfer,,,,,,,,,,2026-07-16T17:32:53Z,True,2026-07-16T17:32:56Z,3538,20000,False,0,,,,,,,,,,,,,,,,,,,181239.62,USD,,,,,,,,,,,,,,,,,,,,,,,,,,,,,,,,,,,,,,,,,,,,,,,,,,,,PASSED,,,[],,,,,,,,,,WID2026071674151,FEDWIRE,pacs.008,2026-07-16T17:32:53Z,PENDING,5cb1218-8752-6376,20260716XXFHMTB,MSG20260716162729,INS146246599,WIRE-MTB-100241,E2E363536865,2026-07-16 00:00:00,6395 Franklin Street,Detroit,MI,10249,US,Cascade Point Bank,307115992,Meridian Trust Bank,Nashville,TN,US,Meridian Trust Bank,44000024,PASSED,PASSED,PASSED,PASSED,PASSED,2026-07-16T17:32:53Z
WIRE,PRE,WIRE-MTB-100262,MERCHANT,MERCH-010,INDIVIDUAL,IND-0036,CREDIT,,,,,,,,,,,,,,,,,,,,,,,,,,,,,,,,,,,,,,,,False,0,,IDEMP-WIRE-MTB-100262,,PASSED,False,2023-12-17 00:00:00,32,970,False,4806704660,8,9,True,[],1,5,48132.01,31092.97,False,37,10000,1.99,25669.85,[],False,,,,,,,,,,,,NOT_APPLICABLE,,,,,,,,,,,,,,,,,,Kathleen Wright,1515185860,,,Wrenfield Pharmacy Group,4806704660,,,,,,Contract disbursement,,,,,,,,,,2026-08-13T09:29:12Z,True,2026-08-13T09:29:17Z,3255,20000,False,51,,,,,,,,,,,,,,,,,,,19895.5,USD,,,,,,,,,,,,,,,,,,,,,,,,,,,,,,,,,,,,,,,,,,,,,,,,,,,,FAILED,E101,Field length exceeds ISO 20022 limit,['E101'],,,,,,,,,,WID2026081329941,FEDWIRE,pacs.008,2026-08-13T09:29:12Z,PENDING,49644a1-8038-3544,20260813ZM73MTB,MSG20260813946539,INS484412117,WIRE-MTB-100262,E2E872670744,2026-08-13 00:00:00,1934 Oak Avenue,Detroit,MI,41664,US,Cascade Point Bank,1487446,Vertex Commerce Pay,Nashville,TN,US,Meridian Trust Bank,44000024,FAILED,PASSED,PASSED,PASSED,PASSED,2026-08-13T09:29:12Z
WIRE,PRE,WIRE-MTB-100282,MERCHANT,MERCH-002,EXTERNAL_INDIVIDUAL,EXT-P-5620,CREDIT,,,,,,,,,,,,,,,,,,,,,,,,,,,,,,,,,,,,,,,,False,0,,IDEMP-WIRE-MTB-100282,,PASSED,False,2025-12-25 00:00:00,35,184,False,5123580257,1,3,False,[],5,11,334318.75,149512.32,True,59,10000,16.632,188665.55,[],False,,,,,,,,,,,,NOT_APPLICABLE,,,,,,,,,,,,,,,,,,Ronald Smith,1330557383,,,Crestline Office Outfitters,5123580257,,,,,,Contract disbursement,,,,,,,,,,2026-06-27T01:30:10Z,True,2026-06-27T01:30:12Z,2931,20000,False,0,,,,,,,,,,,,,,,,,,,166320.21,USD,,,,,,,,,,,,,,,,,,,,,,,,,,,,,,,,,,,,,,,,,,,,,,,,,,,,PASSED,,,[],,,,,,,,,,WID2026062767732,FEDWIRE,pacs.008,2026-06-27T01:30:10Z,PENDING,2eb9de7-6772-1916,20260627QNIWMTB,MSG20260627735150,INS994692614,WIRE-MTB-100282,E2E201706004,2026-06-27 00:00:00,7276 Cedar Lane,Chicago,IL,77974,US,Ironbridge National Bank,771655307,Vertex Commerce Pay,Chicago,IL,US,Meridian Trust Bank,44000024,PASSED,PASSED,PASSED,PASSED,PASSED,2026-06-27T01:30:10Z
WIRE,PRE,WIRE-MTB-100284,MERCHANT,MERCH-002,INDIVIDUAL,IND-0032,CREDIT,,,,,,,,,,,,,,,,,,,,,,,,,,,,,,,,,,,,,,,,False,0,,IDEMP-WIRE-MTB-100284,,PASSED,False,2026-03-23 00:00:00,20,129,False,5123580257,1,1,False,[],5,10,227451.04,153432.24,False,52,10000,11.519,101673.4,[],False,,,,,,,,,,,,NOT_APPLICABLE,,,,,,,,,,,,,,,,,,Richard Clark,1898877603,,,Crestline Office Outfitters,5123580257,,,,,,Invoice payment,,,,,,,,,,2026-07-30T01:18:19Z,True,2026-07-30T01:18:24Z,815,20000,False,0,,,,,,,,,,,,,,,,,,,115187.99,USD,,,,,,,,,,,,,,,,,,,,,,,,,,,,,,,,,,,,,,,,,,,,,,,,,,,,PASSED,,,[],,,,,,,,,,WID2026073084723,FEDWIRE,pacs.008,2026-07-30T01:18:19Z,PENDING,5498126-6791-6321,20260730EOD9MTB,MSG20260730378743,INS511056069,WIRE-MTB-100284,E2E917570537,2026-07-30 00:00:00,2867 2nd Avenue,Chicago,IL,24885,US,Summit Ridge Bank,356493086,Vertex Commerce Pay,Atlanta,GA,US,Meridian Trust Bank,44000024,PASSED,PASSED,PASSED,PASSED,PASSED,2026-07-30T01:18:19Z
WIRE,PRE,WIRE-MTB-100515,MERCHANT,MERCH-002,INDIVIDUAL,IND-0032,CREDIT,,,,,,,,,,,,,,,,,,,,,,,,,,,,,,,,,,,,,,,,True,1,WIRE-MTB-100284,IDEMP-WIRE-MTB-100284,,PASSED,False,2026-03-23 00:00:00,20,129,False,5123580257,1,1,False,[],5,10,227451.04,153432.24,False,52,10000,11.519,101673.4,[],False,,,,,,,,,,,,NOT_APPLICABLE,,,,,,,,,,,,,,,,,,Richard Clark,1898877603,,,Crestline Office Outfitters,5123580257,,,,,,Invoice payment,,,,,,,,,,2026-07-30T01:18:19Z,True,2026-07-30T01:18:24Z,815,20000,False,0,,,,,,,,,,,,,,,,,,,115187.99,USD,,,,,,,,,,,,,,,,,,,,,,,,,,,,,,,,,,,,,,,,,,,,,,,,,,,,PASSED,,,[],,,,,,,,,,WID2026073084723,FEDWIRE,pacs.008,2026-07-30T01:18:19Z,PENDING,5498126-6791-6321,20260730EOD9MTB,MSG20260730378743,INS511056069,WIRE-MTB-100515,E2E917570537,2026-07-30 00:00:00,2867 2nd Avenue,Chicago,IL,24885,US,Summit Ridge Bank,356493086,Vertex Commerce Pay,Atlanta,GA,US,Meridian Trust Bank,44000024,PASSED,PASSED,PASSED,PASSED,PASSED,2026-07-30T01:18:19Z
WIRE,PRE,WIRE-MTB-100265,MERCHANT,MERCH-009,EXTERNAL_INDIVIDUAL,EXT-P-4807,CREDIT,,,,,,,,,,,,,,,,,,,,,,,,,,,,,,,,,,,,,,,,False,0,,IDEMP-WIRE-MTB-100265,,PASSED,False,2025-08-08 00:00:00,12,375,False,9446335263,1,4,False,[],5,14,96180.89,70926.96,False,69,10000,3.096,37753.46,[],False,,,,,,,,,,,,NOT_APPLICABLE,,,,,,,,,,,,,,,,,,Nancy Moore,4804066265,,,Copperfield Building Supply,9446335263,,,,,,Invoice payment,,,,,,,,,,2026-08-18T15:45:46Z,True,2026-08-18T15:45:51Z,3658,20000,False,0,,,,,,,,,,,,,,,,,,,30963.77,USD,,,,,,,,,,,,,,,,,,,,,,,,,,,,,,,,,,,,,,,,,,,,,,,,,,,,PASSED,,,[],,,,,,,,,,WID2026081867477,FEDWIRE,pacs.008,2026-08-18T15:45:46Z,PENDING,467e374-9220-4316,20260818N4AZMTB,MSG20260818762199,INS503906990,WIRE-MTB-100265,E2E818701085,2026-08-18 00:00:00,6663 Elm Street,Indianapolis,IN,92595,US,Ironbridge National Bank,516891598,Northstar Payment Solutions,Denver,CO,US,Meridian Trust Bank,44000024,PASSED,PASSED,PASSED,PASSED,PASSED,2026-08-18T15:45:46Z
WIRE,PRE,WIRE-MTB-100259,MERCHANT,MERCH-006,EXTERNAL_INDIVIDUAL,EXT-P-5270,CREDIT,,,,,,,,,,,,,,,,,,,,,,,,,,,,,,,,,,,,,,,,False,0,,IDEMP-WIRE-MTB-100259,,PASSED,False,2025-05-21 00:00:00,2,406,False,3264421990,2,3,False,[],1,11,14236.82,4806,False,64,10000,0.564,4625.53,[],False,,,,,,,,,,,,NOT_APPLICABLE,,,,,,,,,,,,,,,,,,Amanda Clark,8681659285,,,Redgate Wholesale Foods,3264421990,,,,,,Payroll transfer,,,,,,,,,,2026-07-01T00:56:19Z,True,2026-07-01T00:56:29Z,1495,20000,False,51,,,,,,,,,,,,,,,,,,,5637.44,USD,,,,,,,,,,,,,,,,,,,,,,,,,,,,,,,,,,,,,,,,,,,,,,,,,,,,FAILED,E450,Invalid SEC/transaction code,['E450'],,,,,,,,,,WID2026070151798,FEDWIRE,pacs.008,2026-07-01T00:56:19Z,PENDING,57da4d8-6082-4261,202607012GZLMTB,MSG20260701512367,INS896924303,WIRE-MTB-100259,E2E212111543,2026-07-01 00:00:00,7969 River Road,Charlotte,NC,76995,US,Summit Ridge Bank,93275544,Meridian Trust Bank,Indianapolis,IN,US,Meridian Trust Bank,44000024,FAILED,PASSED,PASSED,PASSED,PASSED,2026-07-01T00:56:19Z
WIRE,PRE,WIRE-MTB-100520,MERCHANT,MERCH-010,INDIVIDUAL,IND-0012,CREDIT,,,,,,,,,,,,,,,,,,,,,,,,,,,,,,,,,,,,,,,,True,2,WIRE-MTB-100272,IDEMP-WIRE-MTB-100272,,FLAGGED,True,2026-07-09 00:00:00,0,0,True,4806704660,3,3,False,[],1,11,34954.21,22781.7,True,53,10000,0.919,18932.03,[],False,,,,,,,,,,,,NOT_APPLICABLE,,,,,,,,,,,,,,,,,,Betty Thompson,1357947125,,,Wrenfield Pharmacy Group,4806704660,,,,,,Vendor settlement,,,,,,,,,,2026-07-09T06:56:19Z,True,2026-07-09T06:56:24Z,1763,20000,False,0,,,,,,,,,,,,,,,,,,,9192.51,USD,,,,,,,,,,,,,,,,,,,,,,,,,,,,,,,,,,,,,,,,,,,,,,,,,,,,PASSED,,,[],,,,,,,,,,WID2026070928410,FEDWIRE,pacs.008,2026-07-09T06:56:19Z,PENDING,376a842-5682-4026,20260709IUFTMTB,MSG20260709802982,INS891325750,WIRE-MTB-100520,E2E433039889,2026-07-09 00:00:00,9188 Elm Street,Charlotte,NC,58644,US,Ironbridge National Bank,660700871,Vertex Commerce Pay,Cincinnati,OH,US,Meridian Trust Bank,44000024,PASSED,PASSED,PASSED,PASSED,PASSED,2026-07-09T06:56:19Z
WIRE,PRE,WIRE-MTB-100209,INDIVIDUAL,IND-0067,EXTERNAL_INDIVIDUAL,EXT-P-7119,CREDIT,,,,,,,,,,,,,,,,,,,,,,,,,,,,,,,,,,,,,,,,False,0,,IDEMP-WIRE-MTB-100209,,PASSED,False,2024-11-22 00:00:00,46,580,False,5548884920,1,1,False,[],3,11,24047.38,12419.04,False,61,10000,1.077,10997.88,[],False,,,,,,,,,,,,NOT_APPLICABLE,,,,,,,,,,,,,,,,,,Sandra Robinson,9169384042,,,Kimberly Wilson,5548884920,,,,,,Invoice payment,,,,,,,,,,2026-06-25T15:02:59Z,True,2026-06-25T15:03:05Z,174,20000,False,91,,,,,,,,,,,,,,,,,,,10774.36,USD,,,,,,,,,,,,,,,,,,,,,,,,,,,,,,,,,,,,,,,,,,,,,,,,,,,,PASSED,,,[],,,,,,,,,,WID2026062511748,FEDWIRE,pacs.008,2026-06-25T15:02:59Z,PENDING,35db2ed-5471-3088,20260625M7SCMTB,MSG20260625135446,INS514686941,WIRE-MTB-100209,E2E715016785,2026-06-25 00:00:00,4178 Park Boulevard,Cincinnati,OH,85328,US,Ironbridge National Bank,723341932,Meridian Trust Bank,Chicago,IL,US,Meridian Trust Bank,44000024,PASSED,PASSED,PASSED,PASSED,PASSED,2026-06-25T15:02:59Z
WIRE,PRE,WIRE-MTB-100289,MERCHANT,MERCH-004,EXTERNAL_INDIVIDUAL,EXT-P-1876,CREDIT,,,,,,,,,,,,,,,,,,,,,,,,,,,,,,,,,,,,,,,,False,0,,IDEMP-WIRE-MTB-100289,,PASSED,True,2026-07-24 00:00:00,0,0,True,3061977058,2,3,False,[],3,13,12914.7,5967.99,True,66,10000,1.131,11966.68,[],False,,,,,,,,,,,,NOT_APPLICABLE,,,,,,,,,,,,,,,,,,Mark Brown,2230008266,,,Pinehollow Auto Parts,3061977058,,,,,,Contract disbursement,,,,,,,,,,2026-07-24T20:06:55Z,True,2026-07-24T20:06:57Z,2391,20000,False,91,,,,,,,,,,,,,,,,,,,11312.09,USD,,,,,,,,,,,,,,,,,,,,,,,,,,,,,,,,,,,,,,,,,,,,,,,,,,,,PASSED,,,[],,,,,,,,,,WID2026072412120,FEDWIRE,pacs.008,2026-07-24T20:06:55Z,PENDING,3889ec0-6617-8276,202607247ZDYMTB,MSG20260724404678,INS147425256,WIRE-MTB-100289,E2E303916564,2026-07-24 00:00:00,8406 Park Boulevard,Denver,CO,33923,US,Summit Ridge Bank,734883531,Vertex Commerce Pay,Cleveland,OH,US,Meridian Trust Bank,44000024,PASSED,PASSED,PASSED,PASSED,PASSED,2026-07-24T20:06:55Z
WIRE,PRE,WIRE-MTB-100246,INDIVIDUAL,IND-0074,EXTERNAL_INDIVIDUAL,EXT-P-4197,CREDIT,,,,,,,,,,,,,,,,,,,,,,,,,,,,,,,,,,,,,,,,False,0,,IDEMP-WIRE-MTB-100246,,PASSED,False,2025-11-12 00:00:00,39,282,False,4103944553,1,2,False,[],3,12,71037.22,33009.69,False,60,10000,1.943,15755.88,[],False,,,,,,,,,,,,NOT_APPLICABLE,,,,,,,,,,,,,,,,,,Paul Gonzalez,5335978641,,,Matthew Lopez,4103944553,,,,,,Invoice payment,,,,,,,,,,2026-08-21T01:45:59Z,True,2026-08-21T01:46:07Z,3621,20000,False,0,,,,,,,,,,,,,,,,,,,19429.92,USD,,,,,,,,,,,,,,,,,,,,,,,,,,,,,,,,,,,,,,,,,,,,,,,,,,,,PASSED,,,[],,,,,,,,,,WID2026082147108,FEDWIRE,pacs.008,2026-08-21T01:45:59Z,PENDING,27cacc6-9531-7434,20260821SDA1MTB,MSG20260821310380,INS589784511,WIRE-MTB-100246,E2E410062816,2026-08-21 00:00:00,2724 Main Street,Cleveland,OH,93429,US,Ironbridge National Bank,590698618,Meridian Trust Bank,Detroit,MI,US,Meridian Trust Bank,44000024,PASSED,PASSED,PASSED,PASSED,PASSED,2026-08-21T01:45:59Z
WIRE,PRE,WIRE-MTB-100261,MERCHANT,MERCH-002,EXTERNAL_INDIVIDUAL,EXT-P-6356,CREDIT,,,,,,,,,,,,,,,,,,,,,,,,,,,,,,,,,,,,,,,,False,0,,IDEMP-WIRE-MTB-100261,,PASSED,False,2024-08-09 00:00:00,58,733,False,5123580257,5,8,True,[],1,2,58008.22,20146.47,False,23,10000,1.369,17542.95,[],False,,,,,,,,,,,,NOT_APPLICABLE,,,,,,,,,,,,,,,,,,Richard Perez,6543557040,,,Crestline Office Outfitters,5123580257,,,,,,Vendor settlement,,,,,,,,,,2026-08-12T22:47:46Z,True,2026-08-12T22:47:59Z,1495,20000,False,0,,,,,,,,,,,,,,,,,,,13692.39,USD,,,,,,,,,,,,,,,,,,,,,,,,,,,,,,,,,,,,,,,,,,,,,,,,,,,,PASSED,,,[],,,,,,,,,,WID2026081258965,FEDWIRE,pacs.008,2026-08-12T22:47:46Z,PENDING,5ec0773-1552-2806,20260812AINOMTB,MSG20260812296844,INS475033402,WIRE-MTB-100261,E2E956250605,2026-08-12 00:00:00,7977 Franklin Street,Columbus,OH,44564,US,Ironbridge National Bank,658854341,Vertex Commerce Pay,Denver,CO,US,Meridian Trust Bank,44000024,PASSED,PASSED,PASSED,PASSED,PASSED,2026-08-12T22:47:46Z
WIRE,PRE,WIRE-MTB-100238,INDIVIDUAL,IND-0087,EXTERNAL_INDIVIDUAL,EXT-P-7256,CREDIT,,,,,,,,,,,,,,,,,,,,,,,,,,,,,,,,,,,,,,,,False,0,,IDEMP-WIRE-MTB-100238,,PASSED,False,2023-12-06 00:00:00,15,987,False,4468178310,2,3,False,[],1,8,737425.53,527211.28,False,38,10000,17.911,188574.99,[],False,,,,,,,,,,,,NOT_APPLICABLE,,,,,,,,,,,,,,,,,,James Young,2631299475,,,Edward Martinez,4468178310,,,,,,Payroll transfer,,,,,,,,,,2026-08-19T18:41:35Z,True,2026-08-19T18:41:49Z,496,20000,False,51,,,,,,,,,,,,,,,,,,,179113.89,USD,,,,,,,,,,,,,,,,,,,,,,,,,,,,,,,,,,,,,,,,,,,,,,,,,,,,PASSED,,,[],,,,,,,,,,WID2026081961300,FEDWIRE,pacs.008,2026-08-19T18:41:35Z,PENDING,1d60d31-7051-3780,20260819R9A9MTB,MSG20260819117110,INS644047040,WIRE-MTB-100238,E2E447726643,2026-08-19 00:00:00,7509 Main Street,Cincinnati,OH,59358,US,Summit Ridge Bank,872382909,Meridian Trust Bank,Charlotte,NC,US,Meridian Trust Bank,44000024,PASSED,PASSED,PASSED,PASSED,PASSED,2026-08-19T18:41:35Z
WIRE,PRE,WIRE-MTB-100232,INDIVIDUAL,IND-0041,INDIVIDUAL,IND-0098,CREDIT,,,,,,,,,,,,,,,,,,,,,,,,,,,,,,,,,,,,,,,,False,0,,IDEMP-WIRE-MTB-100232,,PASSED,False,2024-05-13 00:00:00,2,790,False,6128384162,3,5,False,[],2,2,580103.44,233224.5,False,29,10000,13.106,138201.06,[],False,,,,,,,,,,,,NOT_APPLICABLE,,,,,,,,,,,,,,,,,,William Miller,8260179870,,,Steven Torres,6128384162,,,,,,Payroll transfer,,,,,,,,,,2026-07-12T03:02:03Z,True,2026-07-12T03:02:15Z,1709,20000,False,5,,,,,,,,,,,,,,,,,,,131057.29,USD,,,,,,,,,,,,,,,,,,,,,,,,,,,,,,,,,,,,,,,,,,,,,,,,,,,,PASSED,,,[],,,,,,,,,,WID2026071257472,FEDWIRE,pacs.008,2026-07-12T03:02:03Z,PENDING,5431d74-9576-2090,20260712RVZJMTB,MSG20260712322013,INS864516289,WIRE-MTB-100232,E2E305216326,2026-07-12 00:00:00,7961 Oak Avenue,Charlotte,NC,38058,US,Ironbridge National Bank,70255542,Meridian Trust Bank,Columbus,OH,US,Meridian Trust Bank,44000024,PASSED,PASSED,PASSED,PASSED,PASSED,2026-07-12T03:02:03Z
WIRE,PRE,WIRE-MTB-100214,INDIVIDUAL,IND-0081,EXTERNAL_INDIVIDUAL,EXT-P-7822,CREDIT,,,,,,,,,,,,,,,,,,,,,,,,,,,,,,,,,,,,,,,,False,0,,IDEMP-WIRE-MTB-100214,,PASSED,False,2024-12-31 00:00:00,50,555,False,9639250611,1,4,False,[],1,4,47705.5,31902.86,False,30,10000,3.201,38349.27,[],False,,,,,,,,,,,,NOT_APPLICABLE,,,,,,,,,,,,,,,,,,Andrew Jones,3455891145,,,George Wright,9639250611,,,,,,Vendor settlement,,,,,,,,,,2026-07-09T15:15:43Z,True,2026-07-09T15:15:54Z,248,20000,False,0,,,,,,,,,,,,,,,,,,,32014.17,USD,,,,,,,,,,,,,,,,,,,,,,,,,,,,,,,,,,,,,,,,,,,,,,,,,,,,PASSED,,,[],,,,,,,,,,WID2026070968797,FEDWIRE,pacs.008,2026-07-09T15:15:43Z,PENDING,ec5e0c-7079-5735,202607096HIVMTB,MSG20260709471629,INS223000976,WIRE-MTB-100214,E2E883892133,2026-07-09 00:00:00,63 Cedar Lane,Cincinnati,OH,79534,US,Cascade Point Bank,759065314,Meridian Trust Bank,Denver,CO,US,Meridian Trust Bank,44000024,PASSED,PASSED,PASSED,PASSED,PASSED,2026-07-09T15:15:43Z
WIRE,PRE,WIRE-MTB-100212,INDIVIDUAL,IND-0047,EXTERNAL_INDIVIDUAL,EXT-P-8936,CREDIT,,,,,,,,,,,,,,,,,,,,,,,,,,,,,,,,,,,,,,,,False,0,,IDEMP-WIRE-MTB-100212,,PASSED,False,2025-07-13 00:00:00,55,397,False,7999633628,3,3,False,[],2,2,135062.11,60575.39,False,21,10000,9.596,92506.65,[],False,,,,,,,,,,,,NOT_APPLICABLE,,,,,,,,,,,,,,,,,,Sandra Taylor,3851645402,,,Barbara Scott,7999633628,,,,,,Contract disbursement,,,,,,,,,,2026-08-14T03:34:58Z,True,2026-08-14T03:35:11Z,589,20000,False,0,,,,,,,,,,,,,,,,,,,95964.14,USD,,,,,,,,,,,,,,,,,,,,,,,,,,,,,,,,,,,,,,,,,,,,,,,,,,,,PASSED,,,[],,,,,,,,,,WID2026081431500,FEDWIRE,pacs.008,2026-08-14T03:34:58Z,PENDING,fbed00-2542-3045,202608141T8PMTB,MSG20260814133333,INS665544867,WIRE-MTB-100212,E2E842467147,2026-08-14 00:00:00,8260 River Road,Denver,CO,58814,US,Ironbridge National Bank,59155678,Meridian Trust Bank,Louisville,KY,US,Meridian Trust Bank,44000024,PASSED,PASSED,PASSED,PASSED,PASSED,2026-08-14T03:34:58Z
WIRE,PRE,WIRE-MTB-100260,MERCHANT,MERCH-010,EXTERNAL_INDIVIDUAL,EXT-P-7039,CREDIT,,,,,,,,,,,,,,,,,,,,,,,,,,,,,,,,,,,,,,,,False,0,,IDEMP-WIRE-MTB-100260,,PASSED,False,2026-05-22 00:00:00,52,60,False,4806704660,1,1,False,[],1,11,10284.83,5095.06,False,58,10000,0.952,9514.78,[],False,,,,,,,,,,,,NOT_APPLICABLE,,,,,,,,,,,,,,,,,,Ronald Hernandez,2325749414,,,Wrenfield Pharmacy Group,4806704660,,,,,,Invoice payment,,,,,,,,,,2026-07-21T08:35:58Z,True,2026-07-21T08:36:11Z,1845,20000,False,51,,,,,,,,,,,,,,,,,,,9519.62,USD,,,,,,,,,,,,,,,,,,,,,,,,,,,,,,,,,,,,,,,,,,,,,,,,,,,,PASSED,,,[],,,,,,,,,,WID2026072119969,FEDWIRE,pacs.008,2026-07-21T08:35:58Z,PENDING,3f118f3-4440-1111,20260721CS4FMTB,MSG20260721684180,INS452126246,WIRE-MTB-100260,E2E765736521,2026-07-21 00:00:00,6295 Cedar Lane,Indianapolis,IN,28776,US,Ironbridge National Bank,846476049,Vertex Commerce Pay,Columbus,OH,US,Meridian Trust Bank,44000024,PASSED,PASSED,PASSED,PASSED,PASSED,2026-07-21T08:35:58Z
WIRE,PRE,WIRE-MTB-100256,MERCHANT,MERCH-003,EXTERNAL_INDIVIDUAL,EXT-P-5201,CREDIT,,,,,,,,,,,,,,,,,,,,,,,,,,,,,,,,,,,,,,,,False,0,,IDEMP-WIRE-MTB-100256,,PASSED,False,2024-04-01 00:00:00,43,836,False,8112126311,2,6,False,[],5,5,19934.64,9515.56,False,38,10000,1.931,21389.51,[],False,,,,,,,,,,,,NOT_APPLICABLE,,,,,,,,,,,,,,,,,,Patricia Scott,4773540507,,,Harbor & Vine Grocers,8112126311,,,,,,Payroll transfer,,,,,,,,,,2026-07-16T07:23:10Z,True,2026-07-16T07:23:21Z,466,20000,False,5,,,,,,,,,,,,,,,,,,,19309.25,USD,,,,,,,,,,,,,,,,,,,,,,,,,,,,,,,,,,,,,,,,,,,,,,,,,,,,PASSED,,,[],,,,,,,,,,WID2026071698263,FEDWIRE,pacs.008,2026-07-16T07:23:10Z,PENDING,5159a77-6138-6613,20260716SQ41MTB,MSG20260716148527,INS485518297,WIRE-MTB-100256,E2E342824931,2026-07-16 00:00:00,637 Cedar Lane,Cleveland,OH,72322,US,Summit Ridge Bank,58835099,Northstar Payment Solutions,Louisville,KY,US,Meridian Trust Bank,44000024,PASSED,PASSED,PASSED,PASSED,PASSED,2026-07-16T07:23:10Z
WIRE,PRE,WIRE-MTB-100239,INDIVIDUAL,IND-0059,EXTERNAL_INDIVIDUAL,EXT-P-2196,CREDIT,,,,,,,,,,,,,,,,,,,,,,,,,,,,,,,,,,,,,,,,False,0,,IDEMP-WIRE-MTB-100239,,PASSED,True,2026-07-23 00:00:00,0,0,True,8945186273,1,3,False,[],5,11,102325.87,37823.34,False,57,10000,5.132,52224.86,[],False,,,,,,,,,,,,NOT_APPLICABLE,,,,,,,,,,,,,,,,,,Barbara Scott,5816438171,,,Donna Gonzalez,8945186273,,,,,,Contract disbursement,,,,,,,,,,2026-07-23T12:36:46Z,True,2026-07-23T12:37:01Z,2961,20000,False,5,,,,,,,,,,,,,,,,,,,51320.77,USD,,,,,,,,,,,,,,,,,,,,,,,,,,,,,,,,,,,,,,,,,,,,,,,,,,,,PASSED,,,[],,,,,,,,,,WID2026072316217,FEDWIRE,pacs.008,2026-07-23T12:36:46Z,PENDING,45f3b7a-6161-4896,20260723N8QJMTB,MSG20260723149100,INS197446539,WIRE-MTB-100239,E2E603404410,2026-07-23 00:00:00,2433 Main Street,Louisville,KY,29053,US,Ironbridge National Bank,624515060,Meridian Trust Bank,Columbus,OH,US,Meridian Trust Bank,44000024,PASSED,PASSED,PASSED,PASSED,PASSED,2026-07-23T12:36:46Z
WIRE,PRE,WIRE-MTB-100247,INDIVIDUAL,IND-0079,EXTERNAL_INDIVIDUAL,EXT-P-2886,CREDIT,,,,,,,,,,,,,,,,,,,,,,,,,,,,,,,,,,,,,,,,False,0,,IDEMP-WIRE-MTB-100247,,PASSED,False,2025-05-23 00:00:00,59,445,False,4231602677,3,6,False,[],5,7,532803.7,196469.18,False,42,10000,23.364,227330.05,[],False,,,,,,,,,,,,NOT_APPLICABLE,,,,,,,,,,,,,,,,,,Stephanie Taylor,7178731170,,,Cynthia Flores,4231602677,,,,,,Vendor settlement,,,,,,,,,,2026-08-11T08:26:37Z,True,2026-08-11T08:26:40Z,3282,20000,False,51,,,,,,,,,,,,,,,,,,,233635.46,USD,,,,,,,,,,,,,,,,,,,,,,,,,,,,,,,,,,,,,,,,,,,,,,,,,,,,PASSED,,,[],,,,,,,,,,WID2026081144114,FEDWIRE,pacs.008,2026-08-11T08:26:37Z,PENDING,4386521-1795-9568,202608112XSSMTB,MSG20260811552567,INS584029666,WIRE-MTB-100247,E2E396835479,2026-08-11 00:00:00,6442 Park Boulevard,Indianapolis,IN,91078,US,Ironbridge National Bank,959177018,Meridian Trust Bank,Indianapolis,IN,US,Meridian Trust Bank,44000024,PASSED,PASSED,PASSED,PASSED,PASSED,2026-08-11T08:26:37Z
WIRE,PRE,WIRE-MTB-100295,MERCHANT,MERCH-009,EXTERNAL_INDIVIDUAL,EXT-P-9906,CREDIT,,,,,,,,,,,,,,,,,,,,,,,,,,,,,,,,,,,,,,,,False,0,,IDEMP-WIRE-MTB-100295,,PASSED,True,2026-08-21 00:00:00,0,0,True,9446335263,1,3,False,[],1,4,38617.92,23750.9,False,30,10000,0.996,23020.22,[],True,,,,,,,,,,,,NOT_APPLICABLE,,,,,,,,,,,,,,,,,,George Jackson,6525564985,,,Copperfield Building Supply,9446335263,,,,,,Invoice payment,,,,,,,,,,2026-08-21T21:47:03Z,True,2026-08-21T21:47:13Z,1226,20000,False,0,,,,,,,,,,,,,,,,,,,9962.17,USD,,,,,,,,,,,,,,,,,,,,,,,,,,,,,,,,,,,,,,,,,,,,,,,,,,,,PASSED,,,[],,,,,,,,,,WID2026082198975,FEDWIRE,pacs.008,2026-08-21T21:47:03Z,PENDING,45d208a-5496-8641,2026082147K0MTB,MSG20260821952703,INS996470735,WIRE-MTB-100295,E2E383646487,2026-08-21 00:00:00,4793 Franklin Street,Detroit,MI,63658,US,Summit Ridge Bank,108301566,Northstar Payment Solutions,Charlotte,NC,US,Meridian Trust Bank,44000024,PASSED,PASSED,PASSED,PASSED,PASSED,2026-08-21T21:47:03Z
WIRE,PRE,WIRE-MTB-100264,MERCHANT,MERCH-003,EXTERNAL_INDIVIDUAL,EXT-P-1061,CREDIT,,,,,,,,,,,,,,,,,,,,,,,,,,,,,,,,,,,,,,,,False,0,,IDEMP-WIRE-MTB-100264,,PASSED,False,2024-10-03 00:00:00,14,660,False,8112126311,3,4,False,[],3,5,150963.42,117008.86,False,33,10000,3.826,35136.16,[],False,,,,,,,,,,,,NOT_APPLICABLE,,,,,,,,,,,,,,,,,,Patricia Brown,5633959635,,,Harbor & Vine Grocers,8112126311,,,,,,Payroll transfer,,,,,,,,,,2026-07-25T02:38:22Z,True,2026-07-25T02:38:29Z,4493,20000,False,51,,,,,,,,,,,,,,,,,,,38263.55,USD,,,,,,,,,,,,,,,,,,,,,,,,,,,,,,,,,,,,,,,,,,,,,,,,,,,,PASSED,,,[],,,,,,,,,,WID2026072548393,FEDWIRE,pacs.008,2026-07-25T02:38:22Z,PENDING,51534a9-9676-7244,20260725P4EPMTB,MSG20260725765704,INS857194562,WIRE-MTB-100264,E2E476548971,2026-07-25 00:00:00,839 Maple Drive,Columbus,OH,85982,US,Ironbridge National Bank,104004604,Northstar Payment Solutions,Cleveland,OH,US,Meridian Trust Bank,44000024,PASSED,PASSED,PASSED,PASSED,PASSED,2026-07-25T02:38:22Z
WIRE,PRE,WIRE-MTB-100248,INDIVIDUAL,IND-0033,EXTERNAL_INDIVIDUAL,EXT-P-6149,CREDIT,,,,,,,,,,,,,,,,,,,,,,,,,,,,,,,,,,,,,,,,False,0,,IDEMP-WIRE-MTB-100248,,PASSED,False,2023-05-12 00:00:00,42,1192,False,1790285593,1,5,False,[],1,6,28011.98,10506.32,False,43,10000,1,20253.96,[],True,,,,,,,,,,,,NOT_APPLICABLE,,,,,,,,,,,,,,,,,,Kevin Flores,4136707998,,,Timothy Taylor,1790285593,,,,,,Contract disbursement,,,,,,,,,,2026-08-16T15:38:50Z,True,2026-08-16T15:39:01Z,1995,20000,False,0,,,,,,,,,,,,,,,,,,,9995.26,USD,,,,,,,,,,,,,,,,,,,,,,,,,,,,,,,,,,,,,,,,,,,,,,,,,,,,PASSED,,,[],,,,,,,,,,WID2026081619835,FEDWIRE,pacs.008,2026-08-16T15:38:50Z,PENDING,2c4d990-4417-8741,202608164PIJMTB,MSG20260816177105,INS999533624,WIRE-MTB-100248,E2E617441839,2026-08-16 00:00:00,8421 Cedar Lane,Denver,CO,77059,US,Ironbridge National Bank,905829070,Meridian Trust Bank,Nashville,TN,US,Meridian Trust Bank,44000024,PASSED,PASSED,PASSED,PASSED,PASSED,2026-08-16T15:38:50Z
WIRE,PRE,WIRE-MTB-100231,INDIVIDUAL,IND-0026,EXTERNAL_INDIVIDUAL,EXT-P-2652,CREDIT,,,,,,,,,,,,,,,,,,,,,,,,,,,,,,,,,,,,,,,,False,0,,IDEMP-WIRE-MTB-100231,,PASSED,True,2026-07-05 00:00:00,0,0,True,3953571611,1,2,False,[],1,6,112744.8,40762.1,False,46,10000,3.701,33905.8,[],False,,,,,,,,,,,,NOT_APPLICABLE,,,,,,,,,,,,,,,,,,Kathleen Martinez,3489583147,,,Kathleen Clark,3953571611,,,,,,Invoice payment,,,,,,,,,,2026-07-05T12:07:11Z,True,2026-07-05T12:07:26Z,390,20000,False,5,,,,,,,,,,,,,,,,,,,37008.94,USD,,,,,,,,,,,,,,,,,,,,,,,,,,,,,,,,,,,,,,,,,,,,,,,,,,,,PASSED,,,[],,,,,,,,,,WID2026070538058,FEDWIRE,pacs.008,2026-07-05T12:07:11Z,PENDING,3f87542-6153-2424,20260705J87UMTB,MSG20260705234862,INS759743392,WIRE-MTB-100231,E2E461414960,2026-07-05 00:00:00,7870 River Road,Chicago,IL,29287,US,Ironbridge National Bank,162602561,Meridian Trust Bank,Detroit,MI,US,Meridian Trust Bank,44000024,PASSED,PASSED,PASSED,PASSED,PASSED,2026-07-05T12:07:11Z
WIRE,PRE,WIRE-MTB-100249,INDIVIDUAL,IND-0058,EXTERNAL_INDIVIDUAL,EXT-P-1215,CREDIT,,,,,,,,,,,,,,,,,,,,,,,,,,,,,,,,,,,,,,,,False,0,,IDEMP-WIRE-MTB-100249,,PASSED,False,2024-10-02 00:00:00,16,690,False,4821736612,3,4,False,[],1,5,492299.77,395661.21,False,27,10000,21.873,208577.1,[],False,,,,,,,,,,,,NOT_APPLICABLE,,,,,,,,,,,,,,,,,,Carol Williams,267374802,,,Melissa Hill,4821736612,,,,,,Invoice payment,,,,,,,,,,2026-08-23T13:59:37Z,True,2026-08-23T13:59:39Z,2328,20000,False,0,,,,,,,,,,,,,,,,,,,218725.23,USD,,,,,,,,,,,,,,,,,,,,,,,,,,,,,,,,,,,,,,,,,,,,,,,,,,,,PASSED,,,[],,,,,,,,,,WID2026082343661,FEDWIRE,pacs.008,2026-08-23T13:59:37Z,PENDING,2091a4c-2384-1753,20260823GNZ7MTB,MSG20260823484945,INS752285168,WIRE-MTB-100249,E2E414735188,2026-08-23 00:00:00,1283 2nd Avenue,Detroit,MI,30857,US,Summit Ridge Bank,422206631,Meridian Trust Bank,Charlotte,NC,US,Meridian Trust Bank,44000024,PASSED,PASSED,PASSED,PASSED,PASSED,2026-08-23T13:59:37Z
WIRE,PRE,WIRE-MTB-100298,MERCHANT,MERCH-008,EXTERNAL_INDIVIDUAL,EXT-P-6567,CREDIT,,,,,,,,,,,,,,,,,,,,,,,,,,,,,,,,,,,,,,,,False,0,,IDEMP-WIRE-MTB-100298,,PASSED,True,2026-07-17 00:00:00,0,0,True,454372367,1,4,False,[],1,8,511588.71,379101.16,False,47,10000,22.591,263604.19,[],False,,,,,,,,,,,,NOT_APPLICABLE,,,,,,,,,,,,,,,,,,Charles Rodriguez,8981766738,,,Amberlane Textiles Co,454372367,,,,,,Vendor settlement,,,,,,,,,,2026-07-17T21:01:18Z,True,2026-07-17T21:01:26Z,1476,20000,False,0,,,,,,,,,,,,,,,,,,,225907.19,USD,,,,,,,,,,,,,,,,,,,,,,,,,,,,,,,,,,,,,,,,,,,,,,,,,,,,PASSED,,,[],,,,,,,,,,WID2026071711962,FEDWIRE,pacs.008,2026-07-17T21:01:18Z,PENDING,3c65b52-4575-2274,20260717GDEOMTB,MSG20260717789456,INS694729855,WIRE-MTB-100298,E2E638858236,2026-07-17 00:00:00,955 Franklin Street,Atlanta,GA,27352,US,Cascade Point Bank,271633380,BrightLedger Payments,Atlanta,GA,US,Meridian Trust Bank,44000024,PASSED,PASSED,PASSED,PASSED,PASSED,2026-07-17T21:01:18Z
WIRE,PRE,WIRE-MTB-100279,MERCHANT,MERCH-003,EXTERNAL_INDIVIDUAL,EXT-P-7142,CREDIT,,,,,,,,,,,,,,,,,,,,,,,,,,,,,,,,,,,,,,,,False,0,,IDEMP-WIRE-MTB-100279,,PASSED,True,2026-07-05 00:00:00,0,0,True,8112126311,1,2,False,[],2,6,15349.86,8750.8,False,39,10000,0.98,16681.06,[],True,,,,,,,,,,,,NOT_APPLICABLE,,,,,,,,,,,,,,,,,,Paul Allen,2000762614,,,Harbor & Vine Grocers,8112126311,,,,,,Contract disbursement,,,,,,,,,,2026-07-05T08:28:33Z,True,2026-07-05T08:28:39Z,812,20000,False,5,,,,,,,,,,,,,,,,,,,9802.21,USD,,,,,,,,,,,,,,,,,,,,,,,,,,,,,,,,,,,,,,,,,,,,,,,,,,,,PASSED,,,[],,,,,,,,,,WID2026070554045,FEDWIRE,pacs.008,2026-07-05T08:28:33Z,PENDING,453e667-1466-6908,20260705SDYLMTB,MSG20260705559712,INS437236330,WIRE-MTB-100279,E2E222196933,2026-07-05 00:00:00,5217 Maple Drive,Nashville,TN,27011,US,Cascade Point Bank,958539147,Northstar Payment Solutions,Chicago,IL,US,Meridian Trust Bank,44000024,PASSED,PASSED,PASSED,PASSED,PASSED,2026-07-05T08:28:33Z
WIRE,PRE,WIRE-MTB-100223,INDIVIDUAL,IND-0066,INDIVIDUAL,IND-0016,CREDIT,,,,,,,,,,,,,,,,,,,,,,,,,,,,,,,,,,,,,,,,False,0,,IDEMP-WIRE-MTB-100223,,PASSED,False,2024-06-12 00:00:00,40,798,False,2524706591,2,6,False,[],5,12,20859.85,10747.03,True,57,10000,1.37,17601.8,[],False,,,,,,,,,,,,NOT_APPLICABLE,,,,,,,,,,,,,,,,,,Laura Jones,5061690864,,,William Jackson,2524706591,,,,,,Vendor settlement,,,,,,,,,,2026-08-19T23:07:33Z,False,,,20000,True,,,,,,,,,,,,,,,,,,,,13698.17,USD,,,,,,,,,,,,,,,,,,,,,,,,,,,,,,,,,,,,,,,,,,,,,,,,,,,,PASSED,,,[],,,,,,,,,,WID2026081971602,FEDWIRE,pacs.008,2026-08-19T23:07:33Z,PENDING,425ae9a-3500-7262,20260819FR9FMTB,MSG20260819586979,INS768058283,WIRE-MTB-100223,E2E409004134,2026-08-19 00:00:00,6550 Main Street,Chicago,IL,36034,US,Summit Ridge Bank,467250955,Meridian Trust Bank,Atlanta,GA,US,Meridian Trust Bank,44000024,PASSED,PASSED,PASSED,PASSED,PASSED,2026-08-19T23:07:33Z
WIRE,PRE,WIRE-MTB-100294,MERCHANT,MERCH-003,EXTERNAL_INDIVIDUAL,EXT-P-8097,CREDIT,,,,,,,,,,,,,,,,,,,,,,,,,,,,,,,,,,,,,,,,False,0,,IDEMP-WIRE-MTB-100294,,PASSED,False,2026-04-11 00:00:00,45,120,False,8112126311,1,4,False,[],1,2,290535.38,149610.22,False,23,10000,11.369,135413.55,[],False,,,,,,,,,,,,NOT_APPLICABLE,,,,,,,,,,,,,,,,,,Nancy Taylor,4250818712,,,Harbor & Vine Grocers,8112126311,,,,,,Payroll transfer,,,,,,,,,,2026-08-09T19:28:34Z,True,2026-08-09T19:28:41Z,745,20000,False,0,,,,,,,,,,,,,,,,,,,113694.98,USD,,,,,,,,,,,,,,,,,,,,,,,,,,,,,,,,,,,,,,,,,,,,,,,,,,,,PASSED,,,[],,,,,,,,,,WID2026080972737,FEDWIRE,pacs.008,2026-08-09T19:28:34Z,PENDING,2ef45d8-2167-4860,20260809EXJ8MTB,MSG20260809778422,INS391582204,WIRE-MTB-100294,E2E475306516,2026-08-09 00:00:00,8807 Elm Street,Nashville,TN,40151,US,Cascade Point Bank,607064193,Northstar Payment Solutions,Chicago,IL,US,Meridian Trust Bank,44000024,PASSED,PASSED,PASSED,PASSED,PASSED,2026-08-09T19:28:34Z
WIRE,PRE,WIRE-MTB-100280,MERCHANT,MERCH-007,INDIVIDUAL,IND-0008,CREDIT,,,,,,,,,,,,,,,,,,,,,,,,,,,,,,,,,,,,,,,,False,0,,IDEMP-WIRE-MTB-100280,,PASSED,False,2024-12-26 00:00:00,23,582,False,702250308,3,4,False,[],3,5,285954.76,125872.69,False,41,10000,17.191,145193.18,[],False,,,,,,,,,,,,NOT_APPLICABLE,,,,,,,,,,,,,,,,,,Emily Ramirez,2801898931,,,Fernbrook Electronics,702250308,,,,,,Vendor settlement,,,,,,,,,,2026-07-31T04:18:47Z,True,2026-07-31T04:18:54Z,1106,20000,False,0,,,,,,,,,,,,,,,,,,,171911.25,USD,,,,,,,,,,,,,,,,,,,,,,,,,,,,,,,,,,,,,,,,,,,,,,,,,,,,PASSED,,,[],,,,,,,,,,WID2026073129355,FEDWIRE,pacs.008,2026-07-31T04:18:47Z,PENDING,10590f0-3125-9543,20260731SXYFMTB,MSG20260731183186,INS237012476,WIRE-MTB-100280,E2E990974617,2026-07-31 00:00:00,7710 Main Street,Indianapolis,IN,29067,US,Ironbridge National Bank,717749410,BrightLedger Payments,Nashville,TN,US,Meridian Trust Bank,44000024,PASSED,PASSED,PASSED,PASSED,PASSED,2026-07-31T04:18:47Z
WIRE,PRE,WIRE-MTB-100229,INDIVIDUAL,IND-0096,EXTERNAL_INDIVIDUAL,EXT-P-2403,CREDIT,,,,,,,,,,,,,,,,,,,,,,,,,,,,,,,,,,,,,,,,False,0,,IDEMP-WIRE-MTB-100229,,PASSED,False,2023-08-31 00:00:00,34,1061,False,5507439922,3,5,False,[],5,9,71683.74,24593.32,False,56,10000,5.147,48233.36,[],False,,,,,,,,,,,,NOT_APPLICABLE,,,,,,,,,,,,,,,,,,David Smith,5077297466,,,Laura Jackson,5507439922,,,,,,Invoice payment,,,,,,,,,,2026-07-27T14:11:43Z,True,2026-07-27T14:11:58Z,994,20000,False,0,,,,,,,,,,,,,,,,,,,51470.47,USD,,,,,,,,,,,,,,,,,,,,,,,,,,,,,,,,,,,,,,,,,,,,,,,,,,,,FAILED,E317,Field length exceeds ISO 20022 limit,['E317'],,,,,,,,,,WID2026072713961,FEDWIRE,pacs.008,2026-07-27T14:11:43Z,PENDING,5616a49-5186-3591,20260727GH0QMTB,MSG20260727738656,INS794343645,WIRE-MTB-100229,E2E956812852,2026-07-27 00:00:00,5263 2nd Avenue,Cleveland,OH,36668,US,Ironbridge National Bank,481088198,Meridian Trust Bank,Pittsburgh,PA,US,Meridian Trust Bank,44000024,FAILED,PASSED,PASSED,PASSED,PASSED,2026-07-27T14:11:43Z
WIRE,PRE,WIRE-MTB-100269,MERCHANT,MERCH-005,INDIVIDUAL,IND-0057,CREDIT,,,,,,,,,,,,,,,,,,,,,,,,,,,,,,,,,,,,,,,,False,0,,IDEMP-WIRE-MTB-100269,,PASSED,False,2023-05-13 00:00:00,3,1192,False,2260323791,5,7,False,[],1,6,85331.37,56904.83,False,31,10000,1.976,20945.28,[],False,,,,,,,,,,,,NOT_APPLICABLE,,,,,,,,,,,,,,,,,,Carol Wilson,3587432379,,,Solstice Digital Print,2260323791,,,,,,Payroll transfer,,,,,,,,,,2026-08-17T02:57:43Z,True,2026-08-17T02:57:50Z,3928,20000,False,0,,,,,,,,,,,,,,,,,,,19755.92,USD,,,,,,,,,,,,,,,,,,,,,,,,,,,,,,,,,,,,,,,,,,,,,,,,,,,,PASSED,,,[],,,,,,,,,,WID2026081783013,FEDWIRE,pacs.008,2026-08-17T02:57:43Z,PENDING,1652397-6995-7816,20260817W7R3MTB,MSG20260817153184,INS438164456,WIRE-MTB-100269,E2E147286093,2026-08-17 00:00:00,9862 Park Boulevard,Louisville,KY,14033,US,Summit Ridge Bank,542275230,Meridian Trust Bank,Columbus,OH,US,Meridian Trust Bank,44000024,PASSED,PASSED,PASSED,PASSED,PASSED,2026-08-17T02:57:43Z
WIRE,PRE,WIRE-MTB-100258,MERCHANT,MERCH-005,EXTERNAL_INDIVIDUAL,EXT-P-4789,CREDIT,,,,,,,,,,,,,,,,,,,,,,,,,,,,,,,,,,,,,,,,False,0,,IDEMP-WIRE-MTB-100258,,PASSED,False,2024-06-09 00:00:00,28,752,False,2260323791,2,6,False,[],5,14,8160.63,2998.38,False,73,10000,0.591,7531.6,[],False,,,,,,,,,,,,NOT_APPLICABLE,,,,,,,,,,,,,,,,,,Betty Rodriguez,3361089572,,,Solstice Digital Print,2260323791,,,,,,Payroll transfer,,,,,,,,,,2026-07-01T09:31:25Z,True,2026-07-01T09:31:28Z,2485,20000,False,0,,,,,,,,,,,,,,,,,,,5913,USD,,,,,,,,,,,,,,,,,,,,,,,,,,,,,,,,,,,,,,,,,,,,,,,,,,,,FAILED,E204,Missing mandatory field: account_type,['E204'],,,,,,,,,,WID2026070171219,FEDWIRE,pacs.008,2026-07-01T09:31:25Z,PENDING,2079a69-4786-4279,20260701I1Q2MTB,MSG20260701180534,INS581000933,WIRE-MTB-100258,E2E593564445,2026-07-01 00:00:00,7302 Highland Avenue,Charlotte,NC,10479,US,Cascade Point Bank,594966737,Meridian Trust Bank,Pittsburgh,PA,US,Meridian Trust Bank,44000024,FAILED,PASSED,PASSED,PASSED,PASSED,2026-07-01T09:31:25Z
WIRE,PRE,WIRE-MTB-100281,MERCHANT,MERCH-009,EXTERNAL_INDIVIDUAL,EXT-P-5126,CREDIT,,,,,,,,,,,,,,,,,,,,,,,,,,,,,,,,,,,,,,,,False,0,,IDEMP-WIRE-MTB-100281,,PASSED,False,2026-02-16 00:00:00,33,165,False,9446335263,8,10,True,[],3,3,131360.12,67810.94,False,29,10000,10.468,105323.46,[],False,,,,,,,,,,,,NOT_APPLICABLE,,,,,,,,,,,,,,,,,,Thomas Nguyen,8907126033,,,Copperfield Building Supply,9446335263,,,,,,Vendor settlement,,,,,,,,,,2026-07-31T11:46:57Z,True,2026-07-31T11:47:11Z,3566,20000,False,0,,,,,,,,,,,,,,,,,,,104681.13,USD,,,,,,,,,,,,,,,,,,,,,,,,,,,,,,,,,,,,,,,,,,,,,,,,,,,,FAILED,E204,Invalid SEC/transaction code,['E204'],,,,,,,,,,WID2026073179948,FEDWIRE,pacs.008,2026-07-31T11:46:57Z,PENDING,1c108fe-9001-2633,202607318BD4MTB,MSG20260731461081,INS791735021,WIRE-MTB-100281,E2E112326702,2026-07-31 00:00:00,423 Highland Avenue,Indianapolis,IN,84745,US,Summit Ridge Bank,883455530,Northstar Payment Solutions,Atlanta,GA,US,Meridian Trust Bank,44000024,FAILED,PASSED,PASSED,PASSED,PASSED,2026-07-31T11:46:57Z
WIRE,PRE,WIRE-MTB-100266,MERCHANT,MERCH-010,EXTERNAL_INDIVIDUAL,EXT-P-9566,CREDIT,,,,,,,,,,,,,,,,,,,,,,,,,,,,,,,,,,,,,,,,False,0,,IDEMP-WIRE-MTB-100266,,PASSED,False,2023-12-26 00:00:00,39,932,False,4806704660,1,1,False,[],5,6,25900.96,8815.22,False,39,10000,0.935,15203.22,[],True,,,,,,,,,,,,NOT_APPLICABLE,,,,,,,,,,,,,,,,,,Kevin Martinez,3947531906,,,Wrenfield Pharmacy Group,4806704660,,,,,,Invoice payment,,,,,,,,,,2026-07-15T05:32:53Z,True,2026-07-15T05:33:08Z,4069,20000,False,5,,,,,,,,,,,,,,,,,,,9348.87,USD,,,,,,,,,,,,,,,,,,,,,,,,,,,,,,,,,,,,,,,,,,,,,,,,,,,,PASSED,,,[],,,,,,,,,,WID2026071512250,FEDWIRE,pacs.008,2026-07-15T05:32:53Z,PENDING,15b919e-4207-1563,20260715TP4HMTB,MSG20260715397473,INS367951351,WIRE-MTB-100266,E2E556091514,2026-07-15 00:00:00,2140 River Road,Nashville,TN,68565,US,Summit Ridge Bank,184423982,Vertex Commerce Pay,Cincinnati,OH,US,Meridian Trust Bank,44000024,PASSED,PASSED,PASSED,PASSED,PASSED,2026-07-15T05:32:53Z
WIRE,PRE,WIRE-MTB-100276,MERCHANT,MERCH-001,EXTERNAL_INDIVIDUAL,EXT-P-5772,CREDIT,,,,,,,,,,,,,,,,,,,,,,,,,,,,,,,,,,,,,,,,False,0,,IDEMP-WIRE-MTB-100276,,PASSED,False,2024-12-04 00:00:00,6,577,False,2813398050,2,4,False,[],1,11,38073.85,13165.31,True,58,10000,0.919,11391.86,[],False,,,,,,,,,,,,NOT_APPLICABLE,,,,,,,,,,,,,,,,,,Ashley Torres,5811181127,,,Bluepeak Hardware Supply,2813398050,,,,,,Contract disbursement,,,,,,,,,,2026-07-04T10:56:06Z,True,2026-07-04T10:56:19Z,1204,20000,False,0,,,,,,,,,,,,,,,,,,,9190.49,USD,,,,,,,,,,,,,,,,,,,,,,,,,,,,,,,,,,,,,,,,,,,,,,,,,,,,PASSED,,,[],,,,,,,,,,WID2026070439998,FEDWIRE,pacs.008,2026-07-04T10:56:06Z,PENDING,34208b9-6337-8642,20260704130RMTB,MSG20260704550662,INS985285096,WIRE-MTB-100276,E2E506315256,2026-07-04 00:00:00,3804 Park Boulevard,Denver,CO,80376,US,Summit Ridge Bank,314681222,Meridian Trust Bank,Charlotte,NC,US,Meridian Trust Bank,44000024,PASSED,PASSED,PASSED,PASSED,PASSED,2026-07-04T10:56:06Z
WIRE,PRE,WIRE-MTB-100273,MERCHANT,MERCH-003,EXTERNAL_INDIVIDUAL,EXT-P-3179,CREDIT,,,,,,,,,,,,,,,,,,,,,,,,,,,,,,,,,,,,,,,,False,0,,IDEMP-WIRE-MTB-100273,,PASSED,False,2023-04-24 00:00:00,22,1161,False,8112126311,1,3,False,[],1,4,7577.59,4633.65,False,28,10000,0.715,8705.58,[],False,,,,,,,,,,,,NOT_APPLICABLE,,,,,,,,,,,,,,,,,,Michael Gonzalez,6382758248,,,Harbor & Vine Grocers,8112126311,,,,,,Payroll transfer,,,,,,,,,,2026-06-28T11:03:50Z,True,2026-06-28T11:03:52Z,875,20000,False,0,,,,,,,,,,,,,,,,,,,7154.65,USD,,,,,,,,,,,,,,,,,,,,,,,,,,,,,,,,,,,,,,,,,,,,,,,,,,,,PASSED,,,[],,,,,,,,,,WID2026062887716,FEDWIRE,pacs.008,2026-06-28T11:03:50Z,PENDING,4be7f63-1006-2014,20260628IGFRMTB,MSG20260628477446,INS322446437,WIRE-MTB-100273,E2E493687861,2026-06-28 00:00:00,7854 Highland Avenue,Pittsburgh,PA,42941,US,Ironbridge National Bank,789894343,Northstar Payment Solutions,Louisville,KY,US,Meridian Trust Bank,44000024,PASSED,PASSED,PASSED,PASSED,PASSED,2026-06-28T11:03:50Z
WIRE,PRE,WIRE-MTB-100234,INDIVIDUAL,IND-0005,EXTERNAL_INDIVIDUAL,EXT-P-2853,CREDIT,,,,,,,,,,,,,,,,,,,,,,,,,,,,,,,,,,,,,,,,False,0,,IDEMP-WIRE-MTB-100234,,PASSED,False,2024-08-07 00:00:00,55,734,False,5764924945,2,3,False,[],2,8,19688.33,8212.75,False,44,10000,0.948,11206.48,[],False,,,,,,,,,,,,NOT_APPLICABLE,,,,,,,,,,,,,,,,,,Nancy Williams,1155415580,,,Karen Ramirez,5764924945,,,,,,Payroll transfer,,,,,,,,,,2026-08-11T03:31:46Z,True,2026-08-11T03:31:54Z,692,20000,False,5,,,,,,,,,,,,,,,,,,,9482.24,USD,,,,,,,,,,,,,,,,,,,,,,,,,,,,,,,,,,,,,,,,,,,,,,,,,,,,PASSED,,,[],,,,,,,,,,WID2026081143329,FEDWIRE,pacs.008,2026-08-11T03:31:46Z,PENDING,220c65e-8176-2802,202608119BRDMTB,MSG20260811221164,INS112370441,WIRE-MTB-100234,E2E786285846,2026-08-11 00:00:00,1260 Cedar Lane,Cincinnati,OH,64685,US,Cascade Point Bank,421224684,Meridian Trust Bank,Chicago,IL,US,Meridian Trust Bank,44000024,PASSED,PASSED,PASSED,PASSED,PASSED,2026-08-11T03:31:46Z
WIRE,PRE,WIRE-MTB-100207,INDIVIDUAL,IND-0002,EXTERNAL_INDIVIDUAL,EXT-P-3760,CREDIT,,,,,,,,,,,,,,,,,,,,,,,,,,,,,,,,,,,,,,,,False,0,,IDEMP-WIRE-MTB-100207,,PASSED,False,2023-07-06 00:00:00,5,1095,False,7526184866,1,3,False,[],1,2,291692.69,143536.75,False,22,10000,16.667,135243.29,[],False,,,,,,,,,,,,NOT_APPLICABLE,,,,,,,,,,,,,,,,,,Richard Scott,2395675961,,,Kathleen Young,7526184866,,,,,,Vendor settlement,,,,,,,,,,2026-07-05T12:01:54Z,True,2026-07-05T12:02:02Z,2052,20000,False,0,,,,,,,,,,,,,,,,,,,166665.15,USD,,,,,,,,,,,,,,,,,,,,,,,,,,,,,,,,,,,,,,,,,,,,,,,,,,,,FAILED,E101,Field length exceeds ISO 20022 limit,['E101'],,,,,,,,,,WID2026070544523,FEDWIRE,pacs.008,2026-07-05T12:01:54Z,PENDING,144a704-7074-8889,20260705LYLSMTB,MSG20260705434937,INS122717736,WIRE-MTB-100207,E2E345226756,2026-07-05 00:00:00,5334 Cedar Lane,Columbus,OH,12176,US,Cascade Point Bank,724116358,Meridian Trust Bank,Nashville,TN,US,Meridian Trust Bank,44000024,FAILED,PASSED,PASSED,PASSED,PASSED,2026-07-05T12:01:54Z
WIRE,PRE,WIRE-MTB-100268,MERCHANT,MERCH-007,EXTERNAL_INDIVIDUAL,EXT-P-5797,CREDIT,,,,,,,,,,,,,,,,,,,,,,,,,,,,,,,,,,,,,,,,False,0,,IDEMP-WIRE-MTB-100268,,PASSED,False,2023-09-14 00:00:00,8,1071,False,702250308,2,4,False,[],2,11,25137.37,9282.58,True,65,10000,0.914,18876.7,[],True,,,,,,,,,,,,NOT_APPLICABLE,,,,,,,,,,,,,,,,,,Ronald Thomas,870403445,,,Fernbrook Electronics,702250308,,,,,,Invoice payment,,,,,,,,,,2026-08-20T07:51:47Z,True,2026-08-20T07:51:53Z,997,20000,False,0,,,,,,,,,,,,,,,,,,,9142.29,USD,,,,,,,,,,,,,,,,,,,,,,,,,,,,,,,,,,,,,,,,,,,,,,,,,,,,PASSED,,,[],,,,,,,,,,WID2026082015772,FEDWIRE,pacs.008,2026-08-20T07:51:47Z,PENDING,346ab6e-3762-4529,20260820DZOAMTB,MSG20260820965180,INS313147450,WIRE-MTB-100268,E2E890739638,2026-08-20 00:00:00,541 Franklin Street,Pittsburgh,PA,18723,US,Ironbridge National Bank,646309165,BrightLedger Payments,Pittsburgh,PA,US,Meridian Trust Bank,44000024,PASSED,PASSED,PASSED,PASSED,PASSED,2026-08-20T07:51:47Z
WIRE,PRE,WIRE-MTB-100300,MERCHANT,MERCH-005,EXTERNAL_INDIVIDUAL,EXT-P-4086,CREDIT,,,,,,,,,,,,,,,,,,,,,,,,,,,,,,,,,,,,,,,,False,0,,IDEMP-WIRE-MTB-100300,,PASSED,False,2024-04-07 00:00:00,27,840,False,2260323791,1,3,False,[],5,9,39356.65,17129.81,False,56,10000,1.061,8639.08,[],False,,,,,,,,,,,,NOT_APPLICABLE,,,,,,,,,,,,,,,,,,Ronald Torres,3553533824,,,Solstice Digital Print,2260323791,,,,,,Invoice payment,,,,,,,,,,2026-07-26T01:56:16Z,True,2026-07-26T01:56:19Z,4239,20000,False,0,,,,,,,,,,,,,,,,,,,10605.62,USD,,,,,,,,,,,,,,,,,,,,,,,,,,,,,,,,,,,,,,,,,,,,,,,,,,,,PASSED,,,[],,,,,,,,,,WID2026072672657,FEDWIRE,pacs.008,2026-07-26T01:56:16Z,PENDING,5743457-9133-1564,20260726VOIVMTB,MSG20260726296580,INS359167204,WIRE-MTB-100300,E2E584681391,2026-07-26 00:00:00,5832 Elm Street,Columbus,OH,79646,US,Ironbridge National Bank,602591752,Meridian Trust Bank,Indianapolis,IN,US,Meridian Trust Bank,44000024,PASSED,PASSED,PASSED,PASSED,PASSED,2026-07-26T01:56:16Z
WIRE,PRE,WIRE-MTB-100227,INDIVIDUAL,IND-0076,EXTERNAL_INDIVIDUAL,EXT-P-7340,CREDIT,,,,,,,,,,,,,,,,,,,,,,,,,,,,,,,,,,,,,,,,False,0,,IDEMP-WIRE-MTB-100227,,PASSED,False,2026-01-27 00:00:00,22,178,False,3775249656,2,6,False,[],1,11,414282.48,193908.6,False,61,10000,20.903,207318.78,[],False,,,,,,,,,,,,NOT_APPLICABLE,,,,,,,,,,,,,,,,,,Timothy Young,7732173679,,,James Johnson,3775249656,,,,,,Invoice payment,,,,,,,,,,2026-07-24T05:08:36Z,True,2026-07-24T05:08:41Z,1986,20000,False,5,,,,,,,,,,,,,,,,,,,209034.35,USD,,,,,,,,,,,,,,,,,,,,,,,,,,,,,,,,,,,,,,,,,,,,,,,,,,,,PASSED,,,[],,,,,,,,,,WID2026072477317,FEDWIRE,pacs.008,2026-07-24T05:08:36Z,PENDING,341798f-9292-6031,2026072449HQMTB,MSG20260724673131,INS825821598,WIRE-MTB-100227,E2E731289281,2026-07-24 00:00:00,290 Maple Drive,Cleveland,OH,57096,US,Summit Ridge Bank,914611053,Meridian Trust Bank,Indianapolis,IN,US,Meridian Trust Bank,44000024,PASSED,PASSED,PASSED,PASSED,PASSED,2026-07-24T05:08:36Z
WIRE,PRE,WIRE-MTB-100275,MERCHANT,MERCH-008,EXTERNAL_INDIVIDUAL,EXT-P-6838,CREDIT,,,,,,,,,,,,,,,,,,,,,,,,,,,,,,,,,,,,,,,,False,0,,IDEMP-WIRE-MTB-100275,,PASSED,False,2023-08-29 00:00:00,59,1035,False,454372367,8,9,True,[],5,11,41779.76,26132.51,True,57,10000,0.986,10741.81,[],False,,,,,,,,,,,,NOT_APPLICABLE,,,,,,,,,,,,,,,,,,Edward Young,6599283223,,,Amberlane Textiles Co,454372367,,,,,,Payroll transfer,,,,,,,,,,2026-06-29T01:39:17Z,True,2026-06-29T01:39:22Z,3136,20000,False,5,,,,,,,,,,,,,,,,,,,9861.03,USD,,,,,,,,,,,,,,,,,,,,,,,,,,,,,,,,,,,,,,,,,,,,,,,,,,,,PASSED,,,[],,,,,,,,,,WID2026062975103,FEDWIRE,pacs.008,2026-06-29T01:39:17Z,PENDING,595936f-7206-5048,20260629JEU0MTB,MSG20260629590305,INS136857939,WIRE-MTB-100275,E2E858050619,2026-06-29 00:00:00,2070 Oak Avenue,Charlotte,NC,54147,US,Cascade Point Bank,166393151,BrightLedger Payments,Cincinnati,OH,US,Meridian Trust Bank,44000024,PASSED,PASSED,PASSED,PASSED,PASSED,2026-06-29T01:39:17Z
WIRE,PRE,WIRE-MTB-100293,MERCHANT,MERCH-004,INDIVIDUAL,IND-0092,CREDIT,,,,,,,,,,,,,,,,,,,,,,,,,,,,,,,,,,,,,,,,False,0,,IDEMP-WIRE-MTB-100293,,PASSED,False,2025-04-10 00:00:00,51,488,False,3061977058,5,6,True,[],1,5,12362.31,8019.7,False,34,10000,0.924,20991.99,[],True,,,,,,,,,,,,NOT_APPLICABLE,,,,,,,,,,,,,,,,,,Amanda Clark,2524482775,,,Pinehollow Auto Parts,3061977058,,,,,,Invoice payment,,,,,,,,,,2026-08-11T04:09:49Z,True,2026-08-11T04:09:55Z,1039,20000,False,0,,,,,,,,,,,,,,,,,,,9239.97,USD,,,,,,,,,,,,,,,,,,,,,,,,,,,,,,,,,,,,,,,,,,,,,,,,,,,,PASSED,,,[],,,,,,,,,,WID2026081115120,FEDWIRE,pacs.008,2026-08-11T04:09:49Z,PENDING,42d78f6-1728-2330,202608116V5WMTB,MSG20260811719215,INS870626667,WIRE-MTB-100293,E2E215031263,2026-08-11 00:00:00,9421 Highland Avenue,Cincinnati,OH,15029,US,Cascade Point Bank,127223402,Vertex Commerce Pay,Chicago,IL,US,Meridian Trust Bank,44000024,PASSED,PASSED,PASSED,PASSED,PASSED,2026-08-11T04:09:49Z
WIRE,PRE,WIRE-MTB-100274,MERCHANT,MERCH-005,EXTERNAL_INDIVIDUAL,EXT-P-4435,CREDIT,,,,,,,,,,,,,,,,,,,,,,,,,,,,,,,,,,,,,,,,False,0,,IDEMP-WIRE-MTB-100274,,PASSED,False,2024-10-04 00:00:00,46,680,False,2260323791,5,8,True,[],1,11,1032172.65,752233.45,False,52,10000,24.326,277616.93,[],False,,,,,,,,,,,,NOT_APPLICABLE,,,,,,,,,,,,,,,,,,Kevin Brown,8529788592,,,Solstice Digital Print,2260323791,,,,,,Contract disbursement,,,,,,,,,,2026-08-15T02:45:11Z,True,2026-08-15T02:45:26Z,465,20000,False,0,,,,,,,,,,,,,,,,,,,243261.93,USD,,,,,,,,,,,,,,,,,,,,,,,,,,,,,,,,,,,,,,,,,,,,,,,,,,,,PASSED,,,[],,,,,,,,,,WID2026081546247,FEDWIRE,pacs.008,2026-08-15T02:45:11Z,PENDING,4806c6b-4575-5343,20260815YADUMTB,MSG20260815919744,INS280032669,WIRE-MTB-100274,E2E743445057,2026-08-15 00:00:00,7790 Franklin Street,Louisville,KY,30783,US,Cascade Point Bank,578199258,Meridian Trust Bank,Columbus,OH,US,Meridian Trust Bank,44000024,PASSED,PASSED,PASSED,PASSED,PASSED,2026-08-15T02:45:11Z
WIRE,PRE,WIRE-MTB-100270,MERCHANT,MERCH-002,EXTERNAL_INDIVIDUAL,EXT-P-1822,CREDIT,,,,,,,,,,,,,,,,,,,,,,,,,,,,,,,,,,,,,,,,False,0,,IDEMP-WIRE-MTB-100270,,PASSED,False,2023-06-01 00:00:00,49,1175,False,5123580257,1,1,False,[],5,12,759166.51,364945.03,True,59,10000,22.025,277215.22,[],False,,,,,,,,,,,,NOT_APPLICABLE,,,,,,,,,,,,,,,,,,Jason Jones,3183015792,,,Crestline Office Outfitters,5123580257,,,,,,Vendor settlement,,,,,,,,,,2026-08-19T11:12:34Z,True,2026-08-19T11:12:39Z,1912,20000,False,5,,,,,,,,,,,,,,,,,,,220254.45,USD,,,,,,,,,,,,,,,,,,,,,,,,,,,,,,,,,,,,,,,,,,,,,,,,,,,,PASSED,,,[],,,,,,,,,,WID2026081915052,FEDWIRE,pacs.008,2026-08-19T11:12:34Z,PENDING,eb4fc6-9549-3296,20260819SBM0MTB,MSG20260819106629,INS858936276,WIRE-MTB-100270,E2E343854449,2026-08-19 00:00:00,8902 Elm Street,Columbus,OH,49229,US,Cascade Point Bank,72488490,Vertex Commerce Pay,Louisville,KY,US,Meridian Trust Bank,44000024,PASSED,PASSED,PASSED,PASSED,PASSED,2026-08-19T11:12:34Z
WIRE,PRE,WIRE-MTB-100211,INDIVIDUAL,IND-0037,EXTERNAL_INDIVIDUAL,EXT-P-1803,CREDIT,,,,,,,,,,,,,,,,,,,,,,,,,,,,,,,,,,,,,,,,False,0,,IDEMP-WIRE-MTB-100211,,PASSED,True,2026-07-23 00:00:00,0,0,True,3216194873,1,2,False,[],2,6,22111.12,8125.11,False,38,10000,0.594,5798.08,[],False,,,,,,,,,,,,NOT_APPLICABLE,,,,,,,,,,,,,,,,,,Andrew Harris,3321914027,,,Kimberly Jones,3216194873,,,,,,Contract disbursement,,,,,,,,,,2026-07-23T11:25:54Z,True,2026-07-23T11:25:57Z,104,20000,False,0,,,,,,,,,,,,,,,,,,,5935.81,USD,,,,,,,,,,,,,,,,,,,,,,,,,,,,,,,,,,,,,,,,,,,,,,,,,,,,PASSED,,,[],,,,,,,,,,WID2026072398934,FEDWIRE,pacs.008,2026-07-23T11:25:54Z,PENDING,2e48384-2860-3174,202607234X9PMTB,MSG20260723237954,INS679145066,WIRE-MTB-100211,E2E400596390,2026-07-23 00:00:00,4212 Maple Drive,Chicago,IL,63452,US,Ironbridge National Bank,81700398,Meridian Trust Bank,Charlotte,NC,US,Meridian Trust Bank,44000024,PASSED,PASSED,PASSED,PASSED,PASSED,2026-07-23T11:25:54Z
WIRE,PRE,WIRE-MTB-100222,INDIVIDUAL,IND-0080,EXTERNAL_INDIVIDUAL,EXT-P-1838,CREDIT,,,,,,,,,,,,,,,,,,,,,,,,,,,,,,,,,,,,,,,,False,0,,IDEMP-WIRE-MTB-100222,,PASSED,True,2026-07-02 00:00:00,0,0,False,8611366363,2,2,False,[],5,6,623250.73,303618.87,False,38,10000,19.722,184942.28,[],False,,,,,,,,,,,,NOT_APPLICABLE,,,,,,,,,,,,,,,,,,Joseph Hill,2239542005,,,Emily Anderson,8611366363,,,,,,Vendor settlement,,,,,,,,,,2026-07-02T15:02:43Z,True,2026-07-02T15:02:54Z,3926,20000,False,5,,,,,,,,,,,,,,,,,,,197222.54,USD,,,,,,,,,,,,,,,,,,,,,,,,,,,,,,,,,,,,,,,,,,,,,,,,,,,,PASSED,,,[],,,,,,,,,,WID2026070235314,FEDWIRE,pacs.008,2026-07-02T15:02:43Z,PENDING,3c4ddfe-9252-3974,202607029B0DMTB,MSG20260702536022,INS557263355,WIRE-MTB-100222,E2E622048645,2026-07-02 00:00:00,2033 Cedar Lane,Cincinnati,OH,84859,US,Ironbridge National Bank,150091681,Meridian Trust Bank,Pittsburgh,PA,US,Meridian Trust Bank,44000024,PASSED,PASSED,PASSED,PASSED,PASSED,2026-07-02T15:02:43Z
WIRE,PRE,WIRE-MTB-100251,MERCHANT,MERCH-005,EXTERNAL_INDIVIDUAL,EXT-P-3941,CREDIT,,,,,,,,,,,,,,,,,,,,,,,,,,,,,,,,,,,,,,,,False,0,,IDEMP-WIRE-MTB-100251,,PASSED,False,2025-07-07 00:00:00,12,411,False,2260323791,1,5,False,[],1,8,14255.9,11410.41,False,41,10000,0.488,6171.55,[],False,,,,,,,,,,,,NOT_APPLICABLE,,,,,,,,,,,,,,,,,,Kathleen Thompson,1155145587,,,Solstice Digital Print,2260323791,,,,,,Invoice payment,,,,,,,,,,2026-08-22T00:10:14Z,True,2026-08-22T00:10:22Z,1444,20000,False,0,,,,,,,,,,,,,,,,,,,4883.86,USD,,,,,,,,,,,,,,,,,,,,,,,,,,,,,,,,,,,,,,,,,,,,,,,,,,,,PASSED,,,[],,,,,,,,,,WID2026082259537,FEDWIRE,pacs.008,2026-08-22T00:10:14Z,PENDING,2b58517-5783-7933,20260822NYO6MTB,MSG20260822250662,INS736500164,WIRE-MTB-100251,E2E635578431,2026-08-22 00:00:00,9510 Highland Avenue,Pittsburgh,PA,42049,US,Cascade Point Bank,581918309,Meridian Trust Bank,Cleveland,OH,US,Meridian Trust Bank,44000024,PASSED,PASSED,PASSED,PASSED,PASSED,2026-08-22T00:10:14Z
