rail,settlement_stage,transaction_id,entity_type,entity_id,counterparty_type,counterparty_id,credit_debit_indicator,payment.payment_id,payment.transaction_id,payment.transaction_type,payment.status,payment.created_at,payment.transaction_date,payment.payment_method.type,payment.payment_method.card_brand,payment.payment_method.card_number_masked,payment.payment_method.card_funding,payment.payment_method.card_category,merchant.merchant_id,merchant.legal_name,merchant.merchant_name,merchant.merchant_location.city,merchant.merchant_location.state,merchant.merchant_location.postal_code,merchant.merchant_location.country,transaction.amount,transaction.currency,transaction.authorization.status,transaction.authorization.authorization_code,transaction.authorization.authorization_timestamp,transaction.entry.entry_mode,transaction.entry.channel,references.trace_number,references.reference_id,references.order_id,processing.authorization_status,processing.capture_status,processing.settlement_status,processing.posting_status,processing.reconciliation_status,risk.fraud_status,risk.cvv_result,risk.avs_result,format_validation_details.format_validation_status,format_validation_details.rejection_code,format_validation_details.rejection_reason,format_validation_details.field_level_errors,network_response_control.request_timestamp,network_response_control.response_received,network_response_control.response_timestamp,network_response_control.response_time_ms,network_response_control.expected_response_sla_ms,network_response_control.network_timeout_flag,network_response_control.response_code,file_batch_tracking.settlement_batch_id,file_batch_tracking.batch_status,file_batch_tracking.expected_settlement_timestamp,file_batch_tracking.actual_settlement_timestamp,file_batch_tracking.settlement_lag_minutes,file_batch_tracking.file_reached_settlement,retry_control.is_retry,retry_control.retry_count,retry_control.original_transaction_id,retry_control.idempotency_key,retry_control.retry_reason,retry_control.duplicate_check_status,fraud_risk_indicators.new_merchant_risk.is_new_merchant,fraud_risk_indicators.new_merchant_risk.merchant_first_seen_date,fraud_risk_indicators.new_merchant_risk.prior_transaction_count_with_merchant,fraud_risk_indicators.new_merchant_risk.merchant_relationship_age_days,fraud_risk_indicators.new_merchant_risk.new_merchant_risk_flag,fraud_risk_indicators.velocity_checks.transaction_count_1h,fraud_risk_indicators.velocity_checks.transaction_count_24h,fraud_risk_indicators.velocity_checks.cumulative_amount_24h,fraud_risk_indicators.velocity_checks.velocity_baseline_avg_24h,fraud_risk_indicators.velocity_checks.velocity_threshold_breached,fraud_risk_indicators.velocity_checks.velocity_score,fraud_risk_indicators.structuring_detection.reporting_threshold_amount,fraud_risk_indicators.structuring_detection.amount_to_threshold_ratio,fraud_risk_indicators.structuring_detection.aggregate_amount_24h_same_card,fraud_risk_indicators.structuring_detection.related_transactions_24h,fraud_risk_indicators.structuring_detection.structuring_flag,payment_processor_name,merchant.payment_processor_name,payment.settlement_date,payment.posting_date,merchant.merchant_account.account_type,merchant.merchant_account.routing_number,merchant.merchant_account.issuer_bank,card.card_number_masked,card.card_brand,card.card_funding,card.card_category,card.issuer.name,card.issuer.country,settlement.status,settlement.settlement_batch_id,settlement.settlement_reference,settlement.settlement_date,settlement.settlement_timestamp,settlement.gross_amount,settlement.fees.total,settlement.fees.details,settlement.taxes.amount,settlement.taxes.currency,settlement.net_amount,settlement.settlement_currency,bank_posting.status,bank_posting.posting_id,bank_posting.posting_timestamp,bank_posting.debit_credit_indicator,bank_posting.currency,bank_posting.value_date,bank_posting.ledger_transaction_id,bank_posting.account.account_type,bank_posting.account.routing_number,dispute.status,dispute.chargeback_amount,dispute.currency,bank_posting.posted_amount,merchant.merchant_account.onboarded_by,merchant.merchant_account.account_number,reconciliation.reconciliation_status,reconciliation.reconciliation_timestamp,reconciliation.variance_amount,reconciliation.amount_match,reconciliation.ledger_transaction_id,reconciliation.network_settlement_amount,reconciliation.ledger_posted_amount,reconciliation.network_settlement_reference,fraud_risk_indicators_summary.new_payee_risk_flag,fraud_risk_indicators_summary.funnel_account_flag,fraud_risk_indicators_summary.velocity_threshold_breached,fraud_risk_indicators_summary.structuring_flag,fraud_risk_indicators_summary.new_merchant_risk_flag,bank_posting.account.account_number,payment.rail,payment.network,payment.message_type,message.message_id,message.instruction_id,message.end_to_end_id,message.received_timestamp,debtor.name,debtor.account_number,debtor.bank.issuer_name,debtor.bank.routing_number,creditor.name,creditor.account_number,creditor.bank.issuer_name,creditor.bank.routing_number,creditor.bank.onboarded_by,amount.value,amount.currency,remittance.information,remittance.reference,validation.message_validation,validation.participant_validation,validation.account_validation,validation.duplicate_check,validation.format_validation_details.format_validation_status,validation.format_validation_details.rejection_code,validation.format_validation_details.rejection_reason,validation.format_validation_details.field_level_errors,risk_compliance.fraud_status,risk_compliance.sanctions_status,risk_compliance.aml_status,risk_compliance.compliance_status,fraud_risk_indicators.new_payee_risk.is_new_payee,fraud_risk_indicators.new_payee_risk.payee_account_first_seen_date,fraud_risk_indicators.new_payee_risk.prior_transaction_count_with_payee,fraud_risk_indicators.new_payee_risk.payee_relationship_age_days,fraud_risk_indicators.new_payee_risk.new_payee_risk_flag,fraud_risk_indicators.funnel_account_detection.beneficiary_account_number,fraud_risk_indicators.funnel_account_detection.distinct_originating_accounts_24h,fraud_risk_indicators.funnel_account_detection.distinct_originating_accounts_7d,fraud_risk_indicators.funnel_account_detection.funnel_account_flag,fraud_risk_indicators.funnel_account_detection.related_transaction_ids,fraud_risk_indicators.structuring_detection.aggregate_amount_24h_same_originator,processing.decision,parties.debtor.name,parties.debtor.account_number,parties.debtor.bank_name,parties.creditor.name,parties.creditor.account_number,parties.creditor.bank_name,parties.creditor.onboarded_by,settlement.settlement_amount,posting.status,posting.posting_id,posting.posting_timestamp,posting.value_date,posting.customer_account,posting.credit_debit_indicator,posting.currency,posting.ledger_transaction_id,account.account_number,account.credit_amount,account.debit_amount,account.ledger_balance,account.available_balance,account.onboarded_by,posting.posted_amount,audit.received_timestamp,audit.settled_timestamp,audit.posted_timestamp,audit.completed_timestamp,originating_bank.name,originating_bank.bank_role,originating_bank.routing_number,originator.name,originator.identification,originator.account_number,originator.onboarded_by,originator.issuer_bank,receiver.name,receiver.account_number,receiver.account_type,receiver.routing_number,merchant_id,payment.transaction_code,payment.credit_debit,payment.amount,payment.currency,payment.effective_entry_date,payment.company_entry_description,ach_batch.batch_id,ach_batch.sec_code,ach_batch.service_class_code,ach_batch.batch_number,ach_file.file_id,ach_file.file_creation_date,ach_file.file_creation_time,ach_file.file_id_modifier,trace.trace_number,trace.original_trace_number,validation.routing_validation,validation.format_validation,file_batch_tracking.file_ack_status,settlement.expected_settlement_date,account_posting.status,account_posting.posting_date,account_posting.account_entry_type,account_posting.ledger_balance.before,account_posting.ledger_balance.after,account_posting.available_balance.before,account_posting.available_balance.after,timestamps.received_at,timestamps.validated_at,timestamps.settled_at,timestamps.posted_at,validation.fraud_review,wire_id,network.network,network.message_type,network.received_timestamp,network.settlement_status,identifiers.uetr,identifiers.imad,identifiers.message_id,identifiers.instruction_id,identifiers.transaction_id,identifiers.end_to_end_id,payment.value_date,debtor.address.street,debtor.address.city,debtor.address.state,debtor.address.postal_code,debtor.address.country,debtor_agent.issuer_bank,debtor_agent.routing_number,creditor.onboarded_by,creditor.address.city,creditor.address.state,creditor.address.country,creditor_agent.name,creditor_agent.routing_number,processing.account_validation,processing.sanctions_screening,processing.aml_screening,processing.fraud_screening,processing.compliance_status,settlement.network,settlement.amount,settlement.currency,posting.amount,cheque.cheque_number,cheque.amount,cheque.currency,cheque.issue_date,cheque.micr.routing_number,cheque.micr.account_number,cheque.micr.onboarded_by,cheque.micr.issuer_bank,cheque.micr.serial_number,payee.payee_name,payee.depositary_bank.bofd_routing_number,payee.depositary_bank.depositor_account_number,presentment.presentment_id,presentment.presentment_date,presentment.clearing_channel,presentment.status,validation.micr_validation,validation.amount_validation,validation.image_quality,validation.signature_verification,clearing_network_response.request_timestamp,clearing_network_response.response_received,clearing_network_response.response_timestamp,clearing_network_response.response_time_ms,clearing_network_response.expected_response_sla_ms,clearing_network_response.network_timeout_flag,clearing_network_response.response_code,file_batch_tracking.cash_letter_id,file_batch_tracking.file_ack_timestamp
ACH,POST,ACH-MTB-100129,INDIVIDUAL,IND-0073,EXTERNAL_INDIVIDUAL,EXT-P-3433,DEBIT,,,,,,,,,,,,,,,,,,,,,,,,,,,,,,,,,,,,,,,,,2026-08-03T23:23:45Z,True,2026-08-03T23:23:56Z,1800,15000,False,0,,SETTLED,2026-08-04T23:23:45Z,2026-08-04T23:59:45Z,36,True,False,0,,IDEMP-ACH-MTB-100129,,PASSED,,,,,,1,4,1725.49,882.23,False,33,10000,0.113,,[],False,,,,,,,,,,,,,,SETTLED,,SETL-ACH-MTB-100129,2026-08-04 00:00:00,,,,,,,,,,,,,,,,,,,,,,,,MATCHED,2026-08-05T00:59:45Z,0,True,LEDG-ACH-MTB-100129,1130.84,1130.84,SETL-ACH-MTB-100129,False,True,False,False,,,,,,,,,,,,,,,,,,,,,,,,,PASSED,,PASSED,,,[],,,,,False,2024-10-10 00:00:00,59,662,False,3287063332,5,7,True,[],1293.04,,,,,,,,,1130.84,,,,,,,,,,,,,,,,,,,,Meridian Trust Bank,ODFI,718911749,Susan Johnson,IND36943,3719878466,Meridian Trust Bank,Ironbridge National Bank,Thomas Johnson,3287063332,CHECKING,194754306,,32,DEBIT,1130.84,USD,2026-08-04 00:00:00,TRANSFER,BATCH-20260803-2,CCD,200,16,FILE-MTB-20260803-003,2026-08-03 00:00:00,232345,J,334493522530841,,PASSED,PASSED,ACKNOWLEDGED,2026-08-04 00:00:00,POSTED,2026-08-04 00:00:00,DEBIT,40174.75,39043.91,40174.75,39043.91,2026-08-03T23:23:45Z,2026-08-03T23:25:00Z,2026-08-04T23:59:45Z,2026-08-05T00:00:45Z,CLEARED,,,,,,,,,,,,,,,,,,,,,,,,,,,,,,,,,,,,,,,,,,,,,,,,,,,,,,,,,,,,,,,
ACH,POST,ACH-MTB-100194,MERCHANT,MERCH-010,EXTERNAL_INDIVIDUAL,EXT-P-3245,DEBIT,,,,,,,,,,,,,,,,,,,,,,,,,,,,,,,,,,,,,,,,,2026-07-03T10:02:19Z,True,2026-07-03T10:02:34Z,2125,15000,False,5,,SETTLED,2026-07-03T14:02:19Z,2026-07-03T14:55:19Z,53,True,False,0,,IDEMP-ACH-MTB-100194,,PASSED,,,,,,5,5,6350.1,3320.26,False,33,10000,0.259,,[],False,,,,,,,,,,,,,,SETTLED,,SETL-ACH-MTB-100194,2026-07-03 00:00:00,,,,,,,,,,,,,,,,,,,,,,,,BREAK,2026-07-03T17:55:19Z,-17.05,False,LEDG-ACH-MTB-100194,2588.67,2571.62,SETL-ACH-MTB-100194,False,False,False,False,,,,,,,,,,,,,,,,,,,,,,,,,PASSED,,PASSED,,,[],,,,,False,2025-05-17 00:00:00,43,412,False,6942723559,1,5,False,[],2074.45,,,,,,,,,2588.67,,,,,,,,,,,,,,,,,,,,Meridian Trust Bank,ODFI,541997681,Wrenfield Pharmacy Group,CORP18667,4806704660,Vertex Commerce Pay,Ironbridge National Bank,Betty Nguyen,6942723559,SAVINGS,388117325,MERCH-010,32,DEBIT,2588.67,USD,2026-07-04 00:00:00,BILL PAY,BATCH-20260703-5,CCD,225,3,FILE-MTB-20260703-001,2026-07-03 00:00:00,100219,A,169807413476882,,PASSED,PASSED,ACKNOWLEDGED,2026-07-03 00:00:00,POSTED,2026-07-03 00:00:00,DEBIT,25219.49,22647.87,25219.49,22647.87,2026-07-03T10:02:19Z,2026-07-03T10:03:34Z,2026-07-03T14:55:19Z,2026-07-03T14:56:19Z,CLEARED,,,,,,,,,,,,,,,,,,,,,,,,,,,,,,,,,,,,,,,,,,,,,,,,,,,,,,,,,,,,,,,
ACH,POST,ACH-MTB-100148,INDIVIDUAL,IND-0014,EXTERNAL_INDIVIDUAL,EXT-P-6207,CREDIT,,,,,,,,,,,,,,,,,,,,,,,,,,,,,,,,,,,,,,,,,2026-06-30T13:16:01Z,False,,,15000,True,,,SETTLED,2026-06-30T17:16:01Z,2026-06-30T17:49:01Z,33,True,False,0,,IDEMP-ACH-MTB-100148,,PASSED,,,,,,1,5,41316.96,14592.1,False,43,10000,1.597,,[],False,,,,,,,,,,,,,,SETTLED,,SETL-ACH-MTB-100148,2026-06-30 00:00:00,,,,,,,,,,,,,,,,,,,,,,,,NOT_YET_RECONCILED,,0,True,LEDG-ACH-MTB-100148,15965.27,15965.27,SETL-ACH-MTB-100148,False,True,False,False,,,,,,,,,,,,,,,,,,,,,,,,,PASSED,,PASSED,,,[],,,,,False,2025-04-11 00:00:00,40,445,False,4914517102,5,9,True,[],15760.18,,,,,,,,,15965.27,,,,,,,,,,,,,,,,,,,,Meridian Trust Bank,ODFI,858893790,Mark Smith,IND32440,9308699046,Meridian Trust Bank,Cascade Point Bank,Michelle Martinez,4914517102,CHECKING,856720696,,37,CREDIT,15965.27,USD,2026-07-01 00:00:00,TRANSFER,BATCH-20260630-18,PPD,225,46,FILE-MTB-20260630-003,2026-06-30 00:00:00,131601,H,900853041329121,,PASSED,PASSED,PENDING,2026-06-30 00:00:00,POSTED,2026-06-30 00:00:00,CREDIT,8303.94,24269.21,8303.94,24269.21,2026-06-30T13:16:01Z,2026-06-30T13:17:16Z,2026-06-30T17:49:01Z,2026-06-30T17:50:01Z,CLEARED,,,,,,,,,,,,,,,,,,,,,,,,,,,,,,,,,,,,,,,,,,,,,,,,,,,,,,,,,,,,,,,
ACH,POST,ACH-MTB-100195,MERCHANT,MERCH-008,EXTERNAL_INDIVIDUAL,EXT-P-8824,CREDIT,,,,,,,,,,,,,,,,,,,,,,,,,,,,,,,,,,,,,,,,,2026-07-13T03:04:26Z,True,2026-07-13T03:04:32Z,3830,15000,False,0,,SETTLED,2026-07-13T04:04:26Z,2026-07-13T04:35:26Z,31,True,False,0,,IDEMP-ACH-MTB-100195,,PASSED,,,,,,1,1,11175.88,6076.41,False,20,10000,0.974,,[],False,,,,,,,,,,,,,,SETTLED,,SETL-ACH-MTB-100195,2026-07-13 00:00:00,,,,,,,,,,,,,,,,,,,,,,,,MATCHED,2026-07-14T08:35:26Z,0,True,LEDG-ACH-MTB-100195,9735.67,9735.67,SETL-ACH-MTB-100195,False,True,False,False,,,,,,,,,,,,,,,,,,,,,,,,,PASSED,,PASSED,,,[],,,,,True,2026-07-13 00:00:00,0,0,False,7327194169,5,6,True,[],8448.22,,,,,,,,,9735.67,,,,,,,,,,,,,,,,,,,,Meridian Trust Bank,ODFI,94120193,Amberlane Textiles Co,CORP28283,454372367,BrightLedger Payments,Ironbridge National Bank,Donna Martinez,7327194169,SAVINGS,151765696,MERCH-008,22,CREDIT,9735.67,USD,2026-07-14 00:00:00,PAYROLL,BATCH-20260713-10,CCD,200,31,FILE-MTB-20260713-001,2026-07-13 00:00:00,30426,L,697580530491345,,PASSED,PASSED,ACKNOWLEDGED,2026-07-13 00:00:00,POSTED,2026-07-13 00:00:00,CREDIT,18278.12,28013.79,18278.12,28013.79,2026-07-13T03:04:26Z,2026-07-13T03:05:41Z,2026-07-13T04:35:26Z,2026-07-13T04:36:26Z,CLEARED,,,,,,,,,,,,,,,,,,,,,,,,,,,,,,,,,,,,,,,,,,,,,,,,,,,,,,,,,,,,,,,
ACH,POST,ACH-MTB-100507,MERCHANT,MERCH-004,INDIVIDUAL,IND-0033,DEBIT,,,,,,,,,,,,,,,,,,,,,,,,,,,,,,,,,,,,,,,,,2026-07-12T12:29:27Z,True,2026-07-12T12:29:39Z,865,15000,False,0,,SETTLED,2026-07-12T16:29:27Z,2026-07-12T16:45:27Z,16,True,True,1,ACH-MTB-100172,IDEMP-ACH-MTB-100172,,FLAGGED,,,,,,5,9,976.89,482.95,False,54,10000,0.026,,[],False,,,,,,,,,,,,,,SETTLED,,SETL-ACH-MTB-100507,2026-07-12 00:00:00,,,,,,,,,,,,,,,,,,,,,,,,BREAK,2026-07-14T01:45:27Z,0,True,LEDG-ACH-MTB-100507,255.52,255.52,SETL-ACH-MTB-100507,False,False,False,False,,,,,,,,,,,,,,,,,,,,,,,,,PASSED,,PASSED,,,[],,,,,False,2024-10-08 00:00:00,20,642,False,1790285593,1,5,False,[],220.43,,,,,,,,,255.52,,,,,,,,,,,,,,,,,,,,Meridian Trust Bank,ODFI,981584204,Pinehollow Auto Parts,CORP81326,3061977058,Vertex Commerce Pay,Summit Ridge Bank,Timothy Taylor,1790285593,SAVINGS,578828797,MERCH-004,22,DEBIT,255.52,USD,2026-07-13 00:00:00,BILL PAY,BATCH-20260712-16,PPD,225,48,FILE-MTB-20260712-005,2026-07-12 00:00:00,122927,T,178549849613102,,PASSED,PASSED,ACKNOWLEDGED,2026-07-12 00:00:00,POSTED,2026-07-12 00:00:00,DEBIT,3898.76,3643.24,3898.76,3643.24,2026-07-12T12:29:27Z,2026-07-12T12:30:42Z,2026-07-12T16:45:27Z,2026-07-12T16:46:27Z,CLEARED,,,,,,,,,,,,,,,,,,,,,,,,,,,,,,,,,,,,,,,,,,,,,,,,,,,,,,,,,,,,,,,
ACH,POST,ACH-MTB-100200,MERCHANT,MERCH-004,EXTERNAL_INDIVIDUAL,EXT-P-3397,CREDIT,,,,,,,,,,,,,,,,,,,,,,,,,,,,,,,,,,,,,,,,,2026-08-12T06:30:05Z,True,2026-08-12T06:30:18Z,571,15000,False,51,,SETTLED,2026-08-12T10:30:05Z,2026-08-12T10:51:05Z,21,True,False,0,,IDEMP-ACH-MTB-100200,,PASSED,,,,,,1,1,27995,12226.98,False,19,10000,0.971,,[],True,,,,,,,,,,,,,,SETTLED,,SETL-ACH-MTB-100200,2026-08-12 00:00:00,,,,,,,,,,,,,,,,,,,,,,,,MATCHED,2026-08-12T12:51:05Z,0,True,LEDG-ACH-MTB-100200,9712.91,9712.91,SETL-ACH-MTB-100200,False,False,False,True,,,,,,,,,,,,,,,,,,,,,,,,,PASSED,,PASSED,,,[],,,,,True,2026-08-12 00:00:00,0,0,False,2207363483,3,3,False,[],17147.78,,,,,,,,,9712.91,,,,,,,,,,,,,,,,,,,,Meridian Trust Bank,ODFI,151214911,Pinehollow Auto Parts,CORP26669,3061977058,Vertex Commerce Pay,Ironbridge National Bank,Kenneth King,2207363483,CHECKING,868315215,MERCH-004,32,CREDIT,9712.91,USD,2026-08-13 00:00:00,VENDOR PMT,BATCH-20260812-14,PPD,225,39,FILE-MTB-20260812-001,2026-08-12 00:00:00,63005,Z,393784957784091,,PASSED,PASSED,ACKNOWLEDGED,2026-08-12 00:00:00,POSTED,2026-08-12 00:00:00,CREDIT,40310.56,50023.47,40310.56,50023.47,2026-08-12T06:30:05Z,2026-08-12T06:31:20Z,2026-08-12T10:51:05Z,2026-08-12T10:52:05Z,CLEARED,,,,,,,,,,,,,,,,,,,,,,,,,,,,,,,,,,,,,,,,,,,,,,,,,,,,,,,,,,,,,,,
ACH,POST,ACH-MTB-100132,INDIVIDUAL,IND-0027,EXTERNAL_INDIVIDUAL,EXT-P-6924,CREDIT,,,,,,,,,,,,,,,,,,,,,,,,,,,,,,,,,,,,,,,,,2026-07-29T02:21:13Z,True,2026-07-29T02:21:21Z,919,15000,False,0,,SETTLED,2026-07-29T14:21:13Z,2026-07-29T14:54:13Z,33,True,False,0,,IDEMP-ACH-MTB-100132,,PASSED,,,,,,1,3,46271.73,33555.41,False,23,10000,2.411,,[],False,,,,,,,,,,,,,,SETTLED,,SETL-ACH-MTB-100132,2026-07-29 00:00:00,,,,,,,,,,,,,,,,,,,,,,,,MATCHED,2026-07-31T02:54:13Z,0,True,LEDG-ACH-MTB-100132,24105.29,24105.29,SETL-ACH-MTB-100132,True,False,False,False,,,,,,,,,,,,,,,,,,,,,,,,,PASSED,,PASSED,,,[],,,,,True,2026-07-29 00:00:00,0,0,True,4854199436,1,5,False,[],26347.29,,,,,,,,,24105.29,,,,,,,,,,,,,,,,,,,,Meridian Trust Bank,ODFI,141690323,Anthony Hill,IND93408,6605332421,Meridian Trust Bank,Cascade Point Bank,Stephanie Lopez,4854199436,SAVINGS,92861526,,27,CREDIT,24105.29,USD,2026-07-30 00:00:00,PAYROLL,BATCH-20260729-11,WEB,220,15,FILE-MTB-20260729-001,2026-07-29 00:00:00,22113,Y,384300645782194,,PASSED,PASSED,ACKNOWLEDGED,2026-07-29 00:00:00,POSTED,2026-07-29 00:00:00,CREDIT,4623.75,28729.04,4623.75,28729.04,2026-07-29T02:21:13Z,2026-07-29T02:22:28Z,2026-07-29T14:54:13Z,2026-07-29T14:55:13Z,CLEARED,,,,,,,,,,,,,,,,,,,,,,,,,,,,,,,,,,,,,,,,,,,,,,,,,,,,,,,,,,,,,,,
ACH,POST,ACH-MTB-100188,MERCHANT,MERCH-009,EXTERNAL_INDIVIDUAL,EXT-P-6291,CREDIT,,,,,,,,,,,,,,,,,,,,,,,,,,,,,,,,,,,,,,,,,2026-07-25T15:00:08Z,True,2026-07-25T15:00:12Z,3681,15000,False,0,,SETTLED,2026-07-27T15:00:08Z,2026-07-28T17:53:08Z,1613,True,False,0,,IDEMP-ACH-MTB-100188,,PASSED,,,,,,1,2,35806.2,13817.1,False,24,10000,0.945,,[],False,,,,,,,,,,,,,,SETTLED,,SETL-ACH-MTB-100188,2026-07-28 00:00:00,,,,,,,,,,,,,,,,,,,,,,,,MATCHED,2026-07-28T18:53:08Z,0,True,LEDG-ACH-MTB-100188,9448.77,9448.77,SETL-ACH-MTB-100188,True,False,False,False,,,,,,,,,,,,,,,,,,,,,,,,,PASSED,,PASSED,,,[],,,,,True,2026-07-25 00:00:00,0,0,True,563087328,1,3,False,[],23425.33,,,,,,,,,9448.77,,,,,,,,,,,,,,,,,,,,Meridian Trust Bank,ODFI,325082048,Copperfield Building Supply,CORP25804,9446335263,Northstar Payment Solutions,Cascade Point Bank,Kimberly Rodriguez,563087328,SAVINGS,730217134,MERCH-009,37,CREDIT,9448.77,USD,2026-07-26 00:00:00,BILL PAY,BATCH-20260725-17,CCD,200,46,FILE-MTB-20260725-001,2026-07-25 00:00:00,150008,D,944633539460202,,PASSED,PASSED,ACKNOWLEDGED,2026-07-27 00:00:00,POSTED,2026-07-28 00:00:00,CREDIT,1153.1,10601.87,1153.1,10601.87,2026-07-25T15:00:08Z,2026-07-25T15:01:23Z,2026-07-28T17:53:08Z,2026-07-28T17:54:08Z,CLEARED,,,,,,,,,,,,,,,,,,,,,,,,,,,,,,,,,,,,,,,,,,,,,,,,,,,,,,,,,,,,,,,
ACH,POST,ACH-MTB-100101,INDIVIDUAL,IND-0076,INDIVIDUAL,IND-0048,CREDIT,,,,,,,,,,,,,,,,,,,,,,,,,,,,,,,,,,,,,,,,,2026-07-20T04:24:11Z,True,2026-07-20T04:24:22Z,990,15000,False,0,,SETTLED,2026-07-20T05:24:11Z,2026-07-20T06:24:11Z,60,True,False,0,,IDEMP-ACH-MTB-100101,,PASSED,,,,,,3,11,9218.61,4513.59,False,60,10000,0.263,,[],False,,,,,,,,,,,,,,SETTLED,,SETL-ACH-MTB-100101,2026-07-20 00:00:00,,,,,,,,,,,,,,,,,,,,,,,,NOT_YET_RECONCILED,,0,True,LEDG-ACH-MTB-100101,2631.21,2631.21,SETL-ACH-MTB-100101,False,True,False,False,,,,,,,,,,,,,,,,,,,,,,,,,PASSED,,PASSED,,,[],,,,,False,2025-11-08 00:00:00,22,254,False,6143843573,5,7,True,[],2776.61,,,,,,,,,2631.21,,,,,,,,,,,,,,,,,,,,Meridian Trust Bank,ODFI,660446668,James Johnson,IND12403,3775249656,Meridian Trust Bank,Ironbridge National Bank,Charles Williams,6143843573,SAVINGS,764274278,,27,CREDIT,2631.21,USD,2026-07-21 00:00:00,TRANSFER,BATCH-20260720-17,PPD,220,6,FILE-MTB-20260720-004,2026-07-20 00:00:00,42411,D,129904886606695,,PASSED,PASSED,ACKNOWLEDGED,2026-07-20 00:00:00,POSTED,2026-07-20 00:00:00,CREDIT,40095.77,42726.98,40095.77,42726.98,2026-07-20T04:24:11Z,2026-07-20T04:25:26Z,2026-07-20T06:24:11Z,2026-07-20T06:25:11Z,CLEARED,,,,,,,,,,,,,,,,,,,,,,,,,,,,,,,,,,,,,,,,,,,,,,,,,,,,,,,,,,,,,,,
ACH,POST,ACH-MTB-100143,INDIVIDUAL,IND-0019,EXTERNAL_INDIVIDUAL,EXT-P-6793,DEBIT,,,,,,,,,,,,,,,,,,,,,,,,,,,,,,,,,,,,,,,,,2026-07-21T05:39:50Z,True,2026-07-21T05:40:00Z,3136,15000,False,5,,SETTLED,2026-07-23T05:39:50Z,2026-07-23T06:37:50Z,58,True,False,0,,IDEMP-ACH-MTB-100143,,PASSED,,,,,,1,2,3121.75,1813.72,False,24,10000,0.266,,[],False,,,,,,,,,,,,,,SETTLED,,SETL-ACH-MTB-100143,2026-07-23 00:00:00,,,,,,,,,,,,,,,,,,,,,,,,MATCHED,2026-07-23T19:37:50Z,0,True,LEDG-ACH-MTB-100143,2656.1,2656.1,SETL-ACH-MTB-100143,False,True,False,False,,,,,,,,,,,,,,,,,,,,,,,,,PASSED,,PASSED,,,[],,,,,False,2025-10-09 00:00:00,47,285,False,3917203227,8,9,True,[],2866.6,,,,,,,,,2656.1,,,,,,,,,,,,,,,,,,,,Meridian Trust Bank,ODFI,463775642,Amanda Moore,IND34349,8829864786,Meridian Trust Bank,Ironbridge National Bank,Stephanie Walker,3917203227,SAVINGS,534974142,,32,DEBIT,2656.1,USD,2026-07-22 00:00:00,TRANSFER,BATCH-20260721-5,CCD,200,35,FILE-MTB-20260721-004,2026-07-21 00:00:00,53950,A,924620997897653,,PASSED,PASSED,ACKNOWLEDGED,2026-07-23 00:00:00,POSTED,2026-07-23 00:00:00,DEBIT,12671.77,10015.67,12671.77,10015.67,2026-07-21T05:39:50Z,2026-07-21T05:41:05Z,2026-07-23T06:37:50Z,2026-07-23T06:38:50Z,CLEARED,,,,,,,,,,,,,,,,,,,,,,,,,,,,,,,,,,,,,,,,,,,,,,,,,,,,,,,,,,,,,,,
ACH,POST,ACH-MTB-100176,MERCHANT,MERCH-001,EXTERNAL_INDIVIDUAL,EXT-P-9489,CREDIT,,,,,,,,,,,,,,,,,,,,,,,,,,,,,,,,,,,,,,,,,2026-08-13T22:17:34Z,True,2026-08-13T22:17:49Z,537,15000,False,51,,SETTLED,2026-08-15T22:17:34Z,2026-08-16T15:07:34Z,1010,True,False,0,,IDEMP-ACH-MTB-100176,,PASSED,,,,,,3,7,40800.04,26341.59,False,39,10000,2.761,,[],False,,,,,,,,,,,,,,SETTLED,,SETL-ACH-MTB-100176,2026-08-16 00:00:00,,,,,,,,,,,,,,,,,,,,,,,,MATCHED,2026-08-17T21:07:34Z,0,True,LEDG-ACH-MTB-100176,27609.23,27609.23,SETL-ACH-MTB-100176,False,False,False,False,,,,,,,,,,,,,,,,,,,,,,,,,PASSED,,PASSED,,,[],,,,,False,2023-10-25 00:00:00,20,1023,False,1090125052,1,5,False,[],35466.35,,,,,,,,,27609.23,,,,,,,,,,,,,,,,,,,,Meridian Trust Bank,ODFI,7561044,Bluepeak Hardware Supply,CORP25857,2813398050,Meridian Trust Bank,Ironbridge National Bank,Emily Ramirez,1090125052,CHECKING,477572598,MERCH-001,22,CREDIT,27609.23,USD,2026-08-14 00:00:00,PAYROLL,BATCH-20260813-11,WEB,220,26,FILE-MTB-20260813-005,2026-08-13 00:00:00,221734,C,259276795697501,,PASSED,PASSED,ACKNOWLEDGED,2026-08-15 00:00:00,POSTED,2026-08-16 00:00:00,CREDIT,11146.45,38755.68,11146.45,38755.68,2026-08-13T22:17:34Z,2026-08-13T22:18:49Z,2026-08-16T15:07:34Z,2026-08-16T15:08:34Z,CLEARED,,,,,,,,,,,,,,,,,,,,,,,,,,,,,,,,,,,,,,,,,,,,,,,,,,,,,,,,,,,,,,,
ACH,POST,ACH-MTB-100172,MERCHANT,MERCH-004,INDIVIDUAL,IND-0033,DEBIT,,,,,,,,,,,,,,,,,,,,,,,,,,,,,,,,,,,,,,,,,2026-07-12T12:29:27Z,True,2026-07-12T12:29:39Z,865,15000,False,0,,SETTLED,2026-07-12T16:29:27Z,2026-07-12T16:36:27Z,7,True,False,0,,IDEMP-ACH-MTB-100172,,PASSED,,,,,,5,9,976.89,482.95,False,54,10000,0.026,,[],False,,,,,,,,,,,,,,SETTLED,,SETL-ACH-MTB-100172,2026-07-12 00:00:00,,,,,,,,,,,,,,,,,,,,,,,,MATCHED,2026-07-13T16:36:27Z,0,True,LEDG-ACH-MTB-100172,255.52,255.52,SETL-ACH-MTB-100172,False,False,False,False,,,,,,,,,,,,,,,,,,,,,,,,,PASSED,,PASSED,,,[],,,,,False,2024-10-08 00:00:00,20,642,False,1790285593,1,5,False,[],220.43,,,,,,,,,255.52,,,,,,,,,,,,,,,,,,,,Meridian Trust Bank,ODFI,981584204,Pinehollow Auto Parts,CORP81326,3061977058,Vertex Commerce Pay,Summit Ridge Bank,Timothy Taylor,1790285593,SAVINGS,578828797,MERCH-004,22,DEBIT,255.52,USD,2026-07-13 00:00:00,BILL PAY,BATCH-20260712-16,PPD,225,48,FILE-MTB-20260712-005,2026-07-12 00:00:00,122927,T,178549849613102,,PASSED,PASSED,ACKNOWLEDGED,2026-07-12 00:00:00,POSTED,2026-07-12 00:00:00,DEBIT,3898.76,3643.24,3898.76,3643.24,2026-07-12T12:29:27Z,2026-07-12T12:30:42Z,2026-07-12T16:36:27Z,2026-07-12T16:37:27Z,CLEARED,,,,,,,,,,,,,,,,,,,,,,,,,,,,,,,,,,,,,,,,,,,,,,,,,,,,,,,,,,,,,,,
ACH,POST,ACH-MTB-100142,INDIVIDUAL,IND-0067,EXTERNAL_INDIVIDUAL,EXT-P-7192,DEBIT,,,,,,,,,,,,,,,,,,,,,,,,,,,,,,,,,,,,,,,,,2026-06-29T11:33:17Z,True,2026-06-29T11:33:24Z,416,15000,False,0,,SETTLED,2026-06-29T23:33:17Z,2026-06-29T23:57:17Z,24,True,False,0,,IDEMP-ACH-MTB-100142,,PASSED,,,,,,1,7,3101.38,1482.6,False,46,10000,0.167,,[],False,,,,,,,,,,,,,,SETTLED,,SETL-ACH-MTB-100142,2026-06-29 00:00:00,,,,,,,,,,,,,,,,,,,,,,,,NOT_YET_RECONCILED,,0,True,LEDG-ACH-MTB-100142,1667.96,1667.96,SETL-ACH-MTB-100142,False,False,False,False,,,,,,,,,,,,,,,,,,,,,,,,,PASSED,,PASSED,,,[],,,,,True,2026-06-29 00:00:00,0,0,False,8813754350,1,4,False,[],1891.66,,,,,,,,,1667.96,,,,,,,,,,,,,,,,,,,,Meridian Trust Bank,ODFI,363303418,Kimberly Wilson,IND11239,5548884920,Meridian Trust Bank,Ironbridge National Bank,Kenneth Garcia,8813754350,CHECKING,829713325,,37,DEBIT,1667.96,USD,2026-06-30 00:00:00,VENDOR PMT,BATCH-20260629-19,CCD,200,50,FILE-MTB-20260629-001,2026-06-29 00:00:00,113317,C,430332034258362,,PASSED,PASSED,ACKNOWLEDGED,2026-06-29 00:00:00,POSTED,2026-06-29 00:00:00,DEBIT,48340.02,46672.06,48340.02,46672.06,2026-06-29T11:33:17Z,2026-06-29T11:34:32Z,2026-06-29T23:57:17Z,2026-06-29T23:58:17Z,CLEARED,,,,,,,,,,,,,,,,,,,,,,,,,,,,,,,,,,,,,,,,,,,,,,,,,,,,,,,,,,,,,,,
ACH,POST,ACH-MTB-100187,MERCHANT,MERCH-004,EXTERNAL_INDIVIDUAL,EXT-P-6366,CREDIT,,,,,,,,,,,,,,,,,,,,,,,,,,,,,,,,,,,,,,,,,2026-06-25T10:23:34Z,True,2026-06-25T10:23:44Z,124,15000,False,5,,SETTLED,2026-06-25T11:23:34Z,2026-06-25T11:39:34Z,16,True,False,0,,IDEMP-ACH-MTB-100187,,PASSED,,,,,,1,8,1837.08,1167.07,False,41,10000,0.064,,[],False,,,,,,,,,,,,,,SETTLED,,SETL-ACH-MTB-100187,2026-06-25 00:00:00,,,,,,,,,,,,,,,,,,,,,,,,MATCHED,2026-06-26T08:39:34Z,0,True,LEDG-ACH-MTB-100187,639.46,639.46,SETL-ACH-MTB-100187,False,False,False,False,,,,,,,,,,,,,,,,,,,,,,,,,PASSED,,PASSED,,,[],,,,,False,2025-03-18 00:00:00,56,464,False,7737222988,3,6,False,[],550.23,,,,,,,,,639.46,,,,,,,,,,,,,,,,,,,,Meridian Trust Bank,ODFI,3447181,Pinehollow Auto Parts,CORP87187,3061977058,Vertex Commerce Pay,Cascade Point Bank,Timothy Miller,7737222988,SAVINGS,352342365,MERCH-004,32,CREDIT,639.46,USD,2026-06-26 00:00:00,TRANSFER,BATCH-20260625-17,PPD,220,30,FILE-MTB-20260625-005,2026-06-25 00:00:00,102334,A,646038408890680,,PASSED,PASSED,ACKNOWLEDGED,2026-06-25 00:00:00,POSTED,2026-06-25 00:00:00,CREDIT,24104.86,24744.32,24104.86,24744.32,2026-06-25T10:23:34Z,2026-06-25T10:24:49Z,2026-06-25T11:39:34Z,2026-06-25T11:40:34Z,CLEARED,,,,,,,,,,,,,,,,,,,,,,,,,,,,,,,,,,,,,,,,,,,,,,,,,,,,,,,,,,,,,,,
ACH,POST,ACH-MTB-100106,INDIVIDUAL,IND-0002,EXTERNAL_INDIVIDUAL,EXT-P-1960,CREDIT,,,,,,,,,,,,,,,,,,,,,,,,,,,,,,,,,,,,,,,,,2026-07-26T17:16:02Z,True,2026-07-26T17:16:04Z,916,15000,False,5,,SETTLED,2026-07-27T17:16:02Z,2026-07-27T17:46:02Z,30,True,False,0,,IDEMP-ACH-MTB-100106,,PASSED,,,,,,2,3,2622.53,1599.04,False,30,10000,0.187,,[],False,,,,,,,,,,,,,,SETTLED,,SETL-ACH-MTB-100106,2026-07-27 00:00:00,,,,,,,,,,,,,,,,,,,,,,,,MATCHED,2026-07-27T20:46:02Z,0,True,LEDG-ACH-MTB-100106,1874.65,1874.65,SETL-ACH-MTB-100106,False,False,False,False,,,,,,,,,,,,,,,,,,,,,,,,,PASSED,,PASSED,,,[],,,,,False,2025-01-27 00:00:00,5,545,False,7030611838,2,6,False,[],1513.64,,,,,,,,,1874.65,,,,,,,,,,,,,,,,,,,,Meridian Trust Bank,ODFI,180822907,Kathleen Young,IND30855,7526184866,Meridian Trust Bank,Summit Ridge Bank,Barbara Nguyen,7030611838,CHECKING,893778156,,27,CREDIT,1874.65,USD,2026-07-27 00:00:00,PAYROLL,BATCH-20260726-8,CCD,200,15,FILE-MTB-20260726-005,2026-07-26 00:00:00,171602,K,589644450840425,,PASSED,PASSED,ACKNOWLEDGED,2026-07-27 00:00:00,POSTED,2026-07-27 00:00:00,CREDIT,45853.2,47727.85,45853.2,47727.85,2026-07-26T17:16:02Z,2026-07-26T17:17:17Z,2026-07-27T17:46:02Z,2026-07-27T17:47:02Z,CLEARED,,,,,,,,,,,,,,,,,,,,,,,,,,,,,,,,,,,,,,,,,,,,,,,,,,,,,,,,,,,,,,,
ACH,POST,ACH-MTB-100189,MERCHANT,MERCH-010,EXTERNAL_INDIVIDUAL,EXT-P-9976,CREDIT,,,,,,,,,,,,,,,,,,,,,,,,,,,,,,,,,,,,,,,,,2026-07-16T17:15:12Z,True,2026-07-16T17:15:18Z,458,15000,False,0,,SETTLED,2026-07-17T17:15:12Z,2026-07-17T17:25:12Z,10,True,False,0,,IDEMP-ACH-MTB-100189,,PASSED,,,,,,5,10,5304.48,2431.63,False,57,10000,0.279,,[],False,,,,,,,,,,,,,,SETTLED,,SETL-ACH-MTB-100189,2026-07-17 00:00:00,,,,,,,,,,,,,,,,,,,,,,,,MATCHED,2026-07-19T02:25:12Z,0,True,LEDG-ACH-MTB-100189,2786.29,2786.29,SETL-ACH-MTB-100189,False,False,False,False,,,,,,,,,,,,,,,,,,,,,,,,,PASSED,,PASSED,,,[],,,,,False,2025-11-01 00:00:00,52,257,False,993605713,2,5,False,[],2265.26,,,,,,,,,2786.29,,,,,,,,,,,,,,,,,,,,Meridian Trust Bank,ODFI,238716744,Wrenfield Pharmacy Group,CORP70535,4806704660,Vertex Commerce Pay,Cascade Point Bank,Andrew Thomas,993605713,SAVINGS,404193972,MERCH-010,37,CREDIT,2786.29,USD,2026-07-17 00:00:00,TRANSFER,BATCH-20260716-4,PPD,200,23,FILE-MTB-20260716-005,2026-07-16 00:00:00,171512,L,561247847846474,,PASSED,PASSED,ACKNOWLEDGED,2026-07-17 00:00:00,POSTED,2026-07-17 00:00:00,CREDIT,33854.31,36640.6,33854.31,36640.6,2026-07-16T17:15:12Z,2026-07-16T17:16:27Z,2026-07-17T17:25:12Z,2026-07-17T17:26:12Z,CLEARED,,,,,,,,,,,,,,,,,,,,,,,,,,,,,,,,,,,,,,,,,,,,,,,,,,,,,,,,,,,,,,,
ACH,POST,ACH-MTB-100175,MERCHANT,MERCH-004,INDIVIDUAL,IND-0024,CREDIT,,,,,,,,,,,,,,,,,,,,,,,,,,,,,,,,,,,,,,,,,2026-07-26T07:21:22Z,True,2026-07-26T07:21:24Z,1248,15000,False,0,,SETTLED,2026-07-26T08:21:22Z,2026-07-26T08:49:22Z,28,True,False,0,,IDEMP-ACH-MTB-100175,,PASSED,,,,,,1,7,61255.55,45326.68,False,39,10000,2.19,,[],False,,,,,,,,,,,,,,SETTLED,,SETL-ACH-MTB-100175,2026-07-26 00:00:00,,,,,,,,,,,,,,,,,,,,,,,,MATCHED,2026-07-26T15:49:22Z,0,True,LEDG-ACH-MTB-100175,21895.06,21895.06,SETL-ACH-MTB-100175,False,False,False,False,,,,,,,,,,,,,,,,,,,,,,,,,PASSED,,PASSED,,,[],,,,,False,2023-04-21 00:00:00,41,1192,False,9324986869,8,11,False,[],26227,,,,,,,,,21895.06,,,,,,,,,,,,,,,,,,,,Meridian Trust Bank,ODFI,991577881,Pinehollow Auto Parts,CORP67713,3061977058,Vertex Commerce Pay,Ironbridge National Bank,Stephanie Williams,9324986869,SAVINGS,152152820,MERCH-004,37,CREDIT,21895.06,USD,2026-07-27 00:00:00,VENDOR PMT,BATCH-20260726-1,CCD,200,23,FILE-MTB-20260726-001,2026-07-26 00:00:00,72122,R,863766593228495,,PASSED,PASSED,ACKNOWLEDGED,2026-07-26 00:00:00,POSTED,2026-07-26 00:00:00,CREDIT,38988.52,60883.58,38988.52,60883.58,2026-07-26T07:21:22Z,2026-07-26T07:22:37Z,2026-07-26T08:49:22Z,2026-07-26T08:50:22Z,CLEARED,,,,,,,,,,,,,,,,,,,,,,,,,,,,,,,,,,,,,,,,,,,,,,,,,,,,,,,,,,,,,,,
ACH,POST,ACH-MTB-100196,MERCHANT,MERCH-005,INDIVIDUAL,IND-0045,CREDIT,,,,,,,,,,,,,,,,,,,,,,,,,,,,,,,,,,,,,,,,,2026-08-03T14:17:12Z,True,2026-08-03T14:17:18Z,3123,15000,False,91,,SETTLED,2026-08-04T02:17:12Z,2026-08-04T02:54:12Z,37,True,False,0,,IDEMP-ACH-MTB-100196,,PASSED,,,,,,3,3,88889.8,43002.32,False,23,10000,4.493,,[],False,,,,,,,,,,,,,,SETTLED,,SETL-ACH-MTB-100196,2026-08-04 00:00:00,,,,,,,,,,,,,,,,,,,,,,,,MATCHED,2026-08-04T05:54:12Z,0,True,LEDG-ACH-MTB-100196,44925.35,44925.35,SETL-ACH-MTB-100196,False,False,False,False,,,,,,,,,,,,,,,,,,,,,,,,,PASSED,,PASSED,,,[],,,,,False,2024-04-08 00:00:00,22,847,False,7563517919,1,1,False,[],47076.37,,,,,,,,,44925.35,,,,,,,,,,,,,,,,,,,,Meridian Trust Bank,ODFI,348315852,Solstice Digital Print,CORP74570,2260323791,Meridian Trust Bank,Ironbridge National Bank,Kathleen Wilson,7563517919,CHECKING,839253746,MERCH-005,22,CREDIT,44925.35,USD,2026-08-04 00:00:00,PAYROLL,BATCH-20260803-11,WEB,200,15,FILE-MTB-20260803-005,2026-08-03 00:00:00,141712,I,727866806939094,,PASSED,PASSED,ACKNOWLEDGED,2026-08-04 00:00:00,POSTED,2026-08-04 00:00:00,CREDIT,22388.75,67314.1,22388.75,67314.1,2026-08-03T14:17:12Z,2026-08-03T14:18:27Z,2026-08-04T02:54:12Z,2026-08-04T02:55:12Z,CLEARED,,,,,,,,,,,,,,,,,,,,,,,,,,,,,,,,,,,,,,,,,,,,,,,,,,,,,,,,,,,,,,,
ACH,POST,ACH-MTB-100178,MERCHANT,MERCH-001,EXTERNAL_INDIVIDUAL,EXT-P-4179,CREDIT,,,,,,,,,,,,,,,,,,,,,,,,,,,,,,,,,,,,,,,,,2026-08-11T08:01:47Z,True,2026-08-11T08:01:57Z,543,15000,False,91,,SETTLED,2026-08-11T20:01:47Z,2026-08-11T20:55:47Z,54,True,False,0,,IDEMP-ACH-MTB-100178,,PASSED,,,,,,1,6,5214.98,3309.73,False,35,10000,0.144,,[],False,,,,,,,,,,,,,,SETTLED,,SETL-ACH-MTB-100178,2026-08-11 00:00:00,,,,,,,,,,,,,,,,,,,,,,,,MATCHED,2026-08-12T07:55:47Z,0,True,LEDG-ACH-MTB-100178,1440.49,1440.49,SETL-ACH-MTB-100178,False,True,False,False,,,,,,,,,,,,,,,,,,,,,,,,,PASSED,,PASSED,,,[],,,,,False,2024-06-29 00:00:00,41,773,False,2558118731,8,8,True,[],1226.46,,,,,,,,,1440.49,,,,,,,,,,,,,,,,,,,,Meridian Trust Bank,ODFI,993675261,Bluepeak Hardware Supply,CORP16140,2813398050,Meridian Trust Bank,Cascade Point Bank,Richard Lee,2558118731,SAVINGS,362825379,MERCH-001,27,CREDIT,1440.49,USD,2026-08-12 00:00:00,BILL PAY,BATCH-20260811-19,CCD,200,13,FILE-MTB-20260811-003,2026-08-11 00:00:00,80147,M,971476223929115,,PASSED,PASSED,ACKNOWLEDGED,2026-08-11 00:00:00,POSTED,2026-08-11 00:00:00,CREDIT,35779.77,37220.26,35779.77,37220.26,2026-08-11T08:01:47Z,2026-08-11T08:03:02Z,2026-08-11T20:55:47Z,2026-08-11T20:56:47Z,CLEARED,,,,,,,,,,,,,,,,,,,,,,,,,,,,,,,,,,,,,,,,,,,,,,,,,,,,,,,,,,,,,,,
ACH,POST,ACH-MTB-100141,INDIVIDUAL,IND-0084,EXTERNAL_INDIVIDUAL,EXT-P-1878,CREDIT,,,,,,,,,,,,,,,,,,,,,,,,,,,,,,,,,,,,,,,,,2026-07-16T08:28:37Z,True,2026-07-16T08:28:47Z,3315,15000,False,0,,SETTLED,2026-07-18T08:28:37Z,2026-07-18T09:22:37Z,54,True,False,0,,IDEMP-ACH-MTB-100141,,PASSED,,,,,,3,10,31212.81,19028.73,False,53,10000,2.197,,[],False,,,,,,,,,,,,,,SETTLED,,SETL-ACH-MTB-100141,2026-07-18 00:00:00,,,,,,,,,,,,,,,,,,,,,,,,NOT_YET_RECONCILED,,0,True,LEDG-ACH-MTB-100141,21972.89,21972.89,SETL-ACH-MTB-100141,False,False,False,False,,,,,,,,,,,,,,,,,,,,,,,,,PASSED,,PASSED,,,[],,,,,False,2026-03-13 00:00:00,46,125,False,7596754496,2,6,False,[],26679.25,,,,,,,,,21972.89,,,,,,,,,,,,,,,,,,,,Meridian Trust Bank,ODFI,469512181,James Clark,IND60879,5383925378,Meridian Trust Bank,Summit Ridge Bank,Brian Lee,7596754496,SAVINGS,645428082,,32,CREDIT,21972.89,USD,2026-07-17 00:00:00,VENDOR PMT,BATCH-20260716-16,CCD,200,38,FILE-MTB-20260716-001,2026-07-16 00:00:00,82837,Q,642776022019201,,PASSED,PASSED,ACKNOWLEDGED,2026-07-18 00:00:00,POSTED,2026-07-18 00:00:00,CREDIT,23398.66,45371.55,23398.66,45371.55,2026-07-16T08:28:37Z,2026-07-16T08:29:52Z,2026-07-18T09:22:37Z,2026-07-18T09:23:37Z,CLEARED,,,,,,,,,,,,,,,,,,,,,,,,,,,,,,,,,,,,,,,,,,,,,,,,,,,,,,,,,,,,,,,
ACH,POST,ACH-MTB-100167,MERCHANT,MERCH-009,EXTERNAL_INDIVIDUAL,EXT-P-4899,CREDIT,,,,,,,,,,,,,,,,,,,,,,,,,,,,,,,,,,,,,,,,,2026-07-04T10:10:51Z,True,2026-07-04T10:10:56Z,2837,15000,False,0,,SETTLED,2026-07-06T10:10:51Z,2026-07-06T10:39:51Z,29,True,False,0,,IDEMP-ACH-MTB-100167,,PASSED,,,,,,2,11,14239.76,7992.77,True,52,10000,0.629,,[],False,,,,,,,,,,,,,,SETTLED,,SETL-ACH-MTB-100167,2026-07-06 00:00:00,,,,,,,,,,,,,,,,,,,,,,,,PENDING,2026-07-06T22:39:51Z,0,True,LEDG-ACH-MTB-100167,6287.8,6287.8,SETL-ACH-MTB-100167,False,False,True,False,,,,,,,,,,,,,,,,,,,,,,,,,PASSED,,PASSED,,,[],,,,,False,2025-10-18 00:00:00,14,259,False,3960027302,2,6,False,[],6100.78,,,,,,,,,6287.8,,,,,,,,,,,,,,,,,,,,Meridian Trust Bank,ODFI,585295691,Copperfield Building Supply,CORP96909,9446335263,Northstar Payment Solutions,Ironbridge National Bank,Melissa Nguyen,3960027302,CHECKING,269352745,MERCH-009,37,CREDIT,6287.8,USD,2026-07-05 00:00:00,TRANSFER,BATCH-20260704-10,PPD,220,4,FILE-MTB-20260704-004,2026-07-04 00:00:00,101051,F,238657801685717,,PASSED,PASSED,ACKNOWLEDGED,2026-07-06 00:00:00,POSTED,2026-07-06 00:00:00,CREDIT,29278.23,35566.03,29278.23,35566.03,2026-07-04T10:10:51Z,2026-07-04T10:12:06Z,2026-07-06T10:39:51Z,2026-07-06T10:40:51Z,CLEARED,,,,,,,,,,,,,,,,,,,,,,,,,,,,,,,,,,,,,,,,,,,,,,,,,,,,,,,,,,,,,,,
ACH,POST,ACH-MTB-100171,MERCHANT,MERCH-003,EXTERNAL_INDIVIDUAL,EXT-P-5586,CREDIT,,,,,,,,,,,,,,,,,,,,,,,,,,,,,,,,,,,,,,,,,2026-08-02T00:19:53Z,True,2026-08-02T00:19:56Z,4203,15000,False,0,,SETTLED,2026-08-02T12:19:53Z,2026-08-02T12:28:53Z,9,True,False,0,,IDEMP-ACH-MTB-100171,,PASSED,,,,,,3,9,10103.39,6838.76,False,46,10000,0.236,,[],False,,,,,,,,,,,,,,SETTLED,,SETL-ACH-MTB-100171,2026-08-02 00:00:00,,,,,,,,,,,,,,,,,,,,,,,,MATCHED,2026-08-02T15:28:53Z,0,True,LEDG-ACH-MTB-100171,2362.26,2362.26,SETL-ACH-MTB-100171,False,False,False,False,,,,,,,,,,,,,,,,,,,,,,,,,PASSED,,PASSED,,,[],,,,,False,2024-08-14 00:00:00,35,718,False,5694441987,3,6,False,[],2613.34,,,,,,,,,2362.26,,,,,,,,,,,,,,,,,,,,Meridian Trust Bank,ODFI,219361851,Harbor & Vine Grocers,CORP95552,8112126311,Northstar Payment Solutions,Cascade Point Bank,Anthony Torres,5694441987,CHECKING,271775831,MERCH-003,22,CREDIT,2362.26,USD,2026-08-03 00:00:00,VENDOR PMT,BATCH-20260802-7,CCD,225,35,FILE-MTB-20260802-004,2026-08-02 00:00:00,1953,B,554085517523056,,PASSED,PASSED,ACKNOWLEDGED,2026-08-02 00:00:00,POSTED,2026-08-02 00:00:00,CREDIT,31004,33366.26,31004,33366.26,2026-08-02T00:19:53Z,2026-08-02T00:21:08Z,2026-08-02T12:28:53Z,2026-08-02T12:29:53Z,CLEARED,,,,,,,,,,,,,,,,,,,,,,,,,,,,,,,,,,,,,,,,,,,,,,,,,,,,,,,,,,,,,,,
ACH,POST,ACH-MTB-100147,INDIVIDUAL,IND-0019,EXTERNAL_INDIVIDUAL,EXT-P-3586,CREDIT,,,,,,,,,,,,,,,,,,,,,,,,,,,,,,,,,,,,,,,,,2026-08-23T18:23:19Z,True,2026-08-23T18:23:22Z,859,15000,False,51,,SETTLED,2026-08-23T22:23:19Z,2026-08-23T22:30:19Z,7,True,False,0,,IDEMP-ACH-MTB-100147,,PASSED,,,,,,1,4,2047.77,1050.09,False,26,10000,0.148,,[],False,,,,,,,,,,,,,,SETTLED,,SETL-ACH-MTB-100147,2026-08-23 00:00:00,,,,,,,,,,,,,,,,,,,,,,,,MATCHED,2026-08-24T19:30:19Z,0,True,LEDG-ACH-MTB-100147,1476.36,1476.36,SETL-ACH-MTB-100147,False,True,False,False,,,,,,,,,,,,,,,,,,,,,,,,,PASSED,,PASSED,,,[],,,,,False,2026-03-24 00:00:00,31,152,False,8302846052,5,9,True,[],1207.79,,,,,,,,,1476.36,,,,,,,,,,,,,,,,,,,,Meridian Trust Bank,ODFI,932375847,Amanda Moore,IND70374,8829864786,Meridian Trust Bank,Cascade Point Bank,Cynthia Smith,8302846052,CHECKING,650511740,,27,CREDIT,1476.36,USD,2026-08-24 00:00:00,TRANSFER,BATCH-20260823-14,WEB,200,23,FILE-MTB-20260823-004,2026-08-23 00:00:00,182319,M,594002386147219,,PASSED,PASSED,ACKNOWLEDGED,2026-08-23 00:00:00,POSTED,2026-08-23 00:00:00,CREDIT,31070.18,32546.54,31070.18,32546.54,2026-08-23T18:23:19Z,2026-08-23T18:24:34Z,2026-08-23T22:30:19Z,2026-08-23T22:31:19Z,CLEARED,,,,,,,,,,,,,,,,,,,,,,,,,,,,,,,,,,,,,,,,,,,,,,,,,,,,,,,,,,,,,,,
ACH,POST,ACH-MTB-100186,MERCHANT,MERCH-009,INDIVIDUAL,IND-0092,CREDIT,,,,,,,,,,,,,,,,,,,,,,,,,,,,,,,,,,,,,,,,,2026-08-23T10:38:14Z,True,2026-08-23T10:38:29Z,2459,15000,False,91,,SETTLED,2026-08-23T11:38:14Z,2026-08-23T11:47:14Z,9,True,False,0,,IDEMP-ACH-MTB-100186,,PASSED,,,,,,1,1,1013.42,544.84,False,18,10000,0.026,,[],False,,,,,,,,,,,,,,SETTLED,,SETL-ACH-MTB-100186,2026-08-23 00:00:00,,,,,,,,,,,,,,,,,,,,,,,,MATCHED,2026-08-24T18:47:14Z,0,True,LEDG-ACH-MTB-100186,256.78,256.78,SETL-ACH-MTB-100186,False,False,False,False,,,,,,,,,,,,,,,,,,,,,,,,,PASSED,,PASSED,,,[],,,,,False,2023-09-17 00:00:00,60,1071,False,2524482775,2,3,False,[],230.67,,,,,,,,,256.78,,,,,,,,,,,,,,,,,,,,Meridian Trust Bank,ODFI,802405109,Copperfield Building Supply,CORP88916,9446335263,Northstar Payment Solutions,Summit Ridge Bank,Amanda Clark,2524482775,CHECKING,821391612,MERCH-009,32,CREDIT,256.78,USD,2026-08-24 00:00:00,PAYROLL,BATCH-20260823-4,WEB,200,35,FILE-MTB-20260823-001,2026-08-23 00:00:00,103814,T,784476744794938,,PASSED,PASSED,ACKNOWLEDGED,2026-08-23 00:00:00,POSTED,2026-08-23 00:00:00,CREDIT,41495.9,41752.68,41495.9,41752.68,2026-08-23T10:38:14Z,2026-08-23T10:39:29Z,2026-08-23T11:47:14Z,2026-08-23T11:48:14Z,CLEARED,,,,,,,,,,,,,,,,,,,,,,,,,,,,,,,,,,,,,,,,,,,,,,,,,,,,,,,,,,,,,,,
ACH,POST,ACH-MTB-100126,INDIVIDUAL,IND-0087,EXTERNAL_INDIVIDUAL,EXT-P-5920,CREDIT,,,,,,,,,,,,,,,,,,,,,,,,,,,,,,,,,,,,,,,,,2026-08-22T07:16:22Z,True,2026-08-22T07:16:31Z,4232,15000,False,5,,SETTLED,2026-08-23T07:16:22Z,2026-08-23T07:24:22Z,8,True,False,0,,IDEMP-ACH-MTB-100126,,PASSED,,,,,,3,13,3273.95,1596.54,False,72,10000,0.168,,[],False,,,,,,,,,,,,,,SETTLED,,SETL-ACH-MTB-100126,2026-08-23 00:00:00,,,,,,,,,,,,,,,,,,,,,,,,MATCHED,2026-08-24T04:24:22Z,0,True,LEDG-ACH-MTB-100126,1678.54,1678.54,SETL-ACH-MTB-100126,True,False,False,False,,,,,,,,,,,,,,,,,,,,,,,,,PASSED,,PASSED,,,[],,,,,True,2026-08-22 00:00:00,0,0,True,6264971169,1,2,False,[],1487.33,,,,,,,,,1678.54,,,,,,,,,,,,,,,,,,,,Meridian Trust Bank,ODFI,151808381,Edward Martinez,IND86089,4468178310,Meridian Trust Bank,Ironbridge National Bank,Sharon Allen,6264971169,SAVINGS,270724425,,32,CREDIT,1678.54,USD,2026-08-23 00:00:00,PAYROLL,BATCH-20260822-17,CCD,220,16,FILE-MTB-20260822-001,2026-08-22 00:00:00,71622,D,926147647517465,,PASSED,PASSED,ACKNOWLEDGED,2026-08-23 00:00:00,POSTED,2026-08-23 00:00:00,CREDIT,5703.02,7381.56,5703.02,7381.56,2026-08-22T07:16:22Z,2026-08-22T07:17:37Z,2026-08-23T07:24:22Z,2026-08-23T07:25:22Z,CLEARED,,,,,,,,,,,,,,,,,,,,,,,,,,,,,,,,,,,,,,,,,,,,,,,,,,,,,,,,,,,,,,,
ACH,POST,ACH-MTB-100108,INDIVIDUAL,IND-0001,INDIVIDUAL,IND-0098,DEBIT,,,,,,,,,,,,,,,,,,,,,,,,,,,,,,,,,,,,,,,,,2026-07-15T13:36:52Z,True,2026-07-15T13:36:55Z,1043,15000,False,0,,SETTLED,2026-07-16T01:36:52Z,2026-07-16T01:51:52Z,15,True,False,0,,IDEMP-ACH-MTB-100108,,PASSED,,,,,,5,9,16032.46,5773.32,False,53,10000,0.676,,[],False,,,,,,,,,,,,,,SETTLED,,SETL-ACH-MTB-100108,2026-07-16 00:00:00,,,,,,,,,,,,,,,,,,,,,,,,NOT_YET_RECONCILED,,0,True,LEDG-ACH-MTB-100108,6755.27,6755.27,SETL-ACH-MTB-100108,True,True,False,False,,,,,,,,,,,,,,,,,,,,,,,,,PASSED,,PASSED,,,[],,,,,True,2026-07-15 00:00:00,0,0,True,8260179870,5,8,True,[],7981.01,,,,,,,,,6755.27,,,,,,,,,,,,,,,,,,,,Meridian Trust Bank,ODFI,939171773,Karen Lee,IND54801,5581265757,Meridian Trust Bank,Cascade Point Bank,William Miller,8260179870,SAVINGS,702833263,,22,DEBIT,6755.27,USD,2026-07-16 00:00:00,BILL PAY,BATCH-20260715-7,PPD,200,22,FILE-MTB-20260715-005,2026-07-15 00:00:00,133652,J,592583178196920,,PASSED,PASSED,ACKNOWLEDGED,2026-07-16 00:00:00,POSTED,2026-07-16 00:00:00,DEBIT,23185.29,16430.02,23185.29,16430.02,2026-07-15T13:36:52Z,2026-07-15T13:38:07Z,2026-07-16T01:51:52Z,2026-07-16T01:52:52Z,CLEARED,,,,,,,,,,,,,,,,,,,,,,,,,,,,,,,,,,,,,,,,,,,,,,,,,,,,,,,,,,,,,,,
ACH,POST,ACH-MTB-100198,MERCHANT,MERCH-007,EXTERNAL_INDIVIDUAL,EXT-P-9928,CREDIT,,,,,,,,,,,,,,,,,,,,,,,,,,,,,,,,,,,,,,,,,2026-07-28T23:21:48Z,True,2026-07-28T23:21:59Z,4135,15000,False,0,,SETTLED,2026-07-29T11:21:48Z,2026-07-29T12:02:48Z,41,True,False,0,,IDEMP-ACH-MTB-100198,,PASSED,,,,,,2,2,2153.03,735.93,False,30,10000,0.202,,[],False,,,,,,,,,,,,,,SETTLED,,SETL-ACH-MTB-100198,2026-07-29 00:00:00,,,,,,,,,,,,,,,,,,,,,,,,MATCHED,2026-07-30T17:02:48Z,0,True,LEDG-ACH-MTB-100198,2022.09,2022.09,SETL-ACH-MTB-100198,False,False,False,False,,,,,,,,,,,,,,,,,,,,,,,,,PASSED,,PASSED,,,[],,,,,False,2026-05-26 00:00:00,52,63,False,9940428712,1,1,False,[],1745.97,,,,,,,,,2022.09,,,,,,,,,,,,,,,,,,,,Meridian Trust Bank,ODFI,655177510,Fernbrook Electronics,CORP36896,702250308,BrightLedger Payments,Cascade Point Bank,Melissa Thompson,9940428712,CHECKING,289877648,MERCH-007,37,CREDIT,2022.09,USD,2026-07-29 00:00:00,VENDOR PMT,BATCH-20260728-2,PPD,225,25,FILE-MTB-20260728-004,2026-07-28 00:00:00,232148,F,763282922983660,,PASSED,PASSED,ACKNOWLEDGED,2026-07-29 00:00:00,POSTED,2026-07-29 00:00:00,CREDIT,43160.79,45182.88,43160.79,45182.88,2026-07-28T23:21:48Z,2026-07-28T23:23:03Z,2026-07-29T12:02:48Z,2026-07-29T12:03:48Z,CLEARED,,,,,,,,,,,,,,,,,,,,,,,,,,,,,,,,,,,,,,,,,,,,,,,,,,,,,,,,,,,,,,,
ACH,POST,ACH-MTB-100173,MERCHANT,MERCH-009,EXTERNAL_INDIVIDUAL,EXT-P-1787,CREDIT,,,,,,,,,,,,,,,,,,,,,,,,,,,,,,,,,,,,,,,,,2026-07-05T22:34:07Z,True,2026-07-05T22:34:14Z,2060,15000,False,51,,SETTLED,2026-07-05T23:34:07Z,2026-07-06T00:14:07Z,40,True,False,0,,IDEMP-ACH-MTB-100173,,PASSED,,,,,,2,10,9447.62,4118.85,False,53,10000,0.237,,[],False,,,,,,,,,,,,,,SETTLED,,SETL-ACH-MTB-100173,2026-07-06 00:00:00,,,,,,,,,,,,,,,,,,,,,,,,MATCHED,2026-07-06T23:14:07Z,0,True,LEDG-ACH-MTB-100173,2373.98,2373.98,SETL-ACH-MTB-100173,False,False,False,False,,,,,,,,,,,,,,,,,,,,,,,,,PASSED,,PASSED,,,[],,,,,False,2025-09-09 00:00:00,2,299,False,4832293705,3,7,False,[],2997.13,,,,,,,,,2373.98,,,,,,,,,,,,,,,,,,,,Meridian Trust Bank,ODFI,860176990,Copperfield Building Supply,CORP37133,9446335263,Northstar Payment Solutions,Cascade Point Bank,Thomas Taylor,4832293705,CHECKING,482552175,MERCH-009,27,CREDIT,2373.98,USD,2026-07-06 00:00:00,PAYROLL,BATCH-20260705-9,PPD,220,41,FILE-MTB-20260705-003,2026-07-05 00:00:00,223407,G,551095879301395,,PASSED,PASSED,ACKNOWLEDGED,2026-07-05 00:00:00,POSTED,2026-07-06 00:00:00,CREDIT,882.31,3256.29,882.31,3256.29,2026-07-05T22:34:07Z,2026-07-05T22:35:22Z,2026-07-06T00:14:07Z,2026-07-06T00:15:07Z,CLEARED,,,,,,,,,,,,,,,,,,,,,,,,,,,,,,,,,,,,,,,,,,,,,,,,,,,,,,,,,,,,,,,
ACH,POST,ACH-MTB-100170,MERCHANT,MERCH-001,EXTERNAL_INDIVIDUAL,EXT-P-5284,CREDIT,,,,,,,,,,,,,,,,,,,,,,,,,,,,,,,,,,,,,,,,,2026-08-05T02:10:03Z,True,2026-08-05T02:10:12Z,1087,15000,False,0,,IN_TRANSIT,2026-08-07T02:10:03Z,,,False,False,0,,IDEMP-ACH-MTB-100170,,PASSED,,,,,,1,10,50221.59,20603.76,False,52,10000,2.792,,[],False,,,,,,,,,,,,,,PENDING,,,,,,,,,,,,,,,,,,,,,,,,,,,NOT_APPLICABLE,,,,,,,,False,False,False,False,,,,,,,,,,,,,,,,,,,,,,,,,PASSED,,PASSED,,,[],,,,,False,2025-10-18 00:00:00,16,291,False,1892074440,1,3,False,[],30264.01,,,,,,,,,,,,,,,,,,,,,,,,,,,,,Meridian Trust Bank,ODFI,94247774,Bluepeak Hardware Supply,CORP12012,2813398050,Meridian Trust Bank,Cascade Point Bank,Deborah Wright,1892074440,CHECKING,43683538,MERCH-001,32,CREDIT,27916.97,USD,2026-08-06 00:00:00,TRANSFER,BATCH-20260805-17,CCD,200,20,FILE-MTB-20260805-004,2026-08-05 00:00:00,21003,Y,901890426066299,,PASSED,PASSED,ACKNOWLEDGED,2026-08-07 00:00:00,NOT_POSTED,,CREDIT,48408.39,48408.39,48408.39,48408.39,2026-08-05T02:10:03Z,2026-08-05T02:11:18Z,,,,,,,,,,,,,,,,,,,,,,,,,,,,,,,,,,,,,,,,,,,,,,,,,,,,,,,,,,,,,,,,,,
ACH,POST,ACH-MTB-100160,MERCHANT,MERCH-008,EXTERNAL_INDIVIDUAL,EXT-P-7195,DEBIT,,,,,,,,,,,,,,,,,,,,,,,,,,,,,,,,,,,,,,,,,2026-08-01T11:16:42Z,True,2026-08-01T11:16:47Z,3094,15000,False,5,,SETTLED,2026-08-01T23:16:42Z,2026-08-02T00:08:42Z,52,True,False,0,,IDEMP-ACH-MTB-100160,,PASSED,,,,,,3,8,46940.56,20168.91,False,53,10000,1.774,,[],False,,,,,,,,,,,,,,SETTLED,,SETL-ACH-MTB-100160,2026-08-02 00:00:00,,,,,,,,,,,,,,,,,,,,,,,,MATCHED,2026-08-03T09:08:42Z,0,True,LEDG-ACH-MTB-100160,17735.54,17735.54,SETL-ACH-MTB-100160,False,False,False,False,,,,,,,,,,,,,,,,,,,,,,,,,PASSED,,PASSED,,,[],,,,,False,2024-10-20 00:00:00,23,650,False,1409288721,1,2,False,[],15172.38,,,,,,,,,17735.54,,,,,,,,,,,,,,,,,,,,Meridian Trust Bank,ODFI,620967351,Amberlane Textiles Co,CORP71033,454372367,BrightLedger Payments,Cascade Point Bank,David King,1409288721,CHECKING,226745802,MERCH-008,37,DEBIT,17735.54,USD,2026-08-02 00:00:00,TRANSFER,BATCH-20260801-10,CCD,225,15,FILE-MTB-20260801-003,2026-08-01 00:00:00,111642,E,529271715541314,,PASSED,PASSED,ACKNOWLEDGED,2026-08-01 00:00:00,POSTED,2026-08-02 00:00:00,DEBIT,25295.86,7560.32,25295.86,7560.32,2026-08-01T11:16:42Z,2026-08-01T11:17:57Z,2026-08-02T00:08:42Z,2026-08-02T00:09:42Z,CLEARED,,,,,,,,,,,,,,,,,,,,,,,,,,,,,,,,,,,,,,,,,,,,,,,,,,,,,,,,,,,,,,,
ACH,POST,ACH-MTB-100136,INDIVIDUAL,IND-0093,EXTERNAL_INDIVIDUAL,EXT-P-4827,DEBIT,,,,,,,,,,,,,,,,,,,,,,,,,,,,,,,,,,,,,,,,,2026-08-14T15:08:06Z,True,2026-08-14T15:08:21Z,2079,15000,False,5,,SETTLED,2026-08-14T16:08:06Z,2026-08-14T16:16:06Z,8,True,False,0,,IDEMP-ACH-MTB-100136,,PASSED,,,,,,1,5,71159.5,56530,False,29,10000,3.929,,[],False,,,,,,,,,,,,,,SETTLED,,SETL-ACH-MTB-100136,2026-08-14 00:00:00,,,,,,,,,,,,,,,,,,,,,,,,MATCHED,2026-08-14T21:16:06Z,0,True,LEDG-ACH-MTB-100136,39288.04,39288.04,SETL-ACH-MTB-100136,False,False,False,False,,,,,,,,,,,,,,,,,,,,,,,,,PASSED,,PASSED,,,[],,,,,False,2026-03-14 00:00:00,34,153,False,9630941448,1,2,False,[],41116.64,,,,,,,,,39288.04,,,,,,,,,,,,,,,,,,,,Meridian Trust Bank,ODFI,294368645,Richard Thompson,IND58707,8321601567,Meridian Trust Bank,Ironbridge National Bank,Jason Garcia,9630941448,SAVINGS,966198593,,22,DEBIT,39288.04,USD,2026-08-15 00:00:00,PAYROLL,BATCH-20260814-18,CCD,200,28,FILE-MTB-20260814-002,2026-08-14 00:00:00,150806,W,838575536039034,,PASSED,PASSED,ACKNOWLEDGED,2026-08-14 00:00:00,POSTED,2026-08-14 00:00:00,DEBIT,30399.7,-8888.34,30399.7,-8888.34,2026-08-14T15:08:06Z,2026-08-14T15:09:21Z,2026-08-14T16:16:06Z,2026-08-14T16:17:06Z,CLEARED,,,,,,,,,,,,,,,,,,,,,,,,,,,,,,,,,,,,,,,,,,,,,,,,,,,,,,,,,,,,,,,
ACH,POST,ACH-MTB-100127,INDIVIDUAL,IND-0080,EXTERNAL_INDIVIDUAL,EXT-P-4307,CREDIT,,,,,,,,,,,,,,,,,,,,,,,,,,,,,,,,,,,,,,,,,2026-07-29T22:29:48Z,True,2026-07-29T22:29:53Z,859,15000,False,91,,SETTLED,2026-07-31T22:29:48Z,2026-08-02T04:47:48Z,1818,True,False,0,,IDEMP-ACH-MTB-100127,,PASSED,,,,,,1,6,71238.19,24741.86,False,43,10000,2.834,,[],False,,,,,,,,,,,,,,SETTLED,,SETL-ACH-MTB-100127,2026-08-02 00:00:00,,,,,,,,,,,,,,,,,,,,,,,,NOT_YET_RECONCILED,,0,True,LEDG-ACH-MTB-100127,28336.35,28336.35,SETL-ACH-MTB-100127,False,False,False,False,,,,,,,,,,,,,,,,,,,,,,,,,PASSED,,PASSED,,,[],,,,,False,2024-12-03 00:00:00,12,603,False,4862606552,1,3,False,[],32256.24,,,,,,,,,28336.35,,,,,,,,,,,,,,,,,,,,Meridian Trust Bank,ODFI,435563785,Emily Anderson,IND62600,8611366363,Meridian Trust Bank,Ironbridge National Bank,Jason Taylor,4862606552,CHECKING,394992091,,37,CREDIT,28336.35,USD,2026-07-30 00:00:00,TRANSFER,BATCH-20260729-2,WEB,200,28,FILE-MTB-20260729-005,2026-07-29 00:00:00,222948,N,170933733368339,,PASSED,PASSED,ACKNOWLEDGED,2026-07-31 00:00:00,POSTED,2026-08-02 00:00:00,CREDIT,3850.31,32186.66,3850.31,32186.66,2026-07-29T22:29:48Z,2026-07-29T22:31:03Z,2026-08-02T04:47:48Z,2026-08-02T04:48:48Z,CLEARED,,,,,,,,,,,,,,,,,,,,,,,,,,,,,,,,,,,,,,,,,,,,,,,,,,,,,,,,,,,,,,,
ACH,POST,ACH-MTB-100162,MERCHANT,MERCH-010,EXTERNAL_INDIVIDUAL,EXT-P-6787,CREDIT,,,,,,,,,,,,,,,,,,,,,,,,,,,,,,,,,,,,,,,,,2026-08-07T00:55:31Z,True,2026-08-07T00:55:35Z,4018,15000,False,5,,IN_TRANSIT,2026-08-09T00:55:31Z,,,False,False,0,,IDEMP-ACH-MTB-100162,,PASSED,,,,,,5,8,4788.65,1625.89,False,51,10000,0.114,,[],False,,,,,,,,,,,,,,REJECTED,,,,,,,,,,,,,,,,,,,,,,,,,,,NOT_APPLICABLE,,,,,,,,False,False,False,False,,,,,,,,,,,,,,,,,,,,,,,,,PASSED,,FAILED,E204,Amount field exceeds allowed decimal precision,['E204'],,,,,False,2024-02-19 00:00:00,60,900,False,7008819172,1,5,False,[],1044.96,,,,,,,,,,,,,,,,,,,,,,,,,,,,,Meridian Trust Bank,ODFI,491284966,Wrenfield Pharmacy Group,CORP21001,4806704660,Vertex Commerce Pay,Ironbridge National Bank,Kevin Garcia,7008819172,SAVINGS,361881255,MERCH-010,32,CREDIT,1143.93,USD,2026-08-08 00:00:00,BILL PAY,BATCH-20260807-9,CCD,220,32,FILE-MTB-20260807-002,2026-08-07 00:00:00,5531,C,404343898573111,,FAILED,FAILED,REJECTED,2026-08-09 00:00:00,NOT_POSTED,,CREDIT,24334.7,24334.7,24334.7,24334.7,2026-08-07T00:55:31Z,2026-08-07T00:56:46Z,,,REJECTED,,,,,,,,,,,,,,,,,,,,,,,,,,,,,,,,,,,,,,,,,,,,,,,,,,,,,,,,,,,,,,,
ACH,POST,ACH-MTB-100165,MERCHANT,MERCH-001,EXTERNAL_INDIVIDUAL,EXT-P-2986,CREDIT,,,,,,,,,,,,,,,,,,,,,,,,,,,,,,,,,,,,,,,,,2026-08-20T05:11:31Z,True,2026-08-20T05:11:37Z,2739,15000,False,91,,SETTLED,2026-08-22T05:11:31Z,2026-08-22T06:02:31Z,51,True,False,0,,IDEMP-ACH-MTB-100165,,PASSED,,,,,,1,6,1732.97,1053.48,False,35,10000,0.06,,[],False,,,,,,,,,,,,,,SETTLED,,SETL-ACH-MTB-100165,2026-08-22 00:00:00,,,,,,,,,,,,,,,,,,,,,,,,MATCHED,2026-08-23T06:02:31Z,0,True,LEDG-ACH-MTB-100165,601.38,601.38,SETL-ACH-MTB-100165,False,False,False,False,,,,,,,,,,,,,,,,,,,,,,,,,PASSED,,PASSED,,,[],,,,,False,2025-02-27 00:00:00,37,539,False,4616295130,2,5,False,[],702.17,,,,,,,,,601.38,,,,,,,,,,,,,,,,,,,,Meridian Trust Bank,ODFI,644413798,Bluepeak Hardware Supply,CORP31880,2813398050,Meridian Trust Bank,Ironbridge National Bank,Laura Walker,4616295130,SAVINGS,363511348,MERCH-001,27,CREDIT,601.38,USD,2026-08-21 00:00:00,PAYROLL,BATCH-20260820-14,PPD,220,15,FILE-MTB-20260820-005,2026-08-20 00:00:00,51131,U,158103108215698,,PASSED,PASSED,ACKNOWLEDGED,2026-08-22 00:00:00,POSTED,2026-08-22 00:00:00,CREDIT,30627.79,31229.17,30627.79,31229.17,2026-08-20T05:11:31Z,2026-08-20T05:12:46Z,2026-08-22T06:02:31Z,2026-08-22T06:03:31Z,CLEARED,,,,,,,,,,,,,,,,,,,,,,,,,,,,,,,,,,,,,,,,,,,,,,,,,,,,,,,,,,,,,,,
ACH,POST,ACH-MTB-100102,INDIVIDUAL,IND-0013,EXTERNAL_INDIVIDUAL,EXT-P-9991,CREDIT,,,,,,,,,,,,,,,,,,,,,,,,,,,,,,,,,,,,,,,,,2026-07-21T15:54:57Z,False,,,15000,True,,,SETTLED,2026-07-21T16:54:57Z,2026-07-21T17:50:57Z,56,True,False,0,,IDEMP-ACH-MTB-100102,,PASSED,,,,,,2,11,1685.84,915.99,True,60,10000,0.052,,[],False,,,,,,,,,,,,,,SETTLED,,SETL-ACH-MTB-100102,2026-07-21 00:00:00,,,,,,,,,,,,,,,,,,,,,,,,MATCHED,2026-07-21T20:50:57Z,0,True,LEDG-ACH-MTB-100102,522.47,522.47,SETL-ACH-MTB-100102,False,True,True,False,,,,,,,,,,,,,,,,,,,,,,,,,PASSED,,PASSED,,,[],,,,,False,2025-06-09 00:00:00,39,407,False,3076904503,8,10,True,[],503.83,,,,,,,,,522.47,,,,,,,,,,,,,,,,,,,,Meridian Trust Bank,ODFI,296202172,Kevin Allen,IND88412,2411755318,Meridian Trust Bank,Summit Ridge Bank,Susan Anderson,3076904503,SAVINGS,394254605,,27,CREDIT,522.47,USD,2026-07-22 00:00:00,VENDOR PMT,BATCH-20260721-14,WEB,225,39,FILE-MTB-20260721-001,2026-07-21 00:00:00,155457,W,742839283573244,,PASSED,PASSED,PENDING,2026-07-21 00:00:00,POSTED,2026-07-21 00:00:00,CREDIT,26700.55,27223.02,26700.55,27223.02,2026-07-21T15:54:57Z,2026-07-21T15:56:12Z,2026-07-21T17:50:57Z,2026-07-21T17:51:57Z,CLEARED,,,,,,,,,,,,,,,,,,,,,,,,,,,,,,,,,,,,,,,,,,,,,,,,,,,,,,,,,,,,,,,
ACH,POST,ACH-MTB-100103,INDIVIDUAL,IND-0014,EXTERNAL_INDIVIDUAL,EXT-P-3816,CREDIT,,,,,,,,,,,,,,,,,,,,,,,,,,,,,,,,,,,,,,,,,2026-06-27T20:32:17Z,True,2026-06-27T20:32:29Z,1880,15000,False,5,,SETTLED,2026-06-28T08:32:17Z,2026-06-29T09:29:17Z,1497,True,False,0,,IDEMP-ACH-MTB-100103,,PASSED,,,,,,1,10,139209.99,55766.26,False,54,10000,3.163,,[],False,,,,,,,,,,,,,,SETTLED,,SETL-ACH-MTB-100103,2026-06-29 00:00:00,,,,,,,,,,,,,,,,,,,,,,,,PENDING,2026-06-30T10:29:17Z,0,True,LEDG-ACH-MTB-100103,31626.14,31626.14,SETL-ACH-MTB-100103,False,False,False,False,,,,,,,,,,,,,,,,,,,,,,,,,PASSED,,PASSED,,,[],,,,,False,2025-09-09 00:00:00,41,291,False,1844715214,3,7,False,[],36483.54,,,,,,,,,31626.14,,,,,,,,,,,,,,,,,,,,Meridian Trust Bank,ODFI,407350303,Mark Smith,IND98610,9308699046,Meridian Trust Bank,Ironbridge National Bank,Sandra Thompson,1844715214,SAVINGS,910350336,,27,CREDIT,31626.14,USD,2026-06-28 00:00:00,BILL PAY,BATCH-20260627-20,WEB,225,10,FILE-MTB-20260627-002,2026-06-27 00:00:00,203217,S,498592409882589,,PASSED,PASSED,ACKNOWLEDGED,2026-06-28 00:00:00,POSTED,2026-06-29 00:00:00,CREDIT,23750.27,55376.41,23750.27,55376.41,2026-06-27T20:32:17Z,2026-06-27T20:33:32Z,2026-06-29T09:29:17Z,2026-06-29T09:30:17Z,CLEARED,,,,,,,,,,,,,,,,,,,,,,,,,,,,,,,,,,,,,,,,,,,,,,,,,,,,,,,,,,,,,,,
ACH,POST,ACH-MTB-100109,INDIVIDUAL,IND-0068,EXTERNAL_INDIVIDUAL,EXT-P-3922,CREDIT,,,,,,,,,,,,,,,,,,,,,,,,,,,,,,,,,,,,,,,,,2026-08-08T04:21:00Z,True,2026-08-08T04:21:03Z,2359,15000,False,5,,SETTLED,2026-08-09T04:21:00Z,2026-08-09T04:59:00Z,38,True,False,0,,IDEMP-ACH-MTB-100109,,PASSED,,,,,,1,9,96742.57,53017.64,False,54,10000,4.932,,[],False,,,,,,,,,,,,,,SETTLED,,SETL-ACH-MTB-100109,2026-08-09 00:00:00,,,,,,,,,,,,,,,,,,,,,,,,MATCHED,2026-08-09T08:59:00Z,0,True,LEDG-ACH-MTB-100109,49319.23,49319.23,SETL-ACH-MTB-100109,False,False,False,False,,,,,,,,,,,,,,,,,,,,,,,,,PASSED,,PASSED,,,[],,,,,False,2025-10-10 00:00:00,33,302,False,5508136255,1,2,False,[],43237.21,,,,,,,,,49319.23,,,,,,,,,,,,,,,,,,,,Meridian Trust Bank,ODFI,908951301,Jason Hernandez,IND55577,5901928858,Meridian Trust Bank,Cascade Point Bank,William Brown,5508136255,SAVINGS,436392337,,27,CREDIT,49319.23,USD,2026-08-09 00:00:00,BILL PAY,BATCH-20260808-17,WEB,200,15,FILE-MTB-20260808-001,2026-08-08 00:00:00,42100,U,526756708904572,,PASSED,PASSED,ACKNOWLEDGED,2026-08-09 00:00:00,POSTED,2026-08-09 00:00:00,CREDIT,33735.84,83055.07,33735.84,83055.07,2026-08-08T04:21:00Z,2026-08-08T04:22:15Z,2026-08-09T04:59:00Z,2026-08-09T05:00:00Z,CLEARED,,,,,,,,,,,,,,,,,,,,,,,,,,,,,,,,,,,,,,,,,,,,,,,,,,,,,,,,,,,,,,,
ACH,POST,ACH-MTB-100168,MERCHANT,MERCH-003,EXTERNAL_INDIVIDUAL,EXT-P-2759,CREDIT,,,,,,,,,,,,,,,,,,,,,,,,,,,,,,,,,,,,,,,,,2026-08-18T14:00:16Z,True,2026-08-18T14:00:21Z,3939,15000,False,0,,SETTLED,2026-08-19T14:00:16Z,2026-08-19T14:27:16Z,27,True,False,0,,IDEMP-ACH-MTB-100168,,PASSED,,,,,,1,9,10816.35,7519.36,False,51,10000,0.385,,[],False,,,,,,,,,,,,,,SETTLED,,SETL-ACH-MTB-100168,2026-08-19 00:00:00,,,,,,,,,,,,,,,,,,,,,,,,NOT_YET_RECONCILED,,0,True,LEDG-ACH-MTB-100168,3847.06,3847.06,SETL-ACH-MTB-100168,False,True,False,False,,,,,,,,,,,,,,,,,,,,,,,,,PASSED,,PASSED,,,[],,,,,False,2024-03-29 00:00:00,60,872,False,7181734607,5,9,True,[],3974.12,,,,,,,,,3847.06,,,,,,,,,,,,,,,,,,,,Meridian Trust Bank,ODFI,146783778,Harbor & Vine Grocers,CORP45692,8112126311,Northstar Payment Solutions,Cascade Point Bank,Patricia Allen,7181734607,CHECKING,903588017,MERCH-003,32,CREDIT,3847.06,USD,2026-08-19 00:00:00,VENDOR PMT,BATCH-20260818-2,WEB,200,47,FILE-MTB-20260818-002,2026-08-18 00:00:00,140016,L,394603332885012,,PASSED,PASSED,ACKNOWLEDGED,2026-08-19 00:00:00,POSTED,2026-08-19 00:00:00,CREDIT,42990.85,46837.91,42990.85,46837.91,2026-08-18T14:00:16Z,2026-08-18T14:01:31Z,2026-08-19T14:27:16Z,2026-08-19T14:28:16Z,CLEARED,,,,,,,,,,,,,,,,,,,,,,,,,,,,,,,,,,,,,,,,,,,,,,,,,,,,,,,,,,,,,,,
ACH,POST,ACH-MTB-100174,MERCHANT,MERCH-006,EXTERNAL_INDIVIDUAL,EXT-P-5841,CREDIT,,,,,,,,,,,,,,,,,,,,,,,,,,,,,,,,,,,,,,,,,2026-06-29T00:50:20Z,True,2026-06-29T00:50:22Z,2865,15000,False,0,,SETTLED,2026-07-01T00:50:20Z,2026-07-01T01:19:20Z,29,True,False,0,,IDEMP-ACH-MTB-100174,,PASSED,,,,,,3,12,3197.24,1839.63,True,56,10000,0.146,,[],False,,,,,,,,,,,,,,SETTLED,,SETL-ACH-MTB-100174,2026-07-01 00:00:00,,,,,,,,,,,,,,,,,,,,,,,,NOT_YET_RECONCILED,,0,True,LEDG-ACH-MTB-100174,1455.61,1455.61,SETL-ACH-MTB-100174,False,False,True,False,,,,,,,,,,,,,,,,,,,,,,,,,PASSED,,PASSED,,,[],,,,,False,2023-04-09 00:00:00,27,1177,False,8379216265,1,1,False,[],1569.74,,,,,,,,,1455.61,,,,,,,,,,,,,,,,,,,,Meridian Trust Bank,ODFI,698010503,Redgate Wholesale Foods,CORP44534,3264421990,Meridian Trust Bank,Cascade Point Bank,Joseph Perez,8379216265,CHECKING,504711249,MERCH-006,22,CREDIT,1455.61,USD,2026-06-30 00:00:00,VENDOR PMT,BATCH-20260629-15,WEB,200,35,FILE-MTB-20260629-003,2026-06-29 00:00:00,5020,G,234441577727089,,PASSED,PASSED,ACKNOWLEDGED,2026-07-01 00:00:00,POSTED,2026-07-01 00:00:00,CREDIT,46387.9,47843.51,46387.9,47843.51,2026-06-29T00:50:20Z,2026-06-29T00:51:35Z,2026-07-01T01:19:20Z,2026-07-01T01:20:20Z,CLEARED,,,,,,,,,,,,,,,,,,,,,,,,,,,,,,,,,,,,,,,,,,,,,,,,,,,,,,,,,,,,,,,
ACH,POST,ACH-MTB-100163,MERCHANT,MERCH-001,EXTERNAL_INDIVIDUAL,EXT-P-7176,CREDIT,,,,,,,,,,,,,,,,,,,,,,,,,,,,,,,,,,,,,,,,,2026-06-29T07:33:21Z,True,2026-06-29T07:33:24Z,2335,15000,False,0,,SETTLED,2026-06-30T07:33:21Z,2026-06-30T08:23:21Z,50,True,False,0,,IDEMP-ACH-MTB-100163,,PASSED,,,,,,1,7,6801.58,4404.26,False,38,10000,0.158,,[],False,,,,,,,,,,,,,,SETTLED,,SETL-ACH-MTB-100163,2026-06-30 00:00:00,,,,,,,,,,,,,,,,,,,,,,,,BREAK,2026-06-30T15:23:21Z,18.27,False,LEDG-ACH-MTB-100163,1581.88,1600.15,SETL-ACH-MTB-100163,False,False,False,False,,,,,,,,,,,,,,,,,,,,,,,,,PASSED,,PASSED,,,[],,,,,False,2024-09-30 00:00:00,42,637,False,701050044,1,4,False,[],1570.88,,,,,,,,,1581.88,,,,,,,,,,,,,,,,,,,,Meridian Trust Bank,ODFI,66863016,Bluepeak Hardware Supply,CORP46144,2813398050,Meridian Trust Bank,Summit Ridge Bank,Donna Robinson,701050044,CHECKING,115424691,MERCH-001,32,CREDIT,1581.88,USD,2026-06-30 00:00:00,PAYROLL,BATCH-20260629-16,WEB,200,43,FILE-MTB-20260629-004,2026-06-29 00:00:00,73321,K,902134564130994,,PASSED,PASSED,ACKNOWLEDGED,2026-06-30 00:00:00,POSTED,2026-06-30 00:00:00,CREDIT,36637.61,38237.76,36637.61,38237.76,2026-06-29T07:33:21Z,2026-06-29T07:34:36Z,2026-06-30T08:23:21Z,2026-06-30T08:24:21Z,CLEARED,,,,,,,,,,,,,,,,,,,,,,,,,,,,,,,,,,,,,,,,,,,,,,,,,,,,,,,,,,,,,,,
ACH,POST,ACH-MTB-100504,MERCHANT,MERCH-010,EXTERNAL_INDIVIDUAL,EXT-P-3245,DEBIT,,,,,,,,,,,,,,,,,,,,,,,,,,,,,,,,,,,,,,,,,2026-07-03T10:02:19Z,True,2026-07-03T10:02:34Z,2125,15000,False,5,,SETTLED,2026-07-03T14:02:19Z,2026-07-03T14:39:19Z,37,True,True,2,ACH-MTB-100194,IDEMP-ACH-MTB-100194,,PASSED,,,,,,5,5,6350.1,3320.26,False,33,10000,0.259,,[],False,,,,,,,,,,,,,,SETTLED,,SETL-ACH-MTB-100504,2026-07-03 00:00:00,,,,,,,,,,,,,,,,,,,,,,,,BREAK,2026-07-04T11:39:19Z,0,True,LEDG-ACH-MTB-100504,2588.67,2588.67,SETL-ACH-MTB-100504,False,False,False,False,,,,,,,,,,,,,,,,,,,,,,,,,PASSED,,PASSED,,,[],,,,,False,2025-05-17 00:00:00,43,412,False,6942723559,1,5,False,[],2074.45,,,,,,,,,2588.67,,,,,,,,,,,,,,,,,,,,Meridian Trust Bank,ODFI,541997681,Wrenfield Pharmacy Group,CORP18667,4806704660,Vertex Commerce Pay,Ironbridge National Bank,Betty Nguyen,6942723559,SAVINGS,388117325,MERCH-010,32,DEBIT,2588.67,USD,2026-07-04 00:00:00,BILL PAY,BATCH-20260703-5,CCD,225,3,FILE-MTB-20260703-001,2026-07-03 00:00:00,100219,A,169807413476882,,PASSED,PASSED,ACKNOWLEDGED,2026-07-03 00:00:00,POSTED,2026-07-03 00:00:00,DEBIT,25219.49,22630.82,25219.49,22630.82,2026-07-03T10:02:19Z,2026-07-03T10:03:34Z,2026-07-03T14:39:19Z,2026-07-03T14:40:19Z,CLEARED,,,,,,,,,,,,,,,,,,,,,,,,,,,,,,,,,,,,,,,,,,,,,,,,,,,,,,,,,,,,,,,
ACH,POST,ACH-MTB-100123,INDIVIDUAL,IND-0016,EXTERNAL_INDIVIDUAL,EXT-P-8898,CREDIT,,,,,,,,,,,,,,,,,,,,,,,,,,,,,,,,,,,,,,,,,2026-07-30T11:20:06Z,True,2026-07-30T11:20:19Z,232,15000,False,0,,SETTLED,2026-07-30T23:20:06Z,2026-07-31T00:00:06Z,40,True,False,0,,IDEMP-ACH-MTB-100123,,PASSED,,,,,,5,14,56198.72,34126.38,True,72,10000,1.276,,[],False,,,,,,,,,,,,,,SETTLED,,SETL-ACH-MTB-100123,2026-07-31 00:00:00,,,,,,,,,,,,,,,,,,,,,,,,MATCHED,2026-08-01T11:00:06Z,0,True,LEDG-ACH-MTB-100123,12760.74,12760.74,SETL-ACH-MTB-100123,False,True,True,False,,,,,,,,,,,,,,,,,,,,,,,,,PASSED,,PASSED,,,[],,,,,False,2024-03-20 00:00:00,39,862,False,8866751853,5,9,True,[],15592.8,,,,,,,,,12760.74,,,,,,,,,,,,,,,,,,,,Meridian Trust Bank,ODFI,247698689,Laura Jones,IND28311,5061690864,Meridian Trust Bank,Summit Ridge Bank,Richard Clark,8866751853,CHECKING,661248166,,37,CREDIT,12760.74,USD,2026-07-31 00:00:00,BILL PAY,BATCH-20260730-14,PPD,200,18,FILE-MTB-20260730-005,2026-07-30 00:00:00,112006,E,786521173506595,,PASSED,PASSED,ACKNOWLEDGED,2026-07-30 00:00:00,POSTED,2026-07-31 00:00:00,CREDIT,6265.56,19026.3,6265.56,19026.3,2026-07-30T11:20:06Z,2026-07-30T11:21:21Z,2026-07-31T00:00:06Z,2026-07-31T00:01:06Z,CLEARED,,,,,,,,,,,,,,,,,,,,,,,,,,,,,,,,,,,,,,,,,,,,,,,,,,,,,,,,,,,,,,,
ACH,POST,ACH-MTB-100183,MERCHANT,MERCH-005,EXTERNAL_INDIVIDUAL,EXT-P-4915,DEBIT,,,,,,,,,,,,,,,,,,,,,,,,,,,,,,,,,,,,,,,,,2026-07-06T14:39:33Z,True,2026-07-06T14:39:42Z,4020,15000,False,0,,SETTLED,2026-07-06T15:39:33Z,2026-07-06T16:18:33Z,39,True,False,0,,IDEMP-ACH-MTB-100183,,PASSED,,,,,,1,1,210160.33,124391.71,False,19,10000,4.896,,[],False,,,,,,,,,,,,,,SETTLED,,SETL-ACH-MTB-100183,2026-07-06 00:00:00,,,,,,,,,,,,,,,,,,,,,,,,MATCHED,2026-07-07T23:18:33Z,0,True,LEDG-ACH-MTB-100183,48956.56,48956.56,SETL-ACH-MTB-100183,False,False,False,False,,,,,,,,,,,,,,,,,,,,,,,,,PASSED,,PASSED,,,[],,,,,False,2023-06-08 00:00:00,26,1124,False,3736824902,2,4,False,[],48157.09,,,,,,,,,48956.56,,,,,,,,,,,,,,,,,,,,Meridian Trust Bank,ODFI,360976505,Solstice Digital Print,CORP41137,2260323791,Meridian Trust Bank,Summit Ridge Bank,Donna Anderson,3736824902,SAVINGS,114260831,MERCH-005,37,DEBIT,48956.56,USD,2026-07-07 00:00:00,VENDOR PMT,BATCH-20260706-3,WEB,225,1,FILE-MTB-20260706-002,2026-07-06 00:00:00,143933,X,412173036259595,,PASSED,PASSED,ACKNOWLEDGED,2026-07-06 00:00:00,POSTED,2026-07-06 00:00:00,DEBIT,35963.99,-12992.57,35963.99,-12992.57,2026-07-06T14:39:33Z,2026-07-06T14:40:48Z,2026-07-06T16:18:33Z,2026-07-06T16:19:33Z,CLEARED,,,,,,,,,,,,,,,,,,,,,,,,,,,,,,,,,,,,,,,,,,,,,,,,,,,,,,,,,,,,,,,
ACH,POST,ACH-MTB-100190,MERCHANT,MERCH-005,EXTERNAL_INDIVIDUAL,EXT-P-1069,CREDIT,,,,,,,,,,,,,,,,,,,,,,,,,,,,,,,,,,,,,,,,,2026-08-22T11:28:18Z,True,2026-08-22T11:28:19Z,4074,15000,False,0,,SETTLED,2026-08-24T11:28:18Z,2026-08-24T12:21:18Z,53,True,False,0,,IDEMP-ACH-MTB-100190,,PASSED,,,,,,3,3,24312.71,12559.73,False,29,10000,0.554,,[],False,,,,,,,,,,,,,,SETTLED,,SETL-ACH-MTB-100190,2026-08-24 00:00:00,,,,,,,,,,,,,,,,,,,,,,,,MATCHED,2026-08-25T16:21:18Z,0,True,LEDG-ACH-MTB-100190,5543.21,5543.21,SETL-ACH-MTB-100190,False,False,False,False,,,,,,,,,,,,,,,,,,,,,,,,,PASSED,,PASSED,,,[],,,,,False,2025-02-11 00:00:00,4,557,False,3128840715,1,3,False,[],5872.09,,,,,,,,,5543.21,,,,,,,,,,,,,,,,,,,,Meridian Trust Bank,ODFI,35860175,Solstice Digital Print,CORP38548,2260323791,Meridian Trust Bank,Ironbridge National Bank,Joseph Harris,3128840715,CHECKING,266389318,MERCH-005,32,CREDIT,5543.21,USD,2026-08-23 00:00:00,PAYROLL,BATCH-20260822-3,WEB,200,22,FILE-MTB-20260822-003,2026-08-22 00:00:00,112818,D,149534281988399,,PASSED,PASSED,ACKNOWLEDGED,2026-08-24 00:00:00,POSTED,2026-08-24 00:00:00,CREDIT,28072.87,33616.08,28072.87,33616.08,2026-08-22T11:28:18Z,2026-08-22T11:29:33Z,2026-08-24T12:21:18Z,2026-08-24T12:22:18Z,CLEARED,,,,,,,,,,,,,,,,,,,,,,,,,,,,,,,,,,,,,,,,,,,,,,,,,,,,,,,,,,,,,,,
ACH,POST,ACH-MTB-100138,INDIVIDUAL,IND-0026,EXTERNAL_INDIVIDUAL,EXT-P-8049,CREDIT,,,,,,,,,,,,,,,,,,,,,,,,,,,,,,,,,,,,,,,,,2026-07-18T11:20:17Z,True,2026-07-18T11:20:29Z,1488,15000,False,0,,SETTLED,2026-07-18T23:20:17Z,2026-07-19T00:14:17Z,54,True,False,0,,IDEMP-ACH-MTB-100138,,PASSED,,,,,,3,4,4584.64,1995.46,False,27,10000,0.228,,[],False,,,,,,,,,,,,,,SETTLED,,SETL-ACH-MTB-100138,2026-07-19 00:00:00,,,,,,,,,,,,,,,,,,,,,,,,MATCHED,2026-07-20T05:14:17Z,0,True,LEDG-ACH-MTB-100138,2275.09,2275.09,SETL-ACH-MTB-100138,False,True,False,False,,,,,,,,,,,,,,,,,,,,,,,,,PASSED,,PASSED,,,[],,,,,False,2023-07-17 00:00:00,34,1097,False,2954459360,5,8,True,[],2516.85,,,,,,,,,2275.09,,,,,,,,,,,,,,,,,,,,Meridian Trust Bank,ODFI,826166253,Kathleen Clark,IND50222,3953571611,Meridian Trust Bank,Cascade Point Bank,Melissa Scott,2954459360,SAVINGS,92788363,,22,CREDIT,2275.09,USD,2026-07-19 00:00:00,TRANSFER,BATCH-20260718-16,CCD,220,15,FILE-MTB-20260718-002,2026-07-18 00:00:00,112017,E,116476322842126,,PASSED,PASSED,ACKNOWLEDGED,2026-07-18 00:00:00,POSTED,2026-07-19 00:00:00,CREDIT,13774.68,16049.77,13774.68,16049.77,2026-07-18T11:20:17Z,2026-07-18T11:21:32Z,2026-07-19T00:14:17Z,2026-07-19T00:15:17Z,CLEARED,,,,,,,,,,,,,,,,,,,,,,,,,,,,,,,,,,,,,,,,,,,,,,,,,,,,,,,,,,,,,,,
ACH,POST,ACH-MTB-100155,MERCHANT,MERCH-005,INDIVIDUAL,IND-0036,CREDIT,,,,,,,,,,,,,,,,,,,,,,,,,,,,,,,,,,,,,,,,,2026-07-26T02:03:47Z,True,2026-07-26T02:04:00Z,3991,15000,False,0,,SETTLED,2026-07-28T02:03:47Z,2026-07-28T02:21:47Z,18,True,False,0,,IDEMP-ACH-MTB-100155,,PASSED,,,,,,3,5,67372.72,44657.97,False,37,10000,4.012,,[],False,,,,,,,,,,,,,,SETTLED,,SETL-ACH-MTB-100155,2026-07-28 00:00:00,,,,,,,,,,,,,,,,,,,,,,,,MATCHED,2026-07-29T12:21:47Z,0,True,LEDG-ACH-MTB-100155,40116.67,40116.67,SETL-ACH-MTB-100155,False,False,False,False,,,,,,,,,,,,,,,,,,,,,,,,,PASSED,,PASSED,,,[],,,,,False,2024-02-21 00:00:00,30,886,False,1515185860,1,2,False,[],34453.48,,,,,,,,,40116.67,,,,,,,,,,,,,,,,,,,,Meridian Trust Bank,ODFI,56455858,Solstice Digital Print,CORP22500,2260323791,Meridian Trust Bank,Cascade Point Bank,Kathleen Wright,1515185860,CHECKING,498531281,MERCH-005,22,CREDIT,40116.67,USD,2026-07-27 00:00:00,BILL PAY,BATCH-20260726-1,PPD,200,13,FILE-MTB-20260726-005,2026-07-26 00:00:00,20347,I,344398590164635,,PASSED,PASSED,ACKNOWLEDGED,2026-07-28 00:00:00,POSTED,2026-07-28 00:00:00,CREDIT,32788.44,72905.11,32788.44,72905.11,2026-07-26T02:03:47Z,2026-07-26T02:05:02Z,2026-07-28T02:21:47Z,2026-07-28T02:22:47Z,CLEARED,,,,,,,,,,,,,,,,,,,,,,,,,,,,,,,,,,,,,,,,,,,,,,,,,,,,,,,,,,,,,,,
ACH,POST,ACH-MTB-100145,INDIVIDUAL,IND-0096,EXTERNAL_INDIVIDUAL,EXT-P-2225,CREDIT,,,,,,,,,,,,,,,,,,,,,,,,,,,,,,,,,,,,,,,,,2026-06-26T18:12:12Z,True,2026-06-26T18:12:13Z,2370,15000,False,0,,SETTLED,2026-06-28T18:12:12Z,2026-06-28T18:34:12Z,22,True,False,0,,IDEMP-ACH-MTB-100145,,PASSED,,,,,,1,3,3639.19,1291.3,False,31,10000,0.181,,[],False,,,,,,,,,,,,,,SETTLED,,SETL-ACH-MTB-100145,2026-06-28 00:00:00,,,,,,,,,,,,,,,,,,,,,,,,MATCHED,2026-06-29T13:34:12Z,0,True,LEDG-ACH-MTB-100145,1805.44,1805.44,SETL-ACH-MTB-100145,False,False,False,False,,,,,,,,,,,,,,,,,,,,,,,,,PASSED,,PASSED,,,[],,,,,False,2024-01-12 00:00:00,42,896,False,4122871237,1,2,False,[],1869.66,,,,,,,,,1805.44,,,,,,,,,,,,,,,,,,,,Meridian Trust Bank,ODFI,530300631,Laura Jackson,IND95985,5507439922,Meridian Trust Bank,Ironbridge National Bank,Charles Young,4122871237,CHECKING,806501106,,22,CREDIT,1805.44,USD,2026-06-27 00:00:00,TRANSFER,BATCH-20260626-5,WEB,200,16,FILE-MTB-20260626-003,2026-06-26 00:00:00,181212,W,712902345911698,,PASSED,PASSED,ACKNOWLEDGED,2026-06-28 00:00:00,POSTED,2026-06-28 00:00:00,CREDIT,20377.34,22182.78,20377.34,22182.78,2026-06-26T18:12:12Z,2026-06-26T18:13:27Z,2026-06-28T18:34:12Z,2026-06-28T18:35:12Z,CLEARED,,,,,,,,,,,,,,,,,,,,,,,,,,,,,,,,,,,,,,,,,,,,,,,,,,,,,,,,,,,,,,,
ACH,POST,ACH-MTB-100199,MERCHANT,MERCH-010,EXTERNAL_INDIVIDUAL,EXT-P-1147,CREDIT,,,,,,,,,,,,,,,,,,,,,,,,,,,,,,,,,,,,,,,,,2026-07-24T05:11:18Z,True,2026-07-24T05:11:28Z,1857,15000,False,51,,SETTLED,2026-07-26T05:11:18Z,2026-07-26T06:01:18Z,50,True,False,0,,IDEMP-ACH-MTB-100199,,PASSED,,,,,,1,3,1655.9,687.19,False,25,10000,0.114,,[],False,,,,,,,,,,,,,,SETTLED,,SETL-ACH-MTB-100199,2026-07-26 00:00:00,,,,,,,,,,,,,,,,,,,,,,,,MATCHED,2026-07-26T21:01:18Z,0,True,LEDG-ACH-MTB-100199,1139.81,1139.81,SETL-ACH-MTB-100199,False,False,False,False,,,,,,,,,,,,,,,,,,,,,,,,,PASSED,,PASSED,,,[],,,,,False,2024-04-06 00:00:00,36,839,False,9526760620,2,5,False,[],1421.73,,,,,,,,,1139.81,,,,,,,,,,,,,,,,,,,,Meridian Trust Bank,ODFI,390543558,Wrenfield Pharmacy Group,CORP61055,4806704660,Vertex Commerce Pay,Cascade Point Bank,Susan Williams,9526760620,CHECKING,171828976,MERCH-010,27,CREDIT,1139.81,USD,2026-07-25 00:00:00,BILL PAY,BATCH-20260724-15,CCD,220,50,FILE-MTB-20260724-005,2026-07-24 00:00:00,51118,F,928792885162905,,PASSED,PASSED,ACKNOWLEDGED,2026-07-26 00:00:00,POSTED,2026-07-26 00:00:00,CREDIT,42858.44,43998.25,42858.44,43998.25,2026-07-24T05:11:18Z,2026-07-24T05:12:33Z,2026-07-26T06:01:18Z,2026-07-26T06:02:18Z,CLEARED,,,,,,,,,,,,,,,,,,,,,,,,,,,,,,,,,,,,,,,,,,,,,,,,,,,,,,,,,,,,,,,
ACH,POST,ACH-MTB-100193,MERCHANT,MERCH-004,INDIVIDUAL,IND-0007,CREDIT,,,,,,,,,,,,,,,,,,,,,,,,,,,,,,,,,,,,,,,,,2026-07-25T05:53:54Z,True,2026-07-25T05:53:58Z,2052,15000,False,91,,SETTLED,2026-07-25T17:53:54Z,2026-07-25T17:58:54Z,5,True,False,0,,IDEMP-ACH-MTB-100193,,PASSED,,,,,,1,10,32103.98,17178.04,False,52,10000,1.03,,[],False,,,,,,,,,,,,,,SETTLED,,SETL-ACH-MTB-100193,2026-07-25 00:00:00,,,,,,,,,,,,,,,,,,,,,,,,MATCHED,2026-07-26T22:58:54Z,0,True,LEDG-ACH-MTB-100193,10300.39,10300.39,SETL-ACH-MTB-100193,False,False,False,False,,,,,,,,,,,,,,,,,,,,,,,,,PASSED,,PASSED,,,[],,,,,False,2026-01-13 00:00:00,47,193,False,6799249566,1,5,False,[],11449.23,,,,,,,,,10300.39,,,,,,,,,,,,,,,,,,,,Meridian Trust Bank,ODFI,444327287,Pinehollow Auto Parts,CORP82791,3061977058,Vertex Commerce Pay,Cascade Point Bank,Karen Robinson,6799249566,SAVINGS,292750148,MERCH-004,37,CREDIT,10300.39,USD,2026-07-26 00:00:00,VENDOR PMT,BATCH-20260725-6,PPD,225,49,FILE-MTB-20260725-004,2026-07-25 00:00:00,55354,D,546557645749296,,PASSED,PASSED,ACKNOWLEDGED,2026-07-25 00:00:00,POSTED,2026-07-25 00:00:00,CREDIT,44129.03,54429.42,44129.03,54429.42,2026-07-25T05:53:54Z,2026-07-25T05:55:09Z,2026-07-25T17:58:54Z,2026-07-25T17:59:54Z,CLEARED,,,,,,,,,,,,,,,,,,,,,,,,,,,,,,,,,,,,,,,,,,,,,,,,,,,,,,,,,,,,,,,
ACH,POST,ACH-MTB-100114,INDIVIDUAL,IND-0100,INDIVIDUAL,IND-0091,CREDIT,,,,,,,,,,,,,,,,,,,,,,,,,,,,,,,,,,,,,,,,,2026-08-16T02:52:04Z,True,2026-08-16T02:52:07Z,3331,15000,False,51,,SETTLED,2026-08-16T03:52:04Z,2026-08-16T04:12:04Z,20,True,False,0,,IDEMP-ACH-MTB-100114,,PASSED,,,,,,1,7,45662.13,28661.33,False,45,10000,2.328,,[],False,,,,,,,,,,,,,,SETTLED,,SETL-ACH-MTB-100114,2026-08-16 00:00:00,,,,,,,,,,,,,,,,,,,,,,,,MATCHED,2026-08-16T18:12:04Z,0,True,LEDG-ACH-MTB-100114,23275.89,23275.89,SETL-ACH-MTB-100114,False,True,False,False,,,,,,,,,,,,,,,,,,,,,,,,,PASSED,,PASSED,,,[],,,,,False,2024-12-16 00:00:00,6,608,False,8072465285,5,8,True,[],22369.41,,,,,,,,,23275.89,,,,,,,,,,,,,,,,,,,,Meridian Trust Bank,ODFI,736908171,Betty Wright,IND24665,1304584672,Meridian Trust Bank,Ironbridge National Bank,David Clark,8072465285,SAVINGS,952197876,,32,CREDIT,23275.89,USD,2026-08-17 00:00:00,TRANSFER,BATCH-20260816-18,WEB,220,27,FILE-MTB-20260816-004,2026-08-16 00:00:00,25204,S,810332114000906,,PASSED,PASSED,ACKNOWLEDGED,2026-08-16 00:00:00,POSTED,2026-08-16 00:00:00,CREDIT,25843.02,49118.91,25843.02,49118.91,2026-08-16T02:52:04Z,2026-08-16T02:53:19Z,2026-08-16T04:12:04Z,2026-08-16T04:13:04Z,CLEARED,,,,,,,,,,,,,,,,,,,,,,,,,,,,,,,,,,,,,,,,,,,,,,,,,,,,,,,,,,,,,,,
ACH,POST,ACH-MTB-100125,INDIVIDUAL,IND-0097,EXTERNAL_INDIVIDUAL,EXT-P-4464,CREDIT,,,,,,,,,,,,,,,,,,,,,,,,,,,,,,,,,,,,,,,,,2026-07-24T19:22:09Z,True,2026-07-24T19:22:14Z,3069,15000,False,91,,SETTLED,2026-07-24T20:22:09Z,2026-07-25T18:57:09Z,1355,True,False,0,,IDEMP-ACH-MTB-100125,,PASSED,,,,,,2,2,29531.09,20508.51,False,24,10000,0.99,,[],False,,,,,,,,,,,,,,SETTLED,,SETL-ACH-MTB-100125,2026-07-25 00:00:00,,,,,,,,,,,,,,,,,,,,,,,,MATCHED,2026-07-26T13:57:09Z,0,True,LEDG-ACH-MTB-100125,9899.4,9899.4,SETL-ACH-MTB-100125,False,False,False,False,,,,,,,,,,,,,,,,,,,,,,,,,PASSED,,PASSED,,,[],,,,,False,2026-01-05 00:00:00,51,200,False,8477558574,1,2,False,[],15597.69,,,,,,,,,9899.4,,,,,,,,,,,,,,,,,,,,Meridian Trust Bank,ODFI,488081806,Linda Jones,IND37138,2038646560,Meridian Trust Bank,Summit Ridge Bank,Betty Lee,8477558574,CHECKING,867627619,,32,CREDIT,9899.4,USD,2026-07-25 00:00:00,VENDOR PMT,BATCH-20260724-19,PPD,220,5,FILE-MTB-20260724-003,2026-07-24 00:00:00,192209,M,100120370540592,,PASSED,PASSED,ACKNOWLEDGED,2026-07-24 00:00:00,POSTED,2026-07-25 00:00:00,CREDIT,24076.96,33976.36,24076.96,33976.36,2026-07-24T19:22:09Z,2026-07-24T19:23:24Z,2026-07-25T18:57:09Z,2026-07-25T18:58:09Z,CLEARED,,,,,,,,,,,,,,,,,,,,,,,,,,,,,,,,,,,,,,,,,,,,,,,,,,,,,,,,,,,,,,,
ACH,POST,ACH-MTB-100153,MERCHANT,MERCH-006,INDIVIDUAL,IND-0076,CREDIT,,,,,,,,,,,,,,,,,,,,,,,,,,,,,,,,,,,,,,,,,2026-08-16T18:50:07Z,True,2026-08-16T18:50:19Z,1775,15000,False,51,,SETTLED,2026-08-18T18:50:07Z,2026-08-18T19:05:07Z,15,True,False,0,,IDEMP-ACH-MTB-100153,,PASSED,,,,,,1,9,6772.92,3905.76,False,48,10000,0.194,,[],False,,,,,,,,,,,,,,SETTLED,,SETL-ACH-MTB-100153,2026-08-18 00:00:00,,,,,,,,,,,,,,,,,,,,,,,,BREAK,2026-08-20T03:05:07Z,-19.87,False,LEDG-ACH-MTB-100153,1943.42,1923.55,SETL-ACH-MTB-100153,False,False,False,False,,,,,,,,,,,,,,,,,,,,,,,,,PASSED,,PASSED,,,[],,,,,False,2025-12-05 00:00:00,16,254,False,3775249656,1,2,False,[],1680.11,,,,,,,,,1943.42,,,,,,,,,,,,,,,,,,,,Meridian Trust Bank,ODFI,428949757,Redgate Wholesale Foods,CORP30309,3264421990,Meridian Trust Bank,Ironbridge National Bank,James Johnson,3775249656,CHECKING,912106129,MERCH-006,27,CREDIT,1943.42,USD,2026-08-17 00:00:00,BILL PAY,BATCH-20260816-16,PPD,220,7,FILE-MTB-20260816-005,2026-08-16 00:00:00,185007,F,655398331535623,,PASSED,PASSED,ACKNOWLEDGED,2026-08-18 00:00:00,POSTED,2026-08-18 00:00:00,CREDIT,23985.67,25909.22,23985.67,25909.22,2026-08-16T18:50:07Z,2026-08-16T18:51:22Z,2026-08-18T19:05:07Z,2026-08-18T19:06:07Z,CLEARED,,,,,,,,,,,,,,,,,,,,,,,,,,,,,,,,,,,,,,,,,,,,,,,,,,,,,,,,,,,,,,,
ACH,POST,ACH-MTB-100110,INDIVIDUAL,IND-0001,EXTERNAL_INDIVIDUAL,EXT-P-2598,CREDIT,,,,,,,,,,,,,,,,,,,,,,,,,,,,,,,,,,,,,,,,,2026-08-04T22:32:01Z,False,,,15000,True,,,IN_TRANSIT,2026-08-06T22:32:01Z,,,False,False,0,,IDEMP-ACH-MTB-100110,,PASSED,,,,,,1,7,33183.1,12269.17,False,44,10000,1.264,,[],False,,,,,,,,,,,,,,PENDING,,,,,,,,,,,,,,,,,,,,,,,,,,,NOT_APPLICABLE,,,,,,,,False,False,False,False,,,,,,,,,,,,,,,,,,,,,,,,,PASSED,,PASSED,,,[],,,,,False,2023-12-05 00:00:00,45,973,False,7501298681,8,12,False,[],15916.16,,,,,,,,,,,,,,,,,,,,,,,,,,,,,Meridian Trust Bank,ODFI,796985625,Karen Lee,IND43025,5581265757,Meridian Trust Bank,Summit Ridge Bank,Ashley Wilson,7501298681,CHECKING,912453891,,32,CREDIT,12642.19,USD,2026-08-05 00:00:00,BILL PAY,BATCH-20260804-17,PPD,200,2,FILE-MTB-20260804-002,2026-08-04 00:00:00,223201,W,726325729813380,,PASSED,PASSED,PENDING,2026-08-06 00:00:00,NOT_POSTED,,CREDIT,48235.87,48235.87,48235.87,48235.87,2026-08-04T22:32:01Z,2026-08-04T22:33:16Z,,,,,,,,,,,,,,,,,,,,,,,,,,,,,,,,,,,,,,,,,,,,,,,,,,,,,,,,,,,,,,,,,,
ACH,POST,ACH-MTB-100140,INDIVIDUAL,IND-0019,EXTERNAL_INDIVIDUAL,EXT-P-1917,CREDIT,,,,,,,,,,,,,,,,,,,,,,,,,,,,,,,,,,,,,,,,,2026-07-30T14:52:25Z,True,2026-07-30T14:52:34Z,863,15000,False,5,,SETTLED,2026-07-30T15:52:25Z,2026-07-30T16:35:25Z,43,True,False,0,,IDEMP-ACH-MTB-100140,,PASSED,,,,,,2,5,10240.64,8067.09,False,30,10000,0.961,,[],True,,,,,,,,,,,,,,SETTLED,,SETL-ACH-MTB-100140,2026-07-30 00:00:00,,,,,,,,,,,,,,,,,,,,,,,,NOT_YET_RECONCILED,,0,True,LEDG-ACH-MTB-100140,9608.29,9608.29,SETL-ACH-MTB-100140,False,False,False,True,,,,,,,,,,,,,,,,,,,,,,,,,PASSED,,PASSED,,,[],,,,,False,2024-06-14 00:00:00,33,776,False,5465442710,1,3,False,[],18524.68,,,,,,,,,9608.29,,,,,,,,,,,,,,,,,,,,Meridian Trust Bank,ODFI,487984705,Amanda Moore,IND42633,8829864786,Meridian Trust Bank,Summit Ridge Bank,Ronald King,5465442710,CHECKING,136000663,,22,CREDIT,9608.29,USD,2026-07-31 00:00:00,BILL PAY,BATCH-20260730-9,CCD,225,7,FILE-MTB-20260730-004,2026-07-30 00:00:00,145225,L,430162342491607,,PASSED,PASSED,ACKNOWLEDGED,2026-07-30 00:00:00,POSTED,2026-07-30 00:00:00,CREDIT,2442.48,12050.77,2442.48,12050.77,2026-07-30T14:52:25Z,2026-07-30T14:53:40Z,2026-07-30T16:35:25Z,2026-07-30T16:36:25Z,CLEARED,,,,,,,,,,,,,,,,,,,,,,,,,,,,,,,,,,,,,,,,,,,,,,,,,,,,,,,,,,,,,,,
ACH,POST,ACH-MTB-100144,INDIVIDUAL,IND-0050,EXTERNAL_INDIVIDUAL,EXT-P-7640,CREDIT,,,,,,,,,,,,,,,,,,,,,,,,,,,,,,,,,,,,,,,,,2026-07-09T11:15:00Z,True,2026-07-09T11:15:14Z,3937,15000,False,91,,SETTLED,2026-07-11T11:15:00Z,2026-07-11T11:56:00Z,41,True,False,0,,IDEMP-ACH-MTB-100144,,PASSED,,,,,,5,7,882.37,337.47,False,44,10000,0.026,,[],False,,,,,,,,,,,,,,SETTLED,,SETL-ACH-MTB-100144,2026-07-11 00:00:00,,,,,,,,,,,,,,,,,,,,,,,,MATCHED,2026-07-12T07:56:00Z,0,True,LEDG-ACH-MTB-100144,263.31,263.31,SETL-ACH-MTB-100144,False,False,False,False,,,,,,,,,,,,,,,,,,,,,,,,,PASSED,,PASSED,,,[],,,,,False,2024-12-06 00:00:00,19,580,False,366468511,2,2,False,[],340.42,,,,,,,,,263.31,,,,,,,,,,,,,,,,,,,,Meridian Trust Bank,ODFI,545792935,Amanda Hill,IND57753,3331981298,Meridian Trust Bank,Ironbridge National Bank,William Rodriguez,366468511,SAVINGS,330719694,,22,CREDIT,263.31,USD,2026-07-10 00:00:00,PAYROLL,BATCH-20260709-2,CCD,200,16,FILE-MTB-20260709-001,2026-07-09 00:00:00,111500,K,230210191812729,,PASSED,PASSED,ACKNOWLEDGED,2026-07-11 00:00:00,POSTED,2026-07-11 00:00:00,CREDIT,4039.62,4302.93,4039.62,4302.93,2026-07-09T11:15:00Z,2026-07-09T11:16:15Z,2026-07-11T11:56:00Z,2026-07-11T11:57:00Z,CLEARED,,,,,,,,,,,,,,,,,,,,,,,,,,,,,,,,,,,,,,,,,,,,,,,,,,,,,,,,,,,,,,,
ACH,POST,ACH-MTB-100107,INDIVIDUAL,IND-0073,EXTERNAL_INDIVIDUAL,EXT-P-8770,DEBIT,,,,,,,,,,,,,,,,,,,,,,,,,,,,,,,,,,,,,,,,,2026-07-21T15:39:46Z,True,2026-07-21T15:39:55Z,1378,15000,False,0,,SETTLED,2026-07-21T19:39:46Z,2026-07-21T20:17:46Z,38,True,False,0,,IDEMP-ACH-MTB-100107,,PASSED,,,,,,2,7,95226.46,35665.69,False,43,10000,4.906,,[],False,,,,,,,,,,,,,,SETTLED,,SETL-ACH-MTB-100107,2026-07-21 00:00:00,,,,,,,,,,,,,,,,,,,,,,,,MATCHED,2026-07-22T21:17:46Z,0,True,LEDG-ACH-MTB-100107,49059.6,49059.6,SETL-ACH-MTB-100107,False,False,False,False,,,,,,,,,,,,,,,,,,,,,,,,,PASSED,,PASSED,,,[],,,,,True,2026-07-21 00:00:00,0,0,False,7844124984,1,1,False,[],41472.63,,,,,,,,,49059.6,,,,,,,,,,,,,,,,,,,,Meridian Trust Bank,ODFI,928274925,Susan Johnson,IND53763,3719878466,Meridian Trust Bank,Summit Ridge Bank,Kimberly Clark,7844124984,SAVINGS,810961332,,27,DEBIT,49059.6,USD,2026-07-22 00:00:00,TRANSFER,BATCH-20260721-14,PPD,200,20,FILE-MTB-20260721-004,2026-07-21 00:00:00,153946,L,996131500969165,,PASSED,PASSED,ACKNOWLEDGED,2026-07-21 00:00:00,POSTED,2026-07-21 00:00:00,DEBIT,31978.37,-17081.23,31978.37,-17081.23,2026-07-21T15:39:46Z,2026-07-21T15:41:01Z,2026-07-21T20:17:46Z,2026-07-21T20:18:46Z,CLEARED,,,,,,,,,,,,,,,,,,,,,,,,,,,,,,,,,,,,,,,,,,,,,,,,,,,,,,,,,,,,,,,
ACH,POST,ACH-MTB-100118,INDIVIDUAL,IND-0016,INDIVIDUAL,IND-0078,CREDIT,,,,,,,,,,,,,,,,,,,,,,,,,,,,,,,,,,,,,,,,,2026-07-26T11:54:21Z,True,2026-07-26T11:54:30Z,576,15000,False,91,,SETTLED,2026-07-26T23:54:21Z,2026-07-27T00:20:21Z,26,True,False,0,,IDEMP-ACH-MTB-100118,,PASSED,,,,,,3,6,17925.23,8366.58,False,35,10000,0.966,,[],True,,,,,,,,,,,,,,SETTLED,,SETL-ACH-MTB-100118,2026-07-27 00:00:00,,,,,,,,,,,,,,,,,,,,,,,,NOT_YET_RECONCILED,,0,True,LEDG-ACH-MTB-100118,9657.09,9657.09,SETL-ACH-MTB-100118,False,True,False,True,,,,,,,,,,,,,,,,,,,,,,,,,PASSED,,PASSED,,,[],,,,,False,2023-10-11 00:00:00,50,1019,False,840327782,5,9,True,[],18866.94,,,,,,,,,9657.09,,,,,,,,,,,,,,,,,,,,Meridian Trust Bank,ODFI,138299269,Laura Jones,IND54772,5061690864,Meridian Trust Bank,Ironbridge National Bank,Deborah Davis,840327782,CHECKING,884199284,,32,CREDIT,9657.09,USD,2026-07-27 00:00:00,VENDOR PMT,BATCH-20260726-12,WEB,220,20,FILE-MTB-20260726-005,2026-07-26 00:00:00,115421,U,961433194779173,,PASSED,PASSED,ACKNOWLEDGED,2026-07-26 00:00:00,POSTED,2026-07-27 00:00:00,CREDIT,10070.08,19727.17,10070.08,19727.17,2026-07-26T11:54:21Z,2026-07-26T11:55:36Z,2026-07-27T00:20:21Z,2026-07-27T00:21:21Z,CLEARED,,,,,,,,,,,,,,,,,,,,,,,,,,,,,,,,,,,,,,,,,,,,,,,,,,,,,,,,,,,,,,,
ACH,POST,ACH-MTB-100146,INDIVIDUAL,IND-0057,EXTERNAL_INDIVIDUAL,EXT-P-5854,CREDIT,,,,,,,,,,,,,,,,,,,,,,,,,,,,,,,,,,,,,,,,,2026-08-07T19:02:24Z,True,2026-08-07T19:02:30Z,812,15000,False,0,,SETTLED,2026-08-07T20:02:24Z,2026-08-07T20:11:24Z,9,True,False,0,,IDEMP-ACH-MTB-100146,,PASSED,,,,,,1,4,1366.94,518.95,False,29,10000,0.11,,[],False,,,,,,,,,,,,,,SETTLED,,SETL-ACH-MTB-100146,2026-08-07 00:00:00,,,,,,,,,,,,,,,,,,,,,,,,MATCHED,2026-08-08T01:11:24Z,0,True,LEDG-ACH-MTB-100146,1098.25,1098.25,SETL-ACH-MTB-100146,False,False,False,False,,,,,,,,,,,,,,,,,,,,,,,,,PASSED,,PASSED,,,[],,,,,False,2024-11-26 00:00:00,46,619,False,2506245098,2,4,False,[],1059.11,,,,,,,,,1098.25,,,,,,,,,,,,,,,,,,,,Meridian Trust Bank,ODFI,285359170,Carol Wilson,IND17697,3587432379,Meridian Trust Bank,Ironbridge National Bank,Kathleen Jones,2506245098,CHECKING,488655360,,32,CREDIT,1098.25,USD,2026-08-08 00:00:00,BILL PAY,BATCH-20260807-14,WEB,225,47,FILE-MTB-20260807-003,2026-08-07 00:00:00,190224,V,944418747612111,,PASSED,PASSED,ACKNOWLEDGED,2026-08-07 00:00:00,POSTED,2026-08-07 00:00:00,CREDIT,44250.92,45349.17,44250.92,45349.17,2026-08-07T19:02:24Z,2026-08-07T19:03:39Z,2026-08-07T20:11:24Z,2026-08-07T20:12:24Z,CLEARED,,,,,,,,,,,,,,,,,,,,,,,,,,,,,,,,,,,,,,,,,,,,,,,,,,,,,,,,,,,,,,,
ACH,POST,ACH-MTB-100133,INDIVIDUAL,IND-0051,EXTERNAL_INDIVIDUAL,EXT-P-1061,CREDIT,,,,,,,,,,,,,,,,,,,,,,,,,,,,,,,,,,,,,,,,,2026-07-07T01:24:33Z,True,2026-07-07T01:24:41Z,2161,15000,False,5,,SETTLED,2026-07-07T13:24:33Z,2026-07-07T14:01:33Z,37,True,False,0,,IDEMP-ACH-MTB-100133,,PASSED,,,,,,1,6,46854.5,38155.49,False,37,10000,2.115,,[],False,,,,,,,,,,,,,,SETTLED,,SETL-ACH-MTB-100133,2026-07-07 00:00:00,,,,,,,,,,,,,,,,,,,,,,,,MATCHED,2026-07-08T11:01:33Z,0,True,LEDG-ACH-MTB-100133,21147.58,21147.58,SETL-ACH-MTB-100133,True,False,False,False,,,,,,,,,,,,,,,,,,,,,,,,,PASSED,,PASSED,,,[],,,,,True,2026-07-07 00:00:00,0,0,True,6742753171,3,3,False,[],27446.63,,,,,,,,,21147.58,,,,,,,,,,,,,,,,,,,,Meridian Trust Bank,ODFI,161255529,Amanda Harris,IND51936,6990248128,Meridian Trust Bank,Summit Ridge Bank,Andrew Ramirez,6742753171,SAVINGS,405864075,,32,CREDIT,21147.58,USD,2026-07-08 00:00:00,PAYROLL,BATCH-20260707-9,CCD,200,10,FILE-MTB-20260707-003,2026-07-07 00:00:00,12433,F,284484773823895,,PASSED,PASSED,ACKNOWLEDGED,2026-07-07 00:00:00,POSTED,2026-07-07 00:00:00,CREDIT,47408.97,68556.55,47408.97,68556.55,2026-07-07T01:24:33Z,2026-07-07T01:25:48Z,2026-07-07T14:01:33Z,2026-07-07T14:02:33Z,CLEARED,,,,,,,,,,,,,,,,,,,,,,,,,,,,,,,,,,,,,,,,,,,,,,,,,,,,,,,,,,,,,,,
ACH,POST,ACH-MTB-100150,INDIVIDUAL,IND-0091,EXTERNAL_INDIVIDUAL,EXT-P-6814,CREDIT,,,,,,,,,,,,,,,,,,,,,,,,,,,,,,,,,,,,,,,,,2026-06-26T02:44:33Z,True,2026-06-26T02:44:39Z,2778,15000,False,51,,SETTLED,2026-06-26T14:44:33Z,2026-06-26T14:45:33Z,1,True,False,0,,IDEMP-ACH-MTB-100150,,PASSED,,,,,,2,3,30887.25,22397.57,False,22,10000,1.054,,[],False,,,,,,,,,,,,,,SETTLED,,SETL-ACH-MTB-100150,2026-06-26 00:00:00,,,,,,,,,,,,,,,,,,,,,,,,NOT_YET_RECONCILED,,0,True,LEDG-ACH-MTB-100150,10542.89,10542.89,SETL-ACH-MTB-100150,False,False,False,False,,,,,,,,,,,,,,,,,,,,,,,,,PASSED,,PASSED,,,[],,,,,True,2026-06-26 00:00:00,0,0,False,6197738471,2,2,False,[],13556.82,,,,,,,,,10542.89,,,,,,,,,,,,,,,,,,,,Meridian Trust Bank,ODFI,501306965,David Clark,IND80749,8072465285,Meridian Trust Bank,Summit Ridge Bank,Donna Thomas,6197738471,SAVINGS,499634171,,37,CREDIT,10542.89,USD,2026-06-27 00:00:00,TRANSFER,BATCH-20260626-7,WEB,220,1,FILE-MTB-20260626-002,2026-06-26 00:00:00,24433,W,493502429451439,,PASSED,PASSED,ACKNOWLEDGED,2026-06-26 00:00:00,POSTED,2026-06-26 00:00:00,CREDIT,46953.28,57496.17,46953.28,57496.17,2026-06-26T02:44:33Z,2026-06-26T02:45:48Z,2026-06-26T14:45:33Z,2026-06-26T14:46:33Z,CLEARED,,,,,,,,,,,,,,,,,,,,,,,,,,,,,,,,,,,,,,,,,,,,,,,,,,,,,,,,,,,,,,,
ACH,POST,ACH-MTB-100116,INDIVIDUAL,IND-0002,INDIVIDUAL,IND-0005,CREDIT,,,,,,,,,,,,,,,,,,,,,,,,,,,,,,,,,,,,,,,,,2026-08-20T08:13:54Z,False,,,15000,True,,,SETTLED,2026-08-21T08:13:54Z,2026-08-21T08:59:54Z,46,True,False,0,,IDEMP-ACH-MTB-100116,,PASSED,,,,,,1,11,2736.69,2220.53,True,57,10000,0.185,,[],False,,,,,,,,,,,,,,SETTLED,,SETL-ACH-MTB-100116,2026-08-21 00:00:00,,,,,,,,,,,,,,,,,,,,,,,,NOT_YET_RECONCILED,,18.25,False,LEDG-ACH-MTB-100116,1848.76,1867.01,SETL-ACH-MTB-100116,False,False,True,False,,,,,,,,,,,,,,,,,,,,,,,,,PASSED,,PASSED,,,[],,,,,False,2025-07-29 00:00:00,6,387,False,5764924945,1,4,False,[],2199.48,,,,,,,,,1848.76,,,,,,,,,,,,,,,,,,,,Meridian Trust Bank,ODFI,687321460,Kathleen Young,IND33653,7526184866,Meridian Trust Bank,Summit Ridge Bank,Karen Ramirez,5764924945,CHECKING,47874184,,32,CREDIT,1848.76,USD,2026-08-21 00:00:00,PAYROLL,BATCH-20260820-5,CCD,200,15,FILE-MTB-20260820-002,2026-08-20 00:00:00,81354,B,78348934084891,,PASSED,PASSED,PENDING,2026-08-21 00:00:00,POSTED,2026-08-21 00:00:00,CREDIT,6525.36,8392.37,6525.36,8392.37,2026-08-20T08:13:54Z,2026-08-20T08:15:09Z,2026-08-21T08:59:54Z,2026-08-21T09:00:54Z,CLEARED,,,,,,,,,,,,,,,,,,,,,,,,,,,,,,,,,,,,,,,,,,,,,,,,,,,,,,,,,,,,,,,
ACH,POST,ACH-MTB-100169,MERCHANT,MERCH-002,INDIVIDUAL,IND-0011,DEBIT,,,,,,,,,,,,,,,,,,,,,,,,,,,,,,,,,,,,,,,,,2026-07-18T21:26:11Z,True,2026-07-18T21:26:15Z,184,15000,False,0,,SETTLED,2026-07-19T01:26:11Z,2026-07-19T02:02:11Z,36,True,False,0,,IDEMP-ACH-MTB-100169,,PASSED,,,,,,1,6,4450.95,2598.12,False,41,10000,0.433,,[],False,,,,,,,,,,,,,,SETTLED,,SETL-ACH-MTB-100169,2026-07-19 00:00:00,,,,,,,,,,,,,,,,,,,,,,,,MATCHED,2026-07-20T11:02:11Z,0,True,LEDG-ACH-MTB-100169,4332.07,4332.07,SETL-ACH-MTB-100169,False,False,False,False,,,,,,,,,,,,,,,,,,,,,,,,,PASSED,,PASSED,,,[],,,,,False,2023-05-21 00:00:00,13,1154,False,4005907267,2,5,False,[],5292.86,,,,,,,,,4332.07,,,,,,,,,,,,,,,,,,,,Meridian Trust Bank,ODFI,370191047,Crestline Office Outfitters,CORP11128,5123580257,Vertex Commerce Pay,Cascade Point Bank,Paul Martinez,4005907267,CHECKING,699277142,MERCH-002,22,DEBIT,4332.07,USD,2026-07-19 00:00:00,TRANSFER,BATCH-20260718-9,PPD,220,30,FILE-MTB-20260718-005,2026-07-18 00:00:00,212611,L,177817636717222,,PASSED,PASSED,ACKNOWLEDGED,2026-07-19 00:00:00,POSTED,2026-07-19 00:00:00,DEBIT,37610.38,33278.31,37610.38,33278.31,2026-07-18T21:26:11Z,2026-07-18T21:27:26Z,2026-07-19T02:02:11Z,2026-07-19T02:03:11Z,CLEARED,,,,,,,,,,,,,,,,,,,,,,,,,,,,,,,,,,,,,,,,,,,,,,,,,,,,,,,,,,,,,,,
ACH,POST,ACH-MTB-100516,MERCHANT,MERCH-002,INDIVIDUAL,IND-0006,DEBIT,,,,,,,,,,,,,,,,,,,,,,,,,,,,,,,,,,,,,,,,,2026-07-08T07:55:55Z,True,2026-07-08T07:55:56Z,2093,15000,False,0,,IN_TRANSIT,2026-07-08T11:55:55Z,,,False,True,2,ACH-MTB-100166,IDEMP-ACH-MTB-100166,,FLAGGED,,,,,,1,8,8332.57,4771.48,False,44,10000,0.224,,[],False,,,,,,,,,,,,,,PENDING,,,,,,,,,,,,,,,,,,,,,,,,,,,NOT_APPLICABLE,,,,,,,,False,False,False,False,,,,,,,,,,,,,,,,,,,,,,,,,PASSED,,PASSED,,,[],,,,,False,2024-11-15 00:00:00,56,600,False,2107816442,2,6,False,[],2732.01,,,,,,,,,,,,,,,,,,,,,,,,,,,,,Meridian Trust Bank,ODFI,852172465,Crestline Office Outfitters,CORP22190,5123580257,Vertex Commerce Pay,Ironbridge National Bank,Maria Torres,2107816442,SAVINGS,418779626,MERCH-002,37,DEBIT,2236.1,USD,2026-07-09 00:00:00,TRANSFER,BATCH-20260708-2,WEB,220,46,FILE-MTB-20260708-003,2026-07-08 00:00:00,75555,Z,47093055613632,,PASSED,PASSED,ACKNOWLEDGED,2026-07-08 00:00:00,NOT_POSTED,,DEBIT,39598.17,39598.17,39598.17,39598.17,2026-07-08T07:55:55Z,2026-07-08T07:57:10Z,,,,,,,,,,,,,,,,,,,,,,,,,,,,,,,,,,,,,,,,,,,,,,,,,,,,,,,,,,,,,,,,,,
ACH,POST,ACH-MTB-100158,MERCHANT,MERCH-004,EXTERNAL_INDIVIDUAL,EXT-P-2482,CREDIT,,,,,,,,,,,,,,,,,,,,,,,,,,,,,,,,,,,,,,,,,2026-07-29T17:44:17Z,True,2026-07-29T17:44:19Z,3188,15000,False,51,,SETTLED,2026-07-31T17:44:17Z,2026-07-31T18:32:17Z,48,True,False,0,,IDEMP-ACH-MTB-100158,,PASSED,,,,,,2,4,54426.57,30241.23,False,31,10000,3.128,,[],False,,,,,,,,,,,,,,SETTLED,,SETL-ACH-MTB-100158,2026-07-31 00:00:00,,,,,,,,,,,,,,,,,,,,,,,,MATCHED,2026-08-01T22:32:17Z,0,True,LEDG-ACH-MTB-100158,31279.55,31279.55,SETL-ACH-MTB-100158,False,True,False,False,,,,,,,,,,,,,,,,,,,,,,,,,PASSED,,PASSED,,,[],,,,,False,2025-07-24 00:00:00,9,370,False,6360370118,8,12,True,[],29814.41,,,,,,,,,31279.55,,,,,,,,,,,,,,,,,,,,Meridian Trust Bank,ODFI,442425216,Pinehollow Auto Parts,CORP25642,3061977058,Vertex Commerce Pay,Ironbridge National Bank,George Johnson,6360370118,CHECKING,232438539,MERCH-004,22,CREDIT,31279.55,USD,2026-07-30 00:00:00,TRANSFER,BATCH-20260729-8,WEB,200,48,FILE-MTB-20260729-002,2026-07-29 00:00:00,174417,Z,814054896294602,,PASSED,PASSED,ACKNOWLEDGED,2026-07-31 00:00:00,POSTED,2026-07-31 00:00:00,CREDIT,40470.88,71750.43,40470.88,71750.43,2026-07-29T17:44:17Z,2026-07-29T17:45:32Z,2026-07-31T18:32:17Z,2026-07-31T18:33:17Z,CLEARED,,,,,,,,,,,,,,,,,,,,,,,,,,,,,,,,,,,,,,,,,,,,,,,,,,,,,,,,,,,,,,,
ACH,POST,ACH-MTB-100139,INDIVIDUAL,IND-0055,EXTERNAL_INDIVIDUAL,EXT-P-1237,CREDIT,,,,,,,,,,,,,,,,,,,,,,,,,,,,,,,,,,,,,,,,,2026-07-20T11:50:14Z,True,2026-07-20T11:50:20Z,1528,15000,False,5,,SETTLED,2026-07-20T23:50:14Z,2026-07-21T00:20:14Z,30,True,False,0,,IDEMP-ACH-MTB-100139,,PASSED,,,,,,5,6,205859.04,92104.58,False,36,10000,4.91,,[],False,,,,,,,,,,,,,,SETTLED,,SETL-ACH-MTB-100139,2026-07-21 00:00:00,,,,,,,,,,,,,,,,,,,,,,,,MATCHED,2026-07-21T04:20:14Z,0,True,LEDG-ACH-MTB-100139,49096.97,49096.97,SETL-ACH-MTB-100139,False,False,False,False,,,,,,,,,,,,,,,,,,,,,,,,,PASSED,,PASSED,,,[],,,,,False,2024-10-10 00:00:00,60,648,False,9325759985,2,3,False,[],46749.55,,,,,,,,,49096.97,,,,,,,,,,,,,,,,,,,,Meridian Trust Bank,ODFI,972351357,Kenneth White,IND67526,8064915403,Meridian Trust Bank,Cascade Point Bank,Steven Allen,9325759985,CHECKING,224196125,,27,CREDIT,49096.97,USD,2026-07-21 00:00:00,TRANSFER,BATCH-20260720-12,PPD,220,28,FILE-MTB-20260720-002,2026-07-20 00:00:00,115014,Q,347157770907251,,PASSED,PASSED,ACKNOWLEDGED,2026-07-20 00:00:00,POSTED,2026-07-21 00:00:00,CREDIT,20000.97,69097.94,20000.97,69097.94,2026-07-20T11:50:14Z,2026-07-20T11:51:29Z,2026-07-21T00:20:14Z,2026-07-21T00:21:14Z,CLEARED,,,,,,,,,,,,,,,,,,,,,,,,,,,,,,,,,,,,,,,,,,,,,,,,,,,,,,,,,,,,,,,
ACH,POST,ACH-MTB-100191,MERCHANT,MERCH-009,EXTERNAL_INDIVIDUAL,EXT-P-1691,CREDIT,,,,,,,,,,,,,,,,,,,,,,,,,,,,,,,,,,,,,,,,,2026-07-07T16:52:55Z,True,2026-07-07T16:53:04Z,755,15000,False,91,,SETTLED,2026-07-08T04:52:55Z,2026-07-08T05:45:55Z,53,True,False,0,,IDEMP-ACH-MTB-100191,,PASSED,,,,,,3,12,25397.41,10501.84,False,65,10000,0.969,,[],False,,,,,,,,,,,,,,SETTLED,,SETL-ACH-MTB-100191,2026-07-08 00:00:00,,,,,,,,,,,,,,,,,,,,,,,,MATCHED,2026-07-09T03:45:55Z,0,True,LEDG-ACH-MTB-100191,9687.8,9687.8,SETL-ACH-MTB-100191,False,False,False,False,,,,,,,,,,,,,,,,,,,,,,,,,PASSED,,PASSED,,,[],,,,,False,2026-01-21 00:00:00,21,167,False,4898056993,2,6,False,[],22526.67,,,,,,,,,9687.8,,,,,,,,,,,,,,,,,,,,Meridian Trust Bank,ODFI,997742432,Copperfield Building Supply,CORP20748,9446335263,Northstar Payment Solutions,Ironbridge National Bank,Susan Allen,4898056993,SAVINGS,166332729,MERCH-009,37,CREDIT,9687.8,USD,2026-07-08 00:00:00,BILL PAY,BATCH-20260707-17,WEB,220,49,FILE-MTB-20260707-004,2026-07-07 00:00:00,165255,W,253652115737186,,PASSED,PASSED,ACKNOWLEDGED,2026-07-08 00:00:00,POSTED,2026-07-08 00:00:00,CREDIT,48262.14,57949.94,48262.14,57949.94,2026-07-07T16:52:55Z,2026-07-07T16:54:10Z,2026-07-08T05:45:55Z,2026-07-08T05:46:55Z,CLEARED,,,,,,,,,,,,,,,,,,,,,,,,,,,,,,,,,,,,,,,,,,,,,,,,,,,,,,,,,,,,,,,
ACH,POST,ACH-MTB-100120,INDIVIDUAL,IND-0023,EXTERNAL_INDIVIDUAL,EXT-P-3045,CREDIT,,,,,,,,,,,,,,,,,,,,,,,,,,,,,,,,,,,,,,,,,2026-08-11T21:53:07Z,True,2026-08-11T21:53:13Z,3288,15000,False,0,,SETTLED,2026-08-12T01:53:07Z,2026-08-12T02:23:07Z,30,True,False,0,,IDEMP-ACH-MTB-100120,,PASSED,,,,,,1,4,3896.06,1507.25,False,30,10000,0.103,,[],False,,,,,,,,,,,,,,SETTLED,,SETL-ACH-MTB-100120,2026-08-12 00:00:00,,,,,,,,,,,,,,,,,,,,,,,,MATCHED,2026-08-13T01:23:07Z,0,True,LEDG-ACH-MTB-100120,1025.92,1025.92,SETL-ACH-MTB-100120,False,False,False,False,,,,,,,,,,,,,,,,,,,,,,,,,PASSED,,PASSED,,,[],,,,,False,2025-11-11 00:00:00,42,273,False,7412956545,1,3,False,[],1082.62,,,,,,,,,1025.92,,,,,,,,,,,,,,,,,,,,Meridian Trust Bank,ODFI,64786949,James Brown,IND60694,16593766,Meridian Trust Bank,Summit Ridge Bank,Stephanie Wilson,7412956545,CHECKING,458575589,,32,CREDIT,1025.92,USD,2026-08-12 00:00:00,TRANSFER,BATCH-20260811-13,CCD,225,40,FILE-MTB-20260811-005,2026-08-11 00:00:00,215307,V,788551338776902,,PASSED,PASSED,ACKNOWLEDGED,2026-08-12 00:00:00,POSTED,2026-08-12 00:00:00,CREDIT,17933.41,18959.33,17933.41,18959.33,2026-08-11T21:53:07Z,2026-08-11T21:54:22Z,2026-08-12T02:23:07Z,2026-08-12T02:24:07Z,CLEARED,,,,,,,,,,,,,,,,,,,,,,,,,,,,,,,,,,,,,,,,,,,,,,,,,,,,,,,,,,,,,,,
ACH,POST,ACH-MTB-100131,INDIVIDUAL,IND-0075,EXTERNAL_INDIVIDUAL,EXT-P-3385,CREDIT,,,,,,,,,,,,,,,,,,,,,,,,,,,,,,,,,,,,,,,,,2026-07-24T07:10:43Z,True,2026-07-24T07:10:51Z,2594,15000,False,51,,SETTLED,2026-07-26T07:10:43Z,2026-07-28T02:10:43Z,2580,True,False,0,,IDEMP-ACH-MTB-100131,,PASSED,,,,,,2,9,2173.59,885.16,False,49,10000,0.072,,[],False,,,,,,,,,,,,,,SETTLED,,SETL-ACH-MTB-100131,2026-07-28 00:00:00,,,,,,,,,,,,,,,,,,,,,,,,MATCHED,2026-07-29T09:10:43Z,0,True,LEDG-ACH-MTB-100131,720.67,720.67,SETL-ACH-MTB-100131,False,True,False,False,,,,,,,,,,,,,,,,,,,,,,,,,PASSED,,PASSED,,,[],,,,,False,2025-06-17 00:00:00,7,402,False,5272087698,8,8,True,[],865.51,,,,,,,,,720.67,,,,,,,,,,,,,,,,,,,,Meridian Trust Bank,ODFI,665314666,Cynthia Nguyen,IND36931,218955917,Meridian Trust Bank,Summit Ridge Bank,Charles Hill,5272087698,CHECKING,842769202,,27,CREDIT,720.67,USD,2026-07-25 00:00:00,TRANSFER,BATCH-20260724-7,CCD,220,16,FILE-MTB-20260724-002,2026-07-24 00:00:00,71043,O,853466898885673,,PASSED,PASSED,ACKNOWLEDGED,2026-07-26 00:00:00,POSTED,2026-07-28 00:00:00,CREDIT,21279.48,22000.15,21279.48,22000.15,2026-07-24T07:10:43Z,2026-07-24T07:11:58Z,2026-07-28T02:10:43Z,2026-07-28T02:11:43Z,CLEARED,,,,,,,,,,,,,,,,,,,,,,,,,,,,,,,,,,,,,,,,,,,,,,,,,,,,,,,,,,,,,,,
ACH,POST,ACH-MTB-100177,MERCHANT,MERCH-004,EXTERNAL_INDIVIDUAL,EXT-P-9588,DEBIT,,,,,,,,,,,,,,,,,,,,,,,,,,,,,,,,,,,,,,,,,2026-08-13T22:04:33Z,True,2026-08-13T22:04:45Z,3768,15000,False,5,,SETTLED,2026-08-14T02:04:33Z,2026-08-14T02:16:33Z,12,True,False,0,,IDEMP-ACH-MTB-100177,,PASSED,,,,,,1,1,16036.5,7567.21,False,14,10000,1.046,,[],False,,,,,,,,,,,,,,SETTLED,,SETL-ACH-MTB-100177,2026-08-14 00:00:00,,,,,,,,,,,,,,,,,,,,,,,,MATCHED,2026-08-14T22:16:33Z,0,True,LEDG-ACH-MTB-100177,10456.5,10456.5,SETL-ACH-MTB-100177,False,False,False,False,,,,,,,,,,,,,,,,,,,,,,,,,PASSED,,PASSED,,,[],,,,,False,2024-06-23 00:00:00,10,781,False,4692870790,3,5,False,[],10108.02,,,,,,,,,10456.5,,,,,,,,,,,,,,,,,,,,Meridian Trust Bank,ODFI,884520222,Pinehollow Auto Parts,CORP71196,3061977058,Vertex Commerce Pay,Cascade Point Bank,Joshua Ramirez,4692870790,SAVINGS,293081643,MERCH-004,32,DEBIT,10456.5,USD,2026-08-14 00:00:00,PAYROLL,BATCH-20260813-3,WEB,220,15,FILE-MTB-20260813-003,2026-08-13 00:00:00,220433,G,591104547890230,,PASSED,PASSED,ACKNOWLEDGED,2026-08-14 00:00:00,POSTED,2026-08-14 00:00:00,DEBIT,20660.55,10204.05,20660.55,10204.05,2026-08-13T22:04:33Z,2026-08-13T22:05:48Z,2026-08-14T02:16:33Z,2026-08-14T02:17:33Z,CLEARED,,,,,,,,,,,,,,,,,,,,,,,,,,,,,,,,,,,,,,,,,,,,,,,,,,,,,,,,,,,,,,,
ACH,POST,ACH-MTB-100128,INDIVIDUAL,IND-0054,EXTERNAL_INDIVIDUAL,EXT-P-9188,CREDIT,,,,,,,,,,,,,,,,,,,,,,,,,,,,,,,,,,,,,,,,,2026-06-30T01:13:34Z,True,2026-06-30T01:13:43Z,2276,15000,False,51,,SETTLED,2026-06-30T05:13:34Z,2026-06-30T05:39:34Z,26,True,False,0,,IDEMP-ACH-MTB-100128,,PASSED,,,,,,5,8,1264.43,901.14,False,40,10000,0.083,,[],False,,,,,,,,,,,,,,SETTLED,,SETL-ACH-MTB-100128,2026-06-30 00:00:00,,,,,,,,,,,,,,,,,,,,,,,,MATCHED,2026-06-30T22:39:34Z,0,True,LEDG-ACH-MTB-100128,826.81,826.81,SETL-ACH-MTB-100128,True,False,False,False,,,,,,,,,,,,,,,,,,,,,,,,,PASSED,,PASSED,,,[],,,,,True,2026-06-30 00:00:00,0,0,True,8550740767,3,3,False,[],838.92,,,,,,,,,826.81,,,,,,,,,,,,,,,,,,,,Meridian Trust Bank,ODFI,525832458,George Thompson,IND54585,1167646993,Meridian Trust Bank,Cascade Point Bank,Deborah Lewis,8550740767,SAVINGS,737672940,,37,CREDIT,826.81,USD,2026-07-01 00:00:00,BILL PAY,BATCH-20260630-8,WEB,225,49,FILE-MTB-20260630-001,2026-06-30 00:00:00,11334,R,406263520566826,,PASSED,PASSED,ACKNOWLEDGED,2026-06-30 00:00:00,POSTED,2026-06-30 00:00:00,CREDIT,15255.26,16082.07,15255.26,16082.07,2026-06-30T01:13:34Z,2026-06-30T01:14:49Z,2026-06-30T05:39:34Z,2026-06-30T05:40:34Z,CLEARED,,,,,,,,,,,,,,,,,,,,,,,,,,,,,,,,,,,,,,,,,,,,,,,,,,,,,,,,,,,,,,,
ACH,POST,ACH-MTB-100179,MERCHANT,MERCH-002,EXTERNAL_INDIVIDUAL,EXT-P-9421,CREDIT,,,,,,,,,,,,,,,,,,,,,,,,,,,,,,,,,,,,,,,,,2026-07-26T09:38:34Z,True,2026-07-26T09:38:42Z,3409,15000,False,91,,SETTLED,2026-07-27T09:38:34Z,2026-07-27T10:22:34Z,44,True,False,0,,IDEMP-ACH-MTB-100179,,PASSED,,,,,,5,12,167402.69,125461.83,True,56,10000,4.303,,[],False,,,,,,,,,,,,,,SETTLED,,SETL-ACH-MTB-100179,2026-07-27 00:00:00,,,,,,,,,,,,,,,,,,,,,,,,MATCHED,2026-07-27T16:22:34Z,0,True,LEDG-ACH-MTB-100179,43025.16,43025.16,SETL-ACH-MTB-100179,False,False,True,False,,,,,,,,,,,,,,,,,,,,,,,,,PASSED,,PASSED,,,[],,,,,False,2024-08-10 00:00:00,51,715,False,8770618749,2,6,False,[],54763.82,,,,,,,,,43025.16,,,,,,,,,,,,,,,,,,,,Meridian Trust Bank,ODFI,735180875,Crestline Office Outfitters,CORP18023,5123580257,Vertex Commerce Pay,Cascade Point Bank,Stephanie Taylor,8770618749,CHECKING,395592203,MERCH-002,22,CREDIT,43025.16,USD,2026-07-27 00:00:00,TRANSFER,BATCH-20260726-1,WEB,220,34,FILE-MTB-20260726-002,2026-07-26 00:00:00,93834,Y,861531006322138,,PASSED,PASSED,ACKNOWLEDGED,2026-07-27 00:00:00,POSTED,2026-07-27 00:00:00,CREDIT,44211.94,87237.1,44211.94,87237.1,2026-07-26T09:38:34Z,2026-07-26T09:39:49Z,2026-07-27T10:22:34Z,2026-07-27T10:23:34Z,CLEARED,,,,,,,,,,,,,,,,,,,,,,,,,,,,,,,,,,,,,,,,,,,,,,,,,,,,,,,,,,,,,,,
ACH,POST,ACH-MTB-100115,INDIVIDUAL,IND-0073,EXTERNAL_INDIVIDUAL,EXT-P-7702,CREDIT,,,,,,,,,,,,,,,,,,,,,,,,,,,,,,,,,,,,,,,,,2026-07-23T20:45:49Z,True,2026-07-23T20:45:53Z,1637,15000,False,51,,SETTLED,2026-07-24T08:45:49Z,2026-07-24T09:30:49Z,45,True,False,0,,IDEMP-ACH-MTB-100115,,PASSED,,,,,,1,4,20261.93,8253.18,False,37,10000,1,,[],True,,,,,,,,,,,,,,SETTLED,,SETL-ACH-MTB-100115,2026-07-24 00:00:00,,,,,,,,,,,,,,,,,,,,,,,,MATCHED,2026-07-24T22:30:49Z,0,True,LEDG-ACH-MTB-100115,9998.98,9998.98,SETL-ACH-MTB-100115,False,False,False,True,,,,,,,,,,,,,,,,,,,,,,,,,PASSED,,PASSED,,,[],,,,,False,2025-06-02 00:00:00,39,416,False,7869824967,2,2,False,[],23081.26,,,,,,,,,9998.98,,,,,,,,,,,,,,,,,,,,Meridian Trust Bank,ODFI,770427893,Susan Johnson,IND47012,3719878466,Meridian Trust Bank,Summit Ridge Bank,Kathleen Harris,7869824967,SAVINGS,205481889,,37,CREDIT,9998.98,USD,2026-07-24 00:00:00,VENDOR PMT,BATCH-20260723-11,PPD,225,45,FILE-MTB-20260723-001,2026-07-23 00:00:00,204549,Z,821712523800796,,PASSED,PASSED,ACKNOWLEDGED,2026-07-24 00:00:00,POSTED,2026-07-24 00:00:00,CREDIT,35791.53,45790.51,35791.53,45790.51,2026-07-23T20:45:49Z,2026-07-23T20:47:04Z,2026-07-24T09:30:49Z,2026-07-24T09:31:49Z,CLEARED,,,,,,,,,,,,,,,,,,,,,,,,,,,,,,,,,,,,,,,,,,,,,,,,,,,,,,,,,,,,,,,
ACH,POST,ACH-MTB-100181,MERCHANT,MERCH-010,EXTERNAL_INDIVIDUAL,EXT-P-5050,CREDIT,,,,,,,,,,,,,,,,,,,,,,,,,,,,,,,,,,,,,,,,,2026-08-17T06:25:17Z,True,2026-08-17T06:25:28Z,3883,15000,False,0,,SETTLED,2026-08-19T06:25:17Z,2026-08-19T06:48:17Z,23,True,False,0,,IDEMP-ACH-MTB-100181,,PASSED,,,,,,1,9,109709.89,56121.35,False,55,10000,3.754,,[],False,,,,,,,,,,,,,,SETTLED,,SETL-ACH-MTB-100181,2026-08-19 00:00:00,,,,,,,,,,,,,,,,,,,,,,,,MATCHED,2026-08-20T16:48:17Z,0,True,LEDG-ACH-MTB-100181,37538.34,37538.34,SETL-ACH-MTB-100181,False,False,False,False,,,,,,,,,,,,,,,,,,,,,,,,,PASSED,,PASSED,,,[],,,,,True,2026-08-17 00:00:00,0,0,False,7878257350,1,5,False,[],39735.6,,,,,,,,,37538.34,,,,,,,,,,,,,,,,,,,,Meridian Trust Bank,ODFI,314170677,Wrenfield Pharmacy Group,CORP30615,4806704660,Vertex Commerce Pay,Cascade Point Bank,Barbara Torres,7878257350,CHECKING,453960985,MERCH-010,37,CREDIT,37538.34,USD,2026-08-18 00:00:00,TRANSFER,BATCH-20260817-4,WEB,225,11,FILE-MTB-20260817-003,2026-08-17 00:00:00,62517,X,270222218178586,,PASSED,PASSED,ACKNOWLEDGED,2026-08-19 00:00:00,POSTED,2026-08-19 00:00:00,CREDIT,12853.88,50392.22,12853.88,50392.22,2026-08-17T06:25:17Z,2026-08-17T06:26:32Z,2026-08-19T06:48:17Z,2026-08-19T06:49:17Z,CLEARED,,,,,,,,,,,,,,,,,,,,,,,,,,,,,,,,,,,,,,,,,,,,,,,,,,,,,,,,,,,,,,,
ACH,POST,ACH-MTB-100180,MERCHANT,MERCH-007,EXTERNAL_INDIVIDUAL,EXT-P-2347,DEBIT,,,,,,,,,,,,,,,,,,,,,,,,,,,,,,,,,,,,,,,,,2026-07-05T21:33:14Z,True,2026-07-05T21:33:25Z,1277,15000,False,0,,SETTLED,2026-07-06T09:33:14Z,2026-07-06T10:03:14Z,30,True,False,0,,IDEMP-ACH-MTB-100180,,PASSED,,,,,,3,5,8304.35,2860.53,False,41,10000,0.263,,[],False,,,,,,,,,,,,,,SETTLED,,SETL-ACH-MTB-100180,2026-07-06 00:00:00,,,,,,,,,,,,,,,,,,,,,,,,NOT_YET_RECONCILED,,-1.82,False,LEDG-ACH-MTB-100180,2630.05,2628.23,SETL-ACH-MTB-100180,False,False,False,False,,,,,,,,,,,,,,,,,,,,,,,,,PASSED,,PASSED,,,[],,,,,False,2023-07-15 00:00:00,49,1086,False,1317508558,1,3,False,[],2448.01,,,,,,,,,2630.05,,,,,,,,,,,,,,,,,,,,Meridian Trust Bank,ODFI,658315556,Fernbrook Electronics,CORP23471,702250308,BrightLedger Payments,Ironbridge National Bank,Edward Clark,1317508558,CHECKING,664281713,MERCH-007,37,DEBIT,2630.05,USD,2026-07-06 00:00:00,PAYROLL,BATCH-20260705-10,CCD,225,38,FILE-MTB-20260705-003,2026-07-05 00:00:00,213314,U,282091718559283,,PASSED,PASSED,ACKNOWLEDGED,2026-07-06 00:00:00,POSTED,2026-07-06 00:00:00,DEBIT,23350.38,20722.15,23350.38,20722.15,2026-07-05T21:33:14Z,2026-07-05T21:34:29Z,2026-07-06T10:03:14Z,2026-07-06T10:04:14Z,CLEARED,,,,,,,,,,,,,,,,,,,,,,,,,,,,,,,,,,,,,,,,,,,,,,,,,,,,,,,,,,,,,,,
ACH,POST,ACH-MTB-100149,INDIVIDUAL,IND-0069,EXTERNAL_INDIVIDUAL,EXT-P-4153,CREDIT,,,,,,,,,,,,,,,,,,,,,,,,,,,,,,,,,,,,,,,,,2026-07-12T00:02:42Z,True,2026-07-12T00:02:47Z,588,15000,False,0,,SETTLED,2026-07-14T00:02:42Z,2026-07-14T00:07:42Z,5,True,False,0,,IDEMP-ACH-MTB-100149,,PASSED,,,,,,5,12,56170.48,25463.47,False,68,10000,1.678,,[],False,,,,,,,,,,,,,,SETTLED,,SETL-ACH-MTB-100149,2026-07-14 00:00:00,,,,,,,,,,,,,,,,,,,,,,,,MATCHED,2026-07-14T18:07:42Z,0,True,LEDG-ACH-MTB-100149,16777.54,16777.54,SETL-ACH-MTB-100149,False,False,False,False,,,,,,,,,,,,,,,,,,,,,,,,,PASSED,,PASSED,,,[],,,,,True,2026-07-12 00:00:00,0,0,False,3119991114,2,6,False,[],20179.46,,,,,,,,,16777.54,,,,,,,,,,,,,,,,,,,,Meridian Trust Bank,ODFI,603231545,Melissa Williams,IND23909,3894960981,Meridian Trust Bank,Ironbridge National Bank,Mark Jones,3119991114,CHECKING,610148694,,32,CREDIT,16777.54,USD,2026-07-13 00:00:00,TRANSFER,BATCH-20260712-3,PPD,220,15,FILE-MTB-20260712-005,2026-07-12 00:00:00,242,I,646812392854887,,PASSED,PASSED,ACKNOWLEDGED,2026-07-14 00:00:00,POSTED,2026-07-14 00:00:00,CREDIT,1732.94,18510.48,1732.94,18510.48,2026-07-12T00:02:42Z,2026-07-12T00:03:57Z,2026-07-14T00:07:42Z,2026-07-14T00:08:42Z,CLEARED,,,,,,,,,,,,,,,,,,,,,,,,,,,,,,,,,,,,,,,,,,,,,,,,,,,,,,,,,,,,,,,
ACH,POST,ACH-MTB-100134,INDIVIDUAL,IND-0075,EXTERNAL_INDIVIDUAL,EXT-P-2863,CREDIT,,,,,,,,,,,,,,,,,,,,,,,,,,,,,,,,,,,,,,,,,2026-07-10T20:21:19Z,True,2026-07-10T20:21:24Z,1758,15000,False,0,,SETTLED,2026-07-12T20:21:19Z,2026-07-12T21:20:19Z,59,True,False,0,,IDEMP-ACH-MTB-100134,,PASSED,,,,,,5,15,7880.59,4256.56,True,77,10000,0.292,,[],False,,,,,,,,,,,,,,SETTLED,,SETL-ACH-MTB-100134,2026-07-12 00:00:00,,,,,,,,,,,,,,,,,,,,,,,,NOT_YET_RECONCILED,,0,True,LEDG-ACH-MTB-100134,2921.74,2921.74,SETL-ACH-MTB-100134,False,False,True,False,,,,,,,,,,,,,,,,,,,,,,,,,PASSED,,PASSED,,,[],,,,,False,2023-11-25 00:00:00,14,958,False,7024565651,2,5,False,[],3033.47,,,,,,,,,2921.74,,,,,,,,,,,,,,,,,,,,Meridian Trust Bank,ODFI,81603312,Cynthia Nguyen,IND74416,218955917,Meridian Trust Bank,Ironbridge National Bank,Amanda Martin,7024565651,CHECKING,338128615,,22,CREDIT,2921.74,USD,2026-07-11 00:00:00,TRANSFER,BATCH-20260710-14,PPD,225,20,FILE-MTB-20260710-002,2026-07-10 00:00:00,202119,W,734122212144067,,PASSED,PASSED,ACKNOWLEDGED,2026-07-12 00:00:00,POSTED,2026-07-12 00:00:00,CREDIT,33653.79,36575.53,33653.79,36575.53,2026-07-10T20:21:19Z,2026-07-10T20:22:34Z,2026-07-12T21:20:19Z,2026-07-12T21:21:19Z,CLEARED,,,,,,,,,,,,,,,,,,,,,,,,,,,,,,,,,,,,,,,,,,,,,,,,,,,,,,,,,,,,,,,
ACH,POST,ACH-MTB-100154,MERCHANT,MERCH-004,EXTERNAL_INDIVIDUAL,EXT-P-6710,CREDIT,,,,,,,,,,,,,,,,,,,,,,,,,,,,,,,,,,,,,,,,,2026-07-31T01:58:10Z,True,2026-07-31T01:58:21Z,97,15000,False,0,,SETTLED,2026-07-31T13:58:10Z,2026-07-31T14:25:10Z,27,True,False,0,,IDEMP-ACH-MTB-100154,,PASSED,,,,,,1,5,72576.66,37542.12,False,31,10000,1.615,,[],False,,,,,,,,,,,,,,SETTLED,,SETL-ACH-MTB-100154,2026-07-31 00:00:00,,,,,,,,,,,,,,,,,,,,,,,,MATCHED,2026-08-02T02:25:10Z,0,True,LEDG-ACH-MTB-100154,16150.43,16150.43,SETL-ACH-MTB-100154,True,False,False,False,,,,,,,,,,,,,,,,,,,,,,,,,PASSED,,PASSED,,,[],,,,,True,2026-07-31 00:00:00,0,0,True,8151200237,3,6,False,[],16606.67,,,,,,,,,16150.43,,,,,,,,,,,,,,,,,,,,Meridian Trust Bank,ODFI,101854284,Pinehollow Auto Parts,CORP98052,3061977058,Vertex Commerce Pay,Cascade Point Bank,Kenneth Davis,8151200237,CHECKING,634882300,MERCH-004,32,CREDIT,16150.43,USD,2026-08-01 00:00:00,TRANSFER,BATCH-20260731-13,PPD,225,21,FILE-MTB-20260731-004,2026-07-31 00:00:00,15810,Z,886387163148145,,PASSED,PASSED,ACKNOWLEDGED,2026-07-31 00:00:00,POSTED,2026-07-31 00:00:00,CREDIT,49294.87,65445.3,49294.87,65445.3,2026-07-31T01:58:10Z,2026-07-31T01:59:25Z,2026-07-31T14:25:10Z,2026-07-31T14:26:10Z,CLEARED,,,,,,,,,,,,,,,,,,,,,,,,,,,,,,,,,,,,,,,,,,,,,,,,,,,,,,,,,,,,,,,
ACH,POST,ACH-MTB-100151,MERCHANT,MERCH-003,EXTERNAL_INDIVIDUAL,EXT-P-1959,CREDIT,,,,,,,,,,,,,,,,,,,,,,,,,,,,,,,,,,,,,,,,,2026-06-26T06:20:07Z,True,2026-06-26T06:20:09Z,2671,15000,False,5,,SETTLED,2026-06-27T06:20:07Z,2026-06-27T06:31:07Z,11,True,False,0,,IDEMP-ACH-MTB-100151,,PASSED,,,,,,1,2,7208.61,2596.6,False,27,10000,0.17,,[],False,,,,,,,,,,,,,,SETTLED,,SETL-ACH-MTB-100151,2026-06-27 00:00:00,,,,,,,,,,,,,,,,,,,,,,,,MATCHED,2026-06-27T14:31:07Z,0,True,LEDG-ACH-MTB-100151,1697.15,1697.15,SETL-ACH-MTB-100151,False,True,False,False,,,,,,,,,,,,,,,,,,,,,,,,,PASSED,,PASSED,,,[],,,,,False,2024-12-09 00:00:00,44,564,False,800829208,5,8,True,[],1988.28,,,,,,,,,1697.15,,,,,,,,,,,,,,,,,,,,Meridian Trust Bank,ODFI,630746724,Harbor & Vine Grocers,CORP85882,8112126311,Northstar Payment Solutions,Summit Ridge Bank,Ashley Lee,800829208,CHECKING,908895524,MERCH-003,32,CREDIT,1697.15,USD,2026-06-27 00:00:00,BILL PAY,BATCH-20260626-7,PPD,220,44,FILE-MTB-20260626-002,2026-06-26 00:00:00,62007,F,955244491715838,,PASSED,PASSED,ACKNOWLEDGED,2026-06-27 00:00:00,POSTED,2026-06-27 00:00:00,CREDIT,42399.87,44097.02,42399.87,44097.02,2026-06-26T06:20:07Z,2026-06-26T06:21:22Z,2026-06-27T06:31:07Z,2026-06-27T06:32:07Z,CLEARED,,,,,,,,,,,,,,,,,,,,,,,,,,,,,,,,,,,,,,,,,,,,,,,,,,,,,,,,,,,,,,,
ACH,POST,ACH-MTB-100104,INDIVIDUAL,IND-0026,EXTERNAL_INDIVIDUAL,EXT-P-3386,DEBIT,,,,,,,,,,,,,,,,,,,,,,,,,,,,,,,,,,,,,,,,,2026-08-16T01:18:25Z,True,2026-08-16T01:18:26Z,324,15000,False,0,,SETTLED,2026-08-17T01:18:25Z,2026-08-17T01:19:25Z,1,True,False,0,,IDEMP-ACH-MTB-100104,,PASSED,,,,,,5,14,20803.39,14308.49,True,68,10000,0.967,,[],False,,,,,,,,,,,,,,SETTLED,,SETL-ACH-MTB-100104,2026-08-17 00:00:00,,,,,,,,,,,,,,,,,,,,,,,,MATCHED,2026-08-17T04:19:25Z,0,True,LEDG-ACH-MTB-100104,9672.1,9672.1,SETL-ACH-MTB-100104,False,False,True,False,,,,,,,,,,,,,,,,,,,,,,,,,PASSED,,PASSED,,,[],,,,,False,2026-04-12 00:00:00,26,126,False,6723977113,3,3,False,[],15458.16,,,,,,,,,9672.1,,,,,,,,,,,,,,,,,,,,Meridian Trust Bank,ODFI,262286452,Kathleen Clark,IND65652,3953571611,Meridian Trust Bank,Summit Ridge Bank,Joseph Thomas,6723977113,CHECKING,358214949,,27,DEBIT,9672.1,USD,2026-08-17 00:00:00,TRANSFER,BATCH-20260816-19,CCD,200,41,FILE-MTB-20260816-005,2026-08-16 00:00:00,11825,R,708217244912172,,PASSED,PASSED,ACKNOWLEDGED,2026-08-17 00:00:00,POSTED,2026-08-17 00:00:00,DEBIT,40342.44,30670.34,40342.44,30670.34,2026-08-16T01:18:25Z,2026-08-16T01:19:40Z,2026-08-17T01:19:25Z,2026-08-17T01:20:25Z,CLEARED,,,,,,,,,,,,,,,,,,,,,,,,,,,,,,,,,,,,,,,,,,,,,,,,,,,,,,,,,,,,,,,
ACH,POST,ACH-MTB-100185,MERCHANT,MERCH-003,INDIVIDUAL,IND-0057,CREDIT,,,,,,,,,,,,,,,,,,,,,,,,,,,,,,,,,,,,,,,,,2026-07-11T00:49:08Z,True,2026-07-11T00:49:22Z,2342,15000,False,51,,SETTLED,2026-07-11T04:49:08Z,2026-07-11T04:54:08Z,5,True,False,0,,IDEMP-ACH-MTB-100185,,PASSED,,,,,,2,11,5503.6,2696.35,False,54,10000,0.245,,[],False,,,,,,,,,,,,,,SETTLED,,SETL-ACH-MTB-100185,2026-07-11 00:00:00,,,,,,,,,,,,,,,,,,,,,,,,MATCHED,2026-07-11T13:54:08Z,0,True,LEDG-ACH-MTB-100185,2449.83,2449.83,SETL-ACH-MTB-100185,False,False,False,False,,,,,,,,,,,,,,,,,,,,,,,,,PASSED,,PASSED,,,[],,,,,False,2025-07-09 00:00:00,38,367,False,3587432379,1,1,False,[],3087.93,,,,,,,,,2449.83,,,,,,,,,,,,,,,,,,,,Meridian Trust Bank,ODFI,974235243,Harbor & Vine Grocers,CORP58574,8112126311,Northstar Payment Solutions,Cascade Point Bank,Carol Wilson,3587432379,SAVINGS,328368436,MERCH-003,32,CREDIT,2449.83,USD,2026-07-12 00:00:00,TRANSFER,BATCH-20260711-17,PPD,200,32,FILE-MTB-20260711-005,2026-07-11 00:00:00,4908,B,750431743493012,,PASSED,PASSED,ACKNOWLEDGED,2026-07-11 00:00:00,POSTED,2026-07-11 00:00:00,CREDIT,42640.1,45089.93,42640.1,45089.93,2026-07-11T00:49:08Z,2026-07-11T00:50:23Z,2026-07-11T04:54:08Z,2026-07-11T04:55:08Z,CLEARED,,,,,,,,,,,,,,,,,,,,,,,,,,,,,,,,,,,,,,,,,,,,,,,,,,,,,,,,,,,,,,,
ACH,POST,ACH-MTB-100105,INDIVIDUAL,IND-0011,EXTERNAL_INDIVIDUAL,EXT-P-6926,CREDIT,,,,,,,,,,,,,,,,,,,,,,,,,,,,,,,,,,,,,,,,,2026-07-15T04:03:19Z,True,2026-07-15T04:03:26Z,2922,15000,False,0,,SETTLED,2026-07-15T05:03:19Z,2026-07-15T05:32:19Z,29,True,False,0,,IDEMP-ACH-MTB-100105,,PASSED,,,,,,1,5,11181.61,7479.31,False,36,10000,0.297,,[],False,,,,,,,,,,,,,,SETTLED,,SETL-ACH-MTB-100105,2026-07-15 00:00:00,,,,,,,,,,,,,,,,,,,,,,,,MATCHED,2026-07-15T17:32:19Z,0,True,LEDG-ACH-MTB-100105,2970.44,2970.44,SETL-ACH-MTB-100105,False,False,False,False,,,,,,,,,,,,,,,,,,,,,,,,,PASSED,,PASSED,,,[],,,,,False,2025-08-12 00:00:00,1,337,False,8190790035,1,3,False,[],3698.3,,,,,,,,,2970.44,,,,,,,,,,,,,,,,,,,,Meridian Trust Bank,ODFI,428673284,Paul Martinez,IND80999,4005907267,Meridian Trust Bank,Ironbridge National Bank,Laura Gonzalez,8190790035,SAVINGS,913718738,,22,CREDIT,2970.44,USD,2026-07-16 00:00:00,TRANSFER,BATCH-20260715-10,WEB,200,22,FILE-MTB-20260715-001,2026-07-15 00:00:00,40319,I,79473203768692,,PASSED,PASSED,ACKNOWLEDGED,2026-07-15 00:00:00,POSTED,2026-07-15 00:00:00,CREDIT,18969.77,21940.21,18969.77,21940.21,2026-07-15T04:03:19Z,2026-07-15T04:04:34Z,2026-07-15T05:32:19Z,2026-07-15T05:33:19Z,CLEARED,,,,,,,,,,,,,,,,,,,,,,,,,,,,,,,,,,,,,,,,,,,,,,,,,,,,,,,,,,,,,,,
ACH,POST,ACH-MTB-100135,INDIVIDUAL,IND-0078,EXTERNAL_INDIVIDUAL,EXT-P-9146,CREDIT,,,,,,,,,,,,,,,,,,,,,,,,,,,,,,,,,,,,,,,,,2026-08-21T12:29:42Z,True,2026-08-21T12:29:52Z,4436,15000,False,0,,SETTLED,2026-08-21T16:29:42Z,2026-08-21T16:35:42Z,6,True,False,0,,IDEMP-ACH-MTB-100135,,PASSED,,,,,,1,5,59529.78,27239.02,False,39,10000,1.917,,[],False,,,,,,,,,,,,,,SETTLED,,SETL-ACH-MTB-100135,2026-08-21 00:00:00,,,,,,,,,,,,,,,,,,,,,,,,MATCHED,2026-08-22T00:35:42Z,0,True,LEDG-ACH-MTB-100135,19165.57,19165.57,SETL-ACH-MTB-100135,True,False,False,False,,,,,,,,,,,,,,,,,,,,,,,,,PASSED,,PASSED,,,[],,,,,True,2026-08-21 00:00:00,0,0,True,7016239806,1,3,False,[],18589.33,,,,,,,,,19165.57,,,,,,,,,,,,,,,,,,,,Meridian Trust Bank,ODFI,870415292,Deborah Davis,IND44854,840327782,Meridian Trust Bank,Summit Ridge Bank,Mark Lewis,7016239806,CHECKING,39387530,,27,CREDIT,19165.57,USD,2026-08-22 00:00:00,VENDOR PMT,BATCH-20260821-10,WEB,225,42,FILE-MTB-20260821-003,2026-08-21 00:00:00,122942,F,230688674279442,,PASSED,PASSED,ACKNOWLEDGED,2026-08-21 00:00:00,POSTED,2026-08-21 00:00:00,CREDIT,47894.41,67059.98,47894.41,67059.98,2026-08-21T12:29:42Z,2026-08-21T12:30:57Z,2026-08-21T16:35:42Z,2026-08-21T16:36:42Z,CLEARED,,,,,,,,,,,,,,,,,,,,,,,,,,,,,,,,,,,,,,,,,,,,,,,,,,,,,,,,,,,,,,,
ACH,POST,ACH-MTB-100161,MERCHANT,MERCH-001,EXTERNAL_INDIVIDUAL,EXT-P-3194,CREDIT,,,,,,,,,,,,,,,,,,,,,,,,,,,,,,,,,,,,,,,,,2026-06-30T21:39:07Z,True,2026-06-30T21:39:19Z,539,15000,False,51,,SETTLED,2026-07-01T01:39:07Z,2026-07-01T01:55:07Z,16,True,False,0,,IDEMP-ACH-MTB-100161,,PASSED,,,,,,1,10,7557.17,3480.24,False,60,10000,0.21,,[],False,,,,,,,,,,,,,,SETTLED,,SETL-ACH-MTB-100161,2026-07-01 00:00:00,,,,,,,,,,,,,,,,,,,,,,,,MATCHED,2026-07-02T13:55:07Z,0,True,LEDG-ACH-MTB-100161,2095.7,2095.7,SETL-ACH-MTB-100161,False,True,False,False,,,,,,,,,,,,,,,,,,,,,,,,,PASSED,,PASSED,,,[],,,,,True,2026-06-30 00:00:00,0,0,False,2834421543,8,12,True,[],2007.64,,,,,,,,,2095.7,,,,,,,,,,,,,,,,,,,,Meridian Trust Bank,ODFI,62509616,Bluepeak Hardware Supply,CORP41723,2813398050,Meridian Trust Bank,Cascade Point Bank,Patricia Thomas,2834421543,SAVINGS,882677275,MERCH-001,32,CREDIT,2095.7,USD,2026-07-01 00:00:00,VENDOR PMT,BATCH-20260630-7,PPD,220,4,FILE-MTB-20260630-005,2026-06-30 00:00:00,213907,F,535718628742691,,PASSED,PASSED,ACKNOWLEDGED,2026-07-01 00:00:00,POSTED,2026-07-01 00:00:00,CREDIT,38500.67,40596.37,38500.67,40596.37,2026-06-30T21:39:07Z,2026-06-30T21:40:22Z,2026-07-01T01:55:07Z,2026-07-01T01:56:07Z,CLEARED,,,,,,,,,,,,,,,,,,,,,,,,,,,,,,,,,,,,,,,,,,,,,,,,,,,,,,,,,,,,,,,
ACH,POST,ACH-MTB-100124,INDIVIDUAL,IND-0065,EXTERNAL_INDIVIDUAL,EXT-P-5749,CREDIT,,,,,,,,,,,,,,,,,,,,,,,,,,,,,,,,,,,,,,,,,2026-08-10T06:57:44Z,True,2026-08-10T06:57:48Z,3285,15000,False,5,,SETTLED,2026-08-10T07:57:44Z,2026-08-10T08:02:44Z,5,True,False,0,,IDEMP-ACH-MTB-100124,,PASSED,,,,,,5,12,37648.53,12729.29,False,63,10000,0.982,,[],False,,,,,,,,,,,,,,SETTLED,,SETL-ACH-MTB-100124,2026-08-10 00:00:00,,,,,,,,,,,,,,,,,,,,,,,,MATCHED,2026-08-11T04:02:44Z,0,True,LEDG-ACH-MTB-100124,9822.09,9822.09,SETL-ACH-MTB-100124,False,False,False,False,,,,,,,,,,,,,,,,,,,,,,,,,PASSED,,PASSED,,,[],,,,,False,2026-04-01 00:00:00,59,131,False,8197823236,1,3,False,[],12876.7,,,,,,,,,9822.09,,,,,,,,,,,,,,,,,,,,Meridian Trust Bank,ODFI,646111228,Kevin Lopez,IND36806,4755409304,Meridian Trust Bank,Ironbridge National Bank,Ashley White,8197823236,CHECKING,812387346,,27,CREDIT,9822.09,USD,2026-08-11 00:00:00,BILL PAY,BATCH-20260810-14,PPD,200,7,FILE-MTB-20260810-005,2026-08-10 00:00:00,65744,K,333612679628400,,PASSED,PASSED,ACKNOWLEDGED,2026-08-10 00:00:00,POSTED,2026-08-10 00:00:00,CREDIT,26329.39,36151.48,26329.39,36151.48,2026-08-10T06:57:44Z,2026-08-10T06:58:59Z,2026-08-10T08:02:44Z,2026-08-10T08:03:44Z,CLEARED,,,,,,,,,,,,,,,,,,,,,,,,,,,,,,,,,,,,,,,,,,,,,,,,,,,,,,,,,,,,,,,
ACH,POST,ACH-MTB-100164,MERCHANT,MERCH-001,INDIVIDUAL,IND-0093,DEBIT,,,,,,,,,,,,,,,,,,,,,,,,,,,,,,,,,,,,,,,,,2026-08-06T02:17:36Z,False,,,15000,True,,,SETTLED,2026-08-06T14:17:36Z,2026-08-06T14:22:36Z,5,True,False,0,,IDEMP-ACH-MTB-100164,,PASSED,,,,,,1,6,58439.33,37816.9,False,37,10000,2.008,,[],False,,,,,,,,,,,,,,SETTLED,,SETL-ACH-MTB-100164,2026-08-06 00:00:00,,,,,,,,,,,,,,,,,,,,,,,,NOT_YET_RECONCILED,,0,True,LEDG-ACH-MTB-100164,20077.14,20077.14,SETL-ACH-MTB-100164,False,False,False,False,,,,,,,,,,,,,,,,,,,,,,,,,PASSED,,PASSED,,,[],,,,,False,2025-12-01 00:00:00,9,248,False,8321601567,3,3,False,[],24813.3,,,,,,,,,20077.14,,,,,,,,,,,,,,,,,,,,Meridian Trust Bank,ODFI,217934863,Bluepeak Hardware Supply,CORP60047,2813398050,Meridian Trust Bank,Summit Ridge Bank,Richard Thompson,8321601567,CHECKING,31607772,MERCH-001,32,DEBIT,20077.14,USD,2026-08-07 00:00:00,BILL PAY,BATCH-20260806-7,CCD,220,22,FILE-MTB-20260806-002,2026-08-06 00:00:00,21736,E,147157444423754,,PASSED,PASSED,PENDING,2026-08-06 00:00:00,POSTED,2026-08-06 00:00:00,DEBIT,33148.01,13070.87,33148.01,13070.87,2026-08-06T02:17:36Z,2026-08-06T02:18:51Z,2026-08-06T14:22:36Z,2026-08-06T14:23:36Z,CLEARED,,,,,,,,,,,,,,,,,,,,,,,,,,,,,,,,,,,,,,,,,,,,,,,,,,,,,,,,,,,,,,,
ACH,POST,ACH-MTB-100184,MERCHANT,MERCH-001,EXTERNAL_INDIVIDUAL,EXT-P-1492,CREDIT,,,,,,,,,,,,,,,,,,,,,,,,,,,,,,,,,,,,,,,,,2026-07-31T21:44:41Z,True,2026-07-31T21:44:46Z,3068,15000,False,0,,SETTLED,2026-08-02T21:44:41Z,2026-08-02T22:44:41Z,60,True,False,0,,IDEMP-ACH-MTB-100184,,PASSED,,,,,,1,3,7441.61,2577.32,False,31,10000,0.54,,[],False,,,,,,,,,,,,,,SETTLED,,SETL-ACH-MTB-100184,2026-08-02 00:00:00,,,,,,,,,,,,,,,,,,,,,,,,MATCHED,2026-08-03T21:44:41Z,0,True,LEDG-ACH-MTB-100184,5404.07,5404.07,SETL-ACH-MTB-100184,False,False,False,False,,,,,,,,,,,,,,,,,,,,,,,,,PASSED,,PASSED,,,[],,,,,False,2025-05-27 00:00:00,12,430,False,2494119705,1,1,False,[],6930.5,,,,,,,,,5404.07,,,,,,,,,,,,,,,,,,,,Meridian Trust Bank,ODFI,420192481,Bluepeak Hardware Supply,CORP37779,2813398050,Meridian Trust Bank,Summit Ridge Bank,Betty Clark,2494119705,SAVINGS,595009144,MERCH-001,37,CREDIT,5404.07,USD,2026-08-01 00:00:00,TRANSFER,BATCH-20260731-7,PPD,225,23,FILE-MTB-20260731-005,2026-07-31 00:00:00,214441,C,912720633053804,,PASSED,PASSED,ACKNOWLEDGED,2026-08-02 00:00:00,POSTED,2026-08-02 00:00:00,CREDIT,13946.37,19350.44,13946.37,19350.44,2026-07-31T21:44:41Z,2026-07-31T21:45:56Z,2026-08-02T22:44:41Z,2026-08-02T22:45:41Z,CLEARED,,,,,,,,,,,,,,,,,,,,,,,,,,,,,,,,,,,,,,,,,,,,,,,,,,,,,,,,,,,,,,,
ACH,POST,ACH-MTB-100111,INDIVIDUAL,IND-0043,EXTERNAL_INDIVIDUAL,EXT-P-8557,CREDIT,,,,,,,,,,,,,,,,,,,,,,,,,,,,,,,,,,,,,,,,,2026-07-06T13:07:01Z,True,2026-07-06T13:07:11Z,2561,15000,False,5,,SETTLED,2026-07-06T17:07:01Z,2026-07-06T17:46:01Z,39,True,False,0,,IDEMP-ACH-MTB-100111,,PASSED,,,,,,1,9,64205.03,22820.06,False,51,10000,2.596,,[],False,,,,,,,,,,,,,,SETTLED,,SETL-ACH-MTB-100111,2026-07-06 00:00:00,,,,,,,,,,,,,,,,,,,,,,,,MATCHED,2026-07-07T14:46:01Z,0,True,LEDG-ACH-MTB-100111,25955.33,25955.33,SETL-ACH-MTB-100111,False,False,False,False,,,,,,,,,,,,,,,,,,,,,,,,,PASSED,,PASSED,,,[],,,,,False,2023-12-03 00:00:00,13,946,False,8134592367,2,3,False,[],22716.52,,,,,,,,,25955.33,,,,,,,,,,,,,,,,,,,,Meridian Trust Bank,ODFI,121859540,Carol Wright,IND68190,5460312715,Meridian Trust Bank,Ironbridge National Bank,James Lopez,8134592367,SAVINGS,821156516,,22,CREDIT,25955.33,USD,2026-07-07 00:00:00,VENDOR PMT,BATCH-20260706-9,CCD,225,15,FILE-MTB-20260706-001,2026-07-06 00:00:00,130701,Y,422672120810514,,PASSED,PASSED,ACKNOWLEDGED,2026-07-06 00:00:00,POSTED,2026-07-06 00:00:00,CREDIT,12786.18,38741.51,12786.18,38741.51,2026-07-06T13:07:01Z,2026-07-06T13:08:16Z,2026-07-06T17:46:01Z,2026-07-06T17:47:01Z,CLEARED,,,,,,,,,,,,,,,,,,,,,,,,,,,,,,,,,,,,,,,,,,,,,,,,,,,,,,,,,,,,,,,
ACH,POST,ACH-MTB-100117,INDIVIDUAL,IND-0089,EXTERNAL_INDIVIDUAL,EXT-P-2967,CREDIT,,,,,,,,,,,,,,,,,,,,,,,,,,,,,,,,,,,,,,,,,2026-07-08T16:57:46Z,True,2026-07-08T16:57:50Z,1335,15000,False,91,,SETTLED,2026-07-08T20:57:46Z,2026-07-08T21:37:46Z,40,True,False,0,,IDEMP-ACH-MTB-100117,,PASSED,,,,,,1,3,2998.55,1269.89,False,33,10000,0.072,,[],False,,,,,,,,,,,,,,SETTLED,,SETL-ACH-MTB-100117,2026-07-08 00:00:00,,,,,,,,,,,,,,,,,,,,,,,,NOT_YET_RECONCILED,,0,True,LEDG-ACH-MTB-100117,716.29,716.29,SETL-ACH-MTB-100117,False,True,False,False,,,,,,,,,,,,,,,,,,,,,,,,,PASSED,,PASSED,,,[],,,,,False,2026-02-22 00:00:00,28,136,False,156882360,5,9,True,[],863.39,,,,,,,,,716.29,,,,,,,,,,,,,,,,,,,,Meridian Trust Bank,ODFI,553455454,David Lewis,IND44634,4430016252,Meridian Trust Bank,Ironbridge National Bank,Charles Johnson,156882360,SAVINGS,151158262,,27,CREDIT,716.29,USD,2026-07-09 00:00:00,TRANSFER,BATCH-20260708-7,WEB,220,38,FILE-MTB-20260708-004,2026-07-08 00:00:00,165746,Z,633839669059867,,PASSED,PASSED,ACKNOWLEDGED,2026-07-08 00:00:00,POSTED,2026-07-08 00:00:00,CREDIT,34151.35,34867.64,34151.35,34867.64,2026-07-08T16:57:46Z,2026-07-08T16:59:01Z,2026-07-08T21:37:46Z,2026-07-08T21:38:46Z,CLEARED,,,,,,,,,,,,,,,,,,,,,,,,,,,,,,,,,,,,,,,,,,,,,,,,,,,,,,,,,,,,,,,
ACH,POST,ACH-MTB-100113,INDIVIDUAL,IND-0062,EXTERNAL_INDIVIDUAL,EXT-P-8544,CREDIT,,,,,,,,,,,,,,,,,,,,,,,,,,,,,,,,,,,,,,,,,2026-07-22T00:46:05Z,True,2026-07-22T00:46:19Z,2633,15000,False,0,,IN_TRANSIT,2026-07-22T01:46:05Z,,,False,False,0,,IDEMP-ACH-MTB-100113,,PASSED,,,,,,1,7,2174.38,788.16,False,41,10000,0.054,,[],False,,,,,,,,,,,,,,REJECTED,,,,,,,,,,,,,,,,,,,,,,,,,,,NOT_APPLICABLE,,,,,,,,False,False,False,False,,,,,,,,,,,,,,,,,,,,,,,,,PASSED,,FAILED,E204,Invalid routing number checksum,['E204'],,,,,False,2025-03-09 00:00:00,30,500,False,8061102337,1,1,False,[],534.26,,,,,,,,,,,,,,,,,,,,,,,,,,,,,Meridian Trust Bank,ODFI,47667455,Robert Garcia,IND83571,5095365440,Meridian Trust Bank,Cascade Point Bank,Sandra Wright,8061102337,CHECKING,333558058,,37,CREDIT,544.45,USD,2026-07-23 00:00:00,PAYROLL,BATCH-20260722-11,PPD,225,48,FILE-MTB-20260722-004,2026-07-22 00:00:00,4605,K,427235607907346,,FAILED,FAILED,REJECTED,2026-07-22 00:00:00,NOT_POSTED,,CREDIT,33352.49,33352.49,33352.49,33352.49,2026-07-22T00:46:05Z,2026-07-22T00:47:20Z,,,REJECTED,,,,,,,,,,,,,,,,,,,,,,,,,,,,,,,,,,,,,,,,,,,,,,,,,,,,,,,,,,,,,,,
ACH,POST,ACH-MTB-100192,MERCHANT,MERCH-009,INDIVIDUAL,IND-0086,CREDIT,,,,,,,,,,,,,,,,,,,,,,,,,,,,,,,,,,,,,,,,,2026-06-28T11:57:31Z,True,2026-06-28T11:57:37Z,104,15000,False,51,,SETTLED,2026-06-28T23:57:31Z,2026-06-29T00:12:31Z,15,True,False,0,,IDEMP-ACH-MTB-100192,,PASSED,,,,,,1,7,24265.13,16229.43,False,38,10000,0.978,,[],True,,,,,,,,,,,,,,SETTLED,,SETL-ACH-MTB-100192,2026-06-29 00:00:00,,,,,,,,,,,,,,,,,,,,,,,,MATCHED,2026-06-30T02:12:31Z,0,True,LEDG-ACH-MTB-100192,9783.06,9783.06,SETL-ACH-MTB-100192,False,False,False,True,,,,,,,,,,,,,,,,,,,,,,,,,PASSED,,PASSED,,,[],,,,,False,2023-04-03 00:00:00,14,1182,False,4358023087,2,6,False,[],22563.75,,,,,,,,,9783.06,,,,,,,,,,,,,,,,,,,,Meridian Trust Bank,ODFI,575659548,Copperfield Building Supply,CORP20705,9446335263,Northstar Payment Solutions,Cascade Point Bank,Emily Davis,4358023087,SAVINGS,786338423,MERCH-009,22,CREDIT,9783.06,USD,2026-06-29 00:00:00,TRANSFER,BATCH-20260628-11,CCD,225,34,FILE-MTB-20260628-001,2026-06-28 00:00:00,115731,G,556452542799261,,PASSED,PASSED,ACKNOWLEDGED,2026-06-28 00:00:00,POSTED,2026-06-29 00:00:00,CREDIT,1544,11327.06,1544,11327.06,2026-06-28T11:57:31Z,2026-06-28T11:58:46Z,2026-06-29T00:12:31Z,2026-06-29T00:13:31Z,CLEARED,,,,,,,,,,,,,,,,,,,,,,,,,,,,,,,,,,,,,,,,,,,,,,,,,,,,,,,,,,,,,,,
ACH,POST,ACH-MTB-100137,INDIVIDUAL,IND-0086,EXTERNAL_INDIVIDUAL,EXT-P-3640,CREDIT,,,,,,,,,,,,,,,,,,,,,,,,,,,,,,,,,,,,,,,,,2026-08-20T02:51:03Z,True,2026-08-20T02:51:10Z,465,15000,False,0,,SETTLED,2026-08-22T02:51:03Z,2026-08-22T03:45:03Z,54,True,False,0,,IDEMP-ACH-MTB-100137,,PASSED,,,,,,2,9,566.42,300.59,False,53,10000,0.042,,[],False,,,,,,,,,,,,,,SETTLED,,SETL-ACH-MTB-100137,2026-08-22 00:00:00,,,,,,,,,,,,,,,,,,,,,,,,MATCHED,2026-08-22T12:45:03Z,0,True,LEDG-ACH-MTB-100137,417.62,417.62,SETL-ACH-MTB-100137,False,False,False,False,,,,,,,,,,,,,,,,,,,,,,,,,PASSED,,PASSED,,,[],,,,,False,2025-04-14 00:00:00,12,493,False,4483703160,1,5,False,[],521.41,,,,,,,,,417.62,,,,,,,,,,,,,,,,,,,,Meridian Trust Bank,ODFI,124555084,Emily Davis,IND53256,4358023087,Meridian Trust Bank,Summit Ridge Bank,Nancy Williams,4483703160,CHECKING,316525084,,32,CREDIT,417.62,USD,2026-08-21 00:00:00,TRANSFER,BATCH-20260820-20,PPD,225,32,FILE-MTB-20260820-002,2026-08-20 00:00:00,25103,R,250503081221064,,PASSED,PASSED,ACKNOWLEDGED,2026-08-22 00:00:00,POSTED,2026-08-22 00:00:00,CREDIT,49538.14,49955.76,49538.14,49955.76,2026-08-20T02:51:03Z,2026-08-20T02:52:18Z,2026-08-22T03:45:03Z,2026-08-22T03:46:03Z,CLEARED,,,,,,,,,,,,,,,,,,,,,,,,,,,,,,,,,,,,,,,,,,,,,,,,,,,,,,,,,,,,,,,
ACH,POST,ACH-MTB-100112,INDIVIDUAL,IND-0023,EXTERNAL_INDIVIDUAL,EXT-P-2844,DEBIT,,,,,,,,,,,,,,,,,,,,,,,,,,,,,,,,,,,,,,,,,2026-08-17T16:08:20Z,True,2026-08-17T16:08:32Z,1729,15000,False,51,,SETTLED,2026-08-17T20:08:20Z,2026-08-17T20:44:20Z,36,True,False,0,,IDEMP-ACH-MTB-100112,,PASSED,,,,,,3,9,7547.29,4000.42,False,48,10000,0.299,,[],False,,,,,,,,,,,,,,SETTLED,,SETL-ACH-MTB-100112,2026-08-17 00:00:00,,,,,,,,,,,,,,,,,,,,,,,,MATCHED,2026-08-19T07:44:20Z,0,True,LEDG-ACH-MTB-100112,2988.8,2988.8,SETL-ACH-MTB-100112,False,False,False,False,,,,,,,,,,,,,,,,,,,,,,,,,PASSED,,PASSED,,,[],,,,,True,2026-08-17 00:00:00,0,0,False,8518239896,1,5,False,[],3401.59,,,,,,,,,2988.8,,,,,,,,,,,,,,,,,,,,Meridian Trust Bank,ODFI,214188744,James Brown,IND87398,16593766,Meridian Trust Bank,Cascade Point Bank,Paul Lopez,8518239896,SAVINGS,539708593,,37,DEBIT,2988.8,USD,2026-08-18 00:00:00,PAYROLL,BATCH-20260817-18,CCD,200,9,FILE-MTB-20260817-005,2026-08-17 00:00:00,160820,K,99253716335133,,PASSED,PASSED,ACKNOWLEDGED,2026-08-17 00:00:00,POSTED,2026-08-17 00:00:00,DEBIT,4402.04,1413.24,4402.04,1413.24,2026-08-17T16:08:20Z,2026-08-17T16:09:35Z,2026-08-17T20:44:20Z,2026-08-17T20:45:20Z,CLEARED,,,,,,,,,,,,,,,,,,,,,,,,,,,,,,,,,,,,,,,,,,,,,,,,,,,,,,,,,,,,,,,
ACH,POST,ACH-MTB-100166,MERCHANT,MERCH-002,INDIVIDUAL,IND-0006,DEBIT,,,,,,,,,,,,,,,,,,,,,,,,,,,,,,,,,,,,,,,,,2026-07-08T07:55:55Z,True,2026-07-08T07:55:56Z,2093,15000,False,0,,SETTLED,2026-07-08T11:55:55Z,2026-07-08T12:44:55Z,49,True,False,0,,IDEMP-ACH-MTB-100166,,PASSED,,,,,,1,8,8332.57,4771.48,False,44,10000,0.224,,[],False,,,,,,,,,,,,,,SETTLED,,SETL-ACH-MTB-100166,2026-07-08 00:00:00,,,,,,,,,,,,,,,,,,,,,,,,MATCHED,2026-07-09T16:44:55Z,0,True,LEDG-ACH-MTB-100166,2236.1,2236.1,SETL-ACH-MTB-100166,False,False,False,False,,,,,,,,,,,,,,,,,,,,,,,,,PASSED,,PASSED,,,[],,,,,False,2024-11-15 00:00:00,56,600,False,2107816442,2,6,False,[],2732.01,,,,,,,,,2236.1,,,,,,,,,,,,,,,,,,,,Meridian Trust Bank,ODFI,852172465,Crestline Office Outfitters,CORP22190,5123580257,Vertex Commerce Pay,Ironbridge National Bank,Maria Torres,2107816442,SAVINGS,418779626,MERCH-002,37,DEBIT,2236.1,USD,2026-07-09 00:00:00,TRANSFER,BATCH-20260708-2,WEB,220,46,FILE-MTB-20260708-003,2026-07-08 00:00:00,75555,Z,47093055613632,,PASSED,PASSED,ACKNOWLEDGED,2026-07-08 00:00:00,POSTED,2026-07-08 00:00:00,DEBIT,39598.17,37362.07,39598.17,37362.07,2026-07-08T07:55:55Z,2026-07-08T07:57:10Z,2026-07-08T12:44:55Z,2026-07-08T12:45:55Z,CLEARED,,,,,,,,,,,,,,,,,,,,,,,,,,,,,,,,,,,,,,,,,,,,,,,,,,,,,,,,,,,,,,,
ACH,POST,ACH-MTB-100159,MERCHANT,MERCH-002,EXTERNAL_INDIVIDUAL,EXT-P-2634,CREDIT,,,,,,,,,,,,,,,,,,,,,,,,,,,,,,,,,,,,,,,,,2026-08-06T15:58:25Z,True,2026-08-06T15:58:28Z,863,15000,False,51,,SETTLED,2026-08-06T16:58:25Z,2026-08-06T17:11:25Z,13,True,False,0,,IDEMP-ACH-MTB-100159,,PASSED,,,,,,1,4,34363.62,16906.04,False,32,10000,0.941,,[],False,,,,,,,,,,,,,,SETTLED,,SETL-ACH-MTB-100159,2026-08-06 00:00:00,,,,,,,,,,,,,,,,,,,,,,,,MATCHED,2026-08-08T04:11:25Z,0,True,LEDG-ACH-MTB-100159,9414.22,9414.22,SETL-ACH-MTB-100159,False,False,False,False,,,,,,,,,,,,,,,,,,,,,,,,,PASSED,,PASSED,,,[],,,,,False,2024-03-11 00:00:00,52,878,False,2270441612,5,7,False,[],13568.26,,,,,,,,,9414.22,,,,,,,,,,,,,,,,,,,,Meridian Trust Bank,ODFI,917940336,Crestline Office Outfitters,CORP69737,5123580257,Vertex Commerce Pay,Summit Ridge Bank,Donna Sanchez,2270441612,CHECKING,68549155,MERCH-002,22,CREDIT,9414.22,USD,2026-08-07 00:00:00,BILL PAY,BATCH-20260806-10,WEB,220,39,FILE-MTB-20260806-005,2026-08-06 00:00:00,155825,I,337091826266906,,PASSED,PASSED,ACKNOWLEDGED,2026-08-06 00:00:00,POSTED,2026-08-06 00:00:00,CREDIT,26917.72,36331.94,26917.72,36331.94,2026-08-06T15:58:25Z,2026-08-06T15:59:40Z,2026-08-06T17:11:25Z,2026-08-06T17:12:25Z,CLEARED,,,,,,,,,,,,,,,,,,,,,,,,,,,,,,,,,,,,,,,,,,,,,,,,,,,,,,,,,,,,,,,
ACH,POST,ACH-MTB-100182,MERCHANT,MERCH-010,EXTERNAL_INDIVIDUAL,EXT-P-7590,CREDIT,,,,,,,,,,,,,,,,,,,,,,,,,,,,,,,,,,,,,,,,,2026-07-31T10:44:40Z,True,2026-07-31T10:44:42Z,347,15000,False,0,,SETTLED,2026-07-31T22:44:40Z,2026-07-31T22:58:40Z,14,True,False,0,,IDEMP-ACH-MTB-100182,,PASSED,,,,,,1,9,18420,9124.76,False,50,10000,1.665,,[],False,,,,,,,,,,,,,,SETTLED,,SETL-ACH-MTB-100182,2026-07-31 00:00:00,,,,,,,,,,,,,,,,,,,,,,,,NOT_YET_RECONCILED,,0,True,LEDG-ACH-MTB-100182,16652.93,16652.93,SETL-ACH-MTB-100182,False,False,False,False,,,,,,,,,,,,,,,,,,,,,,,,,PASSED,,PASSED,,,[],,,,,False,2023-05-20 00:00:00,42,1168,False,8610933246,2,6,False,[],21293.08,,,,,,,,,16652.93,,,,,,,,,,,,,,,,,,,,Meridian Trust Bank,ODFI,656539979,Wrenfield Pharmacy Group,CORP58775,4806704660,Vertex Commerce Pay,Summit Ridge Bank,Ronald Nguyen,8610933246,CHECKING,143407163,MERCH-010,27,CREDIT,16652.93,USD,2026-08-01 00:00:00,VENDOR PMT,BATCH-20260731-9,PPD,200,45,FILE-MTB-20260731-003,2026-07-31 00:00:00,104440,K,273329810369944,,PASSED,PASSED,ACKNOWLEDGED,2026-07-31 00:00:00,POSTED,2026-07-31 00:00:00,CREDIT,8448.3,25101.23,8448.3,25101.23,2026-07-31T10:44:40Z,2026-07-31T10:45:55Z,2026-07-31T22:58:40Z,2026-07-31T22:59:40Z,CLEARED,,,,,,,,,,,,,,,,,,,,,,,,,,,,,,,,,,,,,,,,,,,,,,,,,,,,,,,,,,,,,,,
ACH,POST,ACH-MTB-100152,MERCHANT,MERCH-002,EXTERNAL_INDIVIDUAL,EXT-P-6532,CREDIT,,,,,,,,,,,,,,,,,,,,,,,,,,,,,,,,,,,,,,,,,2026-06-27T05:02:00Z,True,2026-06-27T05:02:12Z,4215,15000,False,0,,SETTLED,2026-06-27T09:02:00Z,2026-06-27T09:18:00Z,16,True,False,0,,IDEMP-ACH-MTB-100152,,PASSED,,,,,,1,11,30125.04,21182.01,True,51,10000,0.966,,[],True,,,,,,,,,,,,,,SETTLED,,SETL-ACH-MTB-100152,2026-06-27 00:00:00,,,,,,,,,,,,,,,,,,,,,,,,NOT_YET_RECONCILED,,0,True,LEDG-ACH-MTB-100152,9662.78,9662.78,SETL-ACH-MTB-100152,False,False,True,True,,,,,,,,,,,,,,,,,,,,,,,,,PASSED,,PASSED,,,[],,,,,False,2024-08-07 00:00:00,48,689,False,8152484733,1,1,False,[],9928.75,,,,,,,,,9662.78,,,,,,,,,,,,,,,,,,,,Meridian Trust Bank,ODFI,458437289,Crestline Office Outfitters,CORP17115,5123580257,Vertex Commerce Pay,Summit Ridge Bank,Paul Brown,8152484733,SAVINGS,891099559,MERCH-002,27,CREDIT,9662.78,USD,2026-06-28 00:00:00,BILL PAY,BATCH-20260627-1,WEB,200,33,FILE-MTB-20260627-004,2026-06-27 00:00:00,50200,V,617610313128635,,PASSED,PASSED,ACKNOWLEDGED,2026-06-27 00:00:00,POSTED,2026-06-27 00:00:00,CREDIT,41864.19,51526.97,41864.19,51526.97,2026-06-27T05:02:00Z,2026-06-27T05:03:15Z,2026-06-27T09:18:00Z,2026-06-27T09:19:00Z,CLEARED,,,,,,,,,,,,,,,,,,,,,,,,,,,,,,,,,,,,,,,,,,,,,,,,,,,,,,,,,,,,,,,
ACH,POST,ACH-MTB-100157,MERCHANT,MERCH-002,EXTERNAL_INDIVIDUAL,EXT-P-8427,CREDIT,,,,,,,,,,,,,,,,,,,,,,,,,,,,,,,,,,,,,,,,,2026-08-08T23:35:55Z,True,2026-08-08T23:35:56Z,3651,15000,False,0,,SETTLED,2026-08-09T00:35:55Z,2026-08-09T00:41:55Z,6,True,False,0,,IDEMP-ACH-MTB-100157,,PASSED,,,,,,5,7,3405.59,1791.53,False,39,10000,0.116,,[],False,,,,,,,,,,,,,,SETTLED,,SETL-ACH-MTB-100157,2026-08-09 00:00:00,,,,,,,,,,,,,,,,,,,,,,,,NOT_YET_RECONCILED,,0,True,LEDG-ACH-MTB-100157,1159.3,1159.3,SETL-ACH-MTB-100157,True,False,False,False,,,,,,,,,,,,,,,,,,,,,,,,,PASSED,,PASSED,,,[],,,,,True,2026-08-08 00:00:00,0,0,True,9127113719,3,3,False,[],995.15,,,,,,,,,1159.3,,,,,,,,,,,,,,,,,,,,Meridian Trust Bank,ODFI,56793680,Crestline Office Outfitters,CORP18680,5123580257,Vertex Commerce Pay,Ironbridge National Bank,Michelle Perez,9127113719,CHECKING,854026280,MERCH-002,27,CREDIT,1159.3,USD,2026-08-09 00:00:00,VENDOR PMT,BATCH-20260808-7,PPD,200,17,FILE-MTB-20260808-004,2026-08-08 00:00:00,233555,O,352971939602727,,PASSED,PASSED,ACKNOWLEDGED,2026-08-09 00:00:00,POSTED,2026-08-09 00:00:00,CREDIT,4095.53,5254.83,4095.53,5254.83,2026-08-08T23:35:55Z,2026-08-08T23:37:10Z,2026-08-09T00:41:55Z,2026-08-09T00:42:55Z,CLEARED,,,,,,,,,,,,,,,,,,,,,,,,,,,,,,,,,,,,,,,,,,,,,,,,,,,,,,,,,,,,,,,
ACH,POST,ACH-MTB-100156,MERCHANT,MERCH-001,INDIVIDUAL,IND-0073,CREDIT,,,,,,,,,,,,,,,,,,,,,,,,,,,,,,,,,,,,,,,,,2026-07-31T19:41:05Z,True,2026-07-31T19:41:16Z,2585,15000,False,0,,SETTLED,2026-08-02T19:41:05Z,2026-08-02T20:07:05Z,26,True,False,0,,IDEMP-ACH-MTB-100156,,PASSED,,,,,,5,11,41245.11,21984.06,True,60,10000,2.914,,[],False,,,,,,,,,,,,,,SETTLED,,SETL-ACH-MTB-100156,2026-08-02 00:00:00,,,,,,,,,,,,,,,,,,,,,,,,MATCHED,2026-08-03T00:07:05Z,0,True,LEDG-ACH-MTB-100156,29139.39,29139.39,SETL-ACH-MTB-100156,True,True,True,False,,,,,,,,,,,,,,,,,,,,,,,,,PASSED,,PASSED,,,[],,,,,True,2026-07-31 00:00:00,0,0,True,3719878466,8,11,True,[],36940.01,,,,,,,,,29139.39,,,,,,,,,,,,,,,,,,,,Meridian Trust Bank,ODFI,354850936,Bluepeak Hardware Supply,CORP28089,2813398050,Meridian Trust Bank,Ironbridge National Bank,Susan Johnson,3719878466,CHECKING,219443478,MERCH-001,37,CREDIT,29139.39,USD,2026-08-01 00:00:00,PAYROLL,BATCH-20260731-3,PPD,220,1,FILE-MTB-20260731-001,2026-07-31 00:00:00,194105,Q,199118495621952,,PASSED,PASSED,ACKNOWLEDGED,2026-08-02 00:00:00,POSTED,2026-08-02 00:00:00,CREDIT,37859.83,66999.22,37859.83,66999.22,2026-07-31T19:41:05Z,2026-07-31T19:42:20Z,2026-08-02T20:07:05Z,2026-08-02T20:08:05Z,CLEARED,,,,,,,,,,,,,,,,,,,,,,,,,,,,,,,,,,,,,,,,,,,,,,,,,,,,,,,,,,,,,,,
ACH,POST,ACH-MTB-100119,INDIVIDUAL,IND-0079,EXTERNAL_INDIVIDUAL,EXT-P-6082,CREDIT,,,,,,,,,,,,,,,,,,,,,,,,,,,,,,,,,,,,,,,,,2026-07-07T18:56:15Z,True,2026-07-07T18:56:27Z,3444,15000,False,91,,SETTLED,2026-07-07T22:56:15Z,2026-07-07T23:52:15Z,56,True,False,0,,IDEMP-ACH-MTB-100119,,PASSED,,,,,,5,12,15267.37,9273.63,False,62,10000,0.997,,[],False,,,,,,,,,,,,,,SETTLED,,SETL-ACH-MTB-100119,2026-07-07 00:00:00,,,,,,,,,,,,,,,,,,,,,,,,NOT_YET_RECONCILED,,0,True,LEDG-ACH-MTB-100119,9967.08,9967.08,SETL-ACH-MTB-100119,True,False,False,False,,,,,,,,,,,,,,,,,,,,,,,,,PASSED,,PASSED,,,[],,,,,True,2026-07-07 00:00:00,0,0,True,689842325,1,3,False,[],12093.49,,,,,,,,,9967.08,,,,,,,,,,,,,,,,,,,,Meridian Trust Bank,ODFI,207604510,Cynthia Flores,IND91885,4231602677,Meridian Trust Bank,Cascade Point Bank,Karen Davis,689842325,CHECKING,817473197,,32,CREDIT,9967.08,USD,2026-07-08 00:00:00,BILL PAY,BATCH-20260707-15,PPD,225,46,FILE-MTB-20260707-005,2026-07-07 00:00:00,185615,G,976642820923966,,PASSED,PASSED,ACKNOWLEDGED,2026-07-07 00:00:00,POSTED,2026-07-07 00:00:00,CREDIT,5394.86,15361.94,5394.86,15361.94,2026-07-07T18:56:15Z,2026-07-07T18:57:30Z,2026-07-07T23:52:15Z,2026-07-07T23:53:15Z,CLEARED,,,,,,,,,,,,,,,,,,,,,,,,,,,,,,,,,,,,,,,,,,,,,,,,,,,,,,,,,,,,,,,
ACH,POST,ACH-MTB-100121,INDIVIDUAL,IND-0004,EXTERNAL_INDIVIDUAL,EXT-P-8376,CREDIT,,,,,,,,,,,,,,,,,,,,,,,,,,,,,,,,,,,,,,,,,2026-08-03T23:00:53Z,True,2026-08-03T23:00:58Z,3707,15000,False,91,,SETTLED,2026-08-04T23:00:53Z,2026-08-04T23:22:53Z,22,True,False,0,,IDEMP-ACH-MTB-100121,,PASSED,,,,,,1,9,3939.61,2572.74,False,45,10000,0.279,,[],False,,,,,,,,,,,,,,SETTLED,,SETL-ACH-MTB-100121,2026-08-04 00:00:00,,,,,,,,,,,,,,,,,,,,,,,,MATCHED,2026-08-05T09:22:53Z,0,True,LEDG-ACH-MTB-100121,2792.09,2792.09,SETL-ACH-MTB-100121,False,False,False,False,,,,,,,,,,,,,,,,,,,,,,,,,PASSED,,PASSED,,,[],,,,,False,2025-05-13 00:00:00,14,447,False,7962975364,3,7,False,[],2424.47,,,,,,,,,2792.09,,,,,,,,,,,,,,,,,,,,Meridian Trust Bank,ODFI,810372074,Michelle Martinez,IND82807,8750734354,Meridian Trust Bank,Cascade Point Bank,Michelle Johnson,7962975364,SAVINGS,728677885,,37,CREDIT,2792.09,USD,2026-08-04 00:00:00,TRANSFER,BATCH-20260803-15,CCD,225,20,FILE-MTB-20260803-002,2026-08-03 00:00:00,230053,E,745447226505198,,PASSED,PASSED,ACKNOWLEDGED,2026-08-04 00:00:00,POSTED,2026-08-04 00:00:00,CREDIT,25747.14,28539.23,25747.14,28539.23,2026-08-03T23:00:53Z,2026-08-03T23:02:08Z,2026-08-04T23:22:53Z,2026-08-04T23:23:53Z,CLEARED,,,,,,,,,,,,,,,,,,,,,,,,,,,,,,,,,,,,,,,,,,,,,,,,,,,,,,,,,,,,,,,
