rail,settlement_stage,transaction_id,entity_type,entity_id,counterparty_type,counterparty_id,credit_debit_indicator,payment.payment_id,payment.transaction_id,payment.transaction_type,payment.status,payment.created_at,payment.transaction_date,payment.payment_method.type,payment.payment_method.card_brand,payment.payment_method.card_number_masked,payment.payment_method.card_funding,payment.payment_method.card_category,merchant.merchant_id,merchant.legal_name,merchant.merchant_name,merchant.merchant_location.city,merchant.merchant_location.state,merchant.merchant_location.postal_code,merchant.merchant_location.country,transaction.amount,transaction.currency,transaction.authorization.status,transaction.authorization.authorization_code,transaction.authorization.authorization_timestamp,transaction.entry.entry_mode,transaction.entry.channel,references.trace_number,references.reference_id,references.order_id,processing.authorization_status,processing.capture_status,processing.settlement_status,processing.posting_status,processing.reconciliation_status,risk.fraud_status,risk.cvv_result,risk.avs_result,format_validation_details.format_validation_status,format_validation_details.rejection_code,format_validation_details.rejection_reason,format_validation_details.field_level_errors,network_response_control.request_timestamp,network_response_control.response_received,network_response_control.response_timestamp,network_response_control.response_time_ms,network_response_control.expected_response_sla_ms,network_response_control.network_timeout_flag,network_response_control.response_code,file_batch_tracking.settlement_batch_id,file_batch_tracking.batch_status,file_batch_tracking.expected_settlement_timestamp,file_batch_tracking.actual_settlement_timestamp,file_batch_tracking.settlement_lag_minutes,file_batch_tracking.file_reached_settlement,retry_control.is_retry,retry_control.retry_count,retry_control.original_transaction_id,retry_control.idempotency_key,retry_control.retry_reason,retry_control.duplicate_check_status,fraud_risk_indicators.new_merchant_risk.is_new_merchant,fraud_risk_indicators.new_merchant_risk.merchant_first_seen_date,fraud_risk_indicators.new_merchant_risk.prior_transaction_count_with_merchant,fraud_risk_indicators.new_merchant_risk.merchant_relationship_age_days,fraud_risk_indicators.new_merchant_risk.new_merchant_risk_flag,fraud_risk_indicators.velocity_checks.transaction_count_1h,fraud_risk_indicators.velocity_checks.transaction_count_24h,fraud_risk_indicators.velocity_checks.cumulative_amount_24h,fraud_risk_indicators.velocity_checks.velocity_baseline_avg_24h,fraud_risk_indicators.velocity_checks.velocity_threshold_breached,fraud_risk_indicators.velocity_checks.velocity_score,fraud_risk_indicators.structuring_detection.reporting_threshold_amount,fraud_risk_indicators.structuring_detection.amount_to_threshold_ratio,fraud_risk_indicators.structuring_detection.aggregate_amount_24h_same_card,fraud_risk_indicators.structuring_detection.related_transactions_24h,fraud_risk_indicators.structuring_detection.structuring_flag,payment_processor_name,merchant.payment_processor_name,payment.settlement_date,payment.posting_date,merchant.merchant_account.account_type,merchant.merchant_account.routing_number,merchant.merchant_account.issuer_bank,card.card_number_masked,card.card_brand,card.card_funding,card.card_category,card.issuer.name,card.issuer.country,settlement.status,settlement.settlement_batch_id,settlement.settlement_reference,settlement.settlement_date,settlement.settlement_timestamp,settlement.gross_amount,settlement.fees.total,settlement.fees.details,settlement.taxes.amount,settlement.taxes.currency,settlement.net_amount,settlement.settlement_currency,bank_posting.status,bank_posting.posting_id,bank_posting.posting_timestamp,bank_posting.debit_credit_indicator,bank_posting.currency,bank_posting.value_date,bank_posting.ledger_transaction_id,bank_posting.account.account_type,bank_posting.account.routing_number,dispute.status,dispute.chargeback_amount,dispute.currency,bank_posting.posted_amount,merchant.merchant_account.onboarded_by,merchant.merchant_account.account_number,reconciliation.reconciliation_status,reconciliation.reconciliation_timestamp,reconciliation.variance_amount,reconciliation.amount_match,reconciliation.ledger_transaction_id,reconciliation.network_settlement_amount,reconciliation.ledger_posted_amount,reconciliation.network_settlement_reference,fraud_risk_indicators_summary.new_payee_risk_flag,fraud_risk_indicators_summary.funnel_account_flag,fraud_risk_indicators_summary.velocity_threshold_breached,fraud_risk_indicators_summary.structuring_flag,fraud_risk_indicators_summary.new_merchant_risk_flag,bank_posting.account.account_number,payment.rail,payment.network,payment.message_type,message.message_id,message.instruction_id,message.end_to_end_id,message.received_timestamp,debtor.name,debtor.account_number,debtor.bank.issuer_name,debtor.bank.routing_number,creditor.name,creditor.account_number,creditor.bank.issuer_name,creditor.bank.routing_number,creditor.bank.onboarded_by,amount.value,amount.currency,remittance.information,remittance.reference,validation.message_validation,validation.participant_validation,validation.account_validation,validation.duplicate_check,validation.format_validation_details.format_validation_status,validation.format_validation_details.rejection_code,validation.format_validation_details.rejection_reason,validation.format_validation_details.field_level_errors,risk_compliance.fraud_status,risk_compliance.sanctions_status,risk_compliance.aml_status,risk_compliance.compliance_status,fraud_risk_indicators.new_payee_risk.is_new_payee,fraud_risk_indicators.new_payee_risk.payee_account_first_seen_date,fraud_risk_indicators.new_payee_risk.prior_transaction_count_with_payee,fraud_risk_indicators.new_payee_risk.payee_relationship_age_days,fraud_risk_indicators.new_payee_risk.new_payee_risk_flag,fraud_risk_indicators.funnel_account_detection.beneficiary_account_number,fraud_risk_indicators.funnel_account_detection.distinct_originating_accounts_24h,fraud_risk_indicators.funnel_account_detection.distinct_originating_accounts_7d,fraud_risk_indicators.funnel_account_detection.funnel_account_flag,fraud_risk_indicators.funnel_account_detection.related_transaction_ids,fraud_risk_indicators.structuring_detection.aggregate_amount_24h_same_originator,processing.decision,parties.debtor.name,parties.debtor.account_number,parties.debtor.bank_name,parties.creditor.name,parties.creditor.account_number,parties.creditor.bank_name,parties.creditor.onboarded_by,settlement.settlement_amount,posting.status,posting.posting_id,posting.posting_timestamp,posting.value_date,posting.customer_account,posting.credit_debit_indicator,posting.currency,posting.ledger_transaction_id,account.account_number,account.credit_amount,account.debit_amount,account.ledger_balance,account.available_balance,account.onboarded_by,posting.posted_amount,audit.received_timestamp,audit.settled_timestamp,audit.posted_timestamp,audit.completed_timestamp,originating_bank.name,originating_bank.bank_role,originating_bank.routing_number,originator.name,originator.identification,originator.account_number,originator.onboarded_by,originator.issuer_bank,receiver.name,receiver.account_number,receiver.account_type,receiver.routing_number,merchant_id,payment.transaction_code,payment.credit_debit,payment.amount,payment.currency,payment.effective_entry_date,payment.company_entry_description,ach_batch.batch_id,ach_batch.sec_code,ach_batch.service_class_code,ach_batch.batch_number,ach_file.file_id,ach_file.file_creation_date,ach_file.file_creation_time,ach_file.file_id_modifier,trace.trace_number,trace.original_trace_number,validation.routing_validation,validation.format_validation,file_batch_tracking.file_ack_status,settlement.expected_settlement_date,account_posting.status,account_posting.posting_date,account_posting.account_entry_type,account_posting.ledger_balance.before,account_posting.ledger_balance.after,account_posting.available_balance.before,account_posting.available_balance.after,timestamps.received_at,timestamps.validated_at,timestamps.settled_at,timestamps.posted_at,validation.fraud_review,wire_id,network.network,network.message_type,network.received_timestamp,network.settlement_status,identifiers.uetr,identifiers.imad,identifiers.message_id,identifiers.instruction_id,identifiers.transaction_id,identifiers.end_to_end_id,payment.value_date,debtor.address.street,debtor.address.city,debtor.address.state,debtor.address.postal_code,debtor.address.country,debtor_agent.issuer_bank,debtor_agent.routing_number,creditor.onboarded_by,creditor.address.city,creditor.address.state,creditor.address.country,creditor_agent.name,creditor_agent.routing_number,processing.account_validation,processing.sanctions_screening,processing.aml_screening,processing.fraud_screening,processing.compliance_status,settlement.network,settlement.amount,settlement.currency,posting.amount,cheque.cheque_number,cheque.amount,cheque.currency,cheque.issue_date,cheque.micr.routing_number,cheque.micr.account_number,cheque.micr.onboarded_by,cheque.micr.issuer_bank,cheque.micr.serial_number,payee.payee_name,payee.depositary_bank.bofd_routing_number,payee.depositary_bank.depositor_account_number,presentment.presentment_id,presentment.presentment_date,presentment.clearing_channel,presentment.status,validation.micr_validation,validation.amount_validation,validation.image_quality,validation.signature_verification,clearing_network_response.request_timestamp,clearing_network_response.response_received,clearing_network_response.response_timestamp,clearing_network_response.response_time_ms,clearing_network_response.expected_response_sla_ms,clearing_network_response.network_timeout_flag,clearing_network_response.response_code,file_batch_tracking.cash_letter_id,file_batch_tracking.file_ack_timestamp
CHEQUE,POST,CHK-MTB-100078,MERCHANT,MERCH-005,EXTERNAL_INDIVIDUAL,EXT-P-2876,DEBIT,,,,,,,,,,,,,,,,,,,,,,,,,,,,,,,,,,,,,,,,,,,,,,,,,,2026-08-07T07:48:44Z,2026-08-07T08:01:44Z,13,True,False,0,,IDEMP-CHK-MTB-100078,,PASSED,,,,,,5,8,31486.78,11419.14,False,50,10000,0.953,,[],False,,,,,,,,,,,,,,SETTLED,,SETL-CHK-MTB-100078,2026-08-07 00:00:00,,,,,,,,,,,,,,,,,,,,,,,,MATCHED,2026-08-07T17:01:44Z,0,True,LEDG-CHK-MTB-100078,9527.45,9527.45,SETL-CHK-MTB-100078,False,False,False,False,,,,,,,,,,,,,,,,,,,,,,,,,,,PASSED,,,[],,,,,False,2024-10-31 00:00:00,6,645,False,6872081368,1,2,False,[],11622.58,,,,,,,,,9527.45,,,,,,,,,,,,,,,,,,,,,,,,,,,,,,,,,,,,,,,,,,,,,,,,,,,ACKNOWLEDGED,,POSTED,2026-08-07 00:00:00,DEBIT,9293.48,-233.97,9293.48,-233.97,,,,,CLEARED,,,,,,,,,,,,,,,,,,,,,,,,,,,,,,,,,,,JC6F8Q,9527.45,USD,2026-08-07 00:00:00,940900783,2260323791,Meridian Trust Bank,Ironbridge National Bank,KN4AOY,Maria Rodriguez,164272254,6872081368,PRES-MTB-100078,2026-08-07 00:00:00,CHECK_CLEARING,COMPLETED,PASSED,PASSED,DEGRADED,PASSED,2026-08-07T06:48:44Z,True,2026-08-07T06:49:02Z,3418,30000,False,51,CL-MTB-20260807-9,2026-08-07T06:53:44Z
CHEQUE,POST,CHK-MTB-100050,INDIVIDUAL,IND-0075,INDIVIDUAL,IND-0030,DEBIT,,,,,,,,,,,,,,,,,,,,,,,,,,,,,,,,,,,,,,,,,,,,,,,,,,2026-08-19T10:40:20Z,2026-08-19T11:18:20Z,38,True,False,0,,IDEMP-CHK-MTB-100050,,PASSED,,,,,,1,7,1964.54,845.6,False,49,10000,0.126,,[],False,,,,,,,,,,,,,,SETTLED,,SETL-CHK-MTB-100050,2026-08-19 00:00:00,,,,,,,,,,,,,,,,,,,,,,,,NOT_YET_RECONCILED,,0,True,LEDG-CHK-MTB-100050,1255.4,1255.4,SETL-CHK-MTB-100050,False,False,False,False,,,,,,,,,,,,,,,,,,,,,,,,,,,PASSED,,,[],,,,,False,2026-03-07 00:00:00,44,163,False,6094968993,1,5,False,[],1314.92,,,,,,,,,1255.4,,,,,,,,,,,,,,,,,,,,,,,,,,,,,,,,,,,,,,,,,,,,,,,,,,,ACKNOWLEDGED,,POSTED,2026-08-19 00:00:00,DEBIT,49633.75,48378.35,49633.75,48378.35,,,,,CLEARED,,,,,,,,,,,,,,,,,,,,,,,,,,,,,,,,,,,506GEU,1255.4,USD,2026-08-17 00:00:00,676482833,218955917,Meridian Trust Bank,Summit Ridge Bank,U3LBG5,Matthew Brown,385571321,6094968993,PRES-MTB-100050,2026-08-17 00:00:00,CHECK_CLEARING,COMPLETED,PASSED,PASSED,DEGRADED,PASSED,2026-08-17T10:40:20Z,True,2026-08-17T10:40:31Z,2091,30000,False,0,CL-MTB-20260817-6,2026-08-17T10:45:20Z
CHEQUE,POST,CHK-MTB-100001,INDIVIDUAL,IND-0019,EXTERNAL_INDIVIDUAL,EXT-P-8750,CREDIT,,,,,,,,,,,,,,,,,,,,,,,,,,,,,,,,,,,,,,,,,,,,,,,,,,2026-06-26T00:52:04Z,2026-06-26T02:18:04Z,86,True,False,0,,IDEMP-CHK-MTB-100001,,PASSED,,,,,,1,7,45016.45,20451.26,False,42,10000,1.162,,[],False,,,,,,,,,,,,,,SETTLED,,SETL-CHK-MTB-100001,2026-06-26 00:00:00,,,,,,,,,,,,,,,,,,,,,,,,MATCHED,2026-06-26T16:18:04Z,0,True,LEDG-CHK-MTB-100001,11620.07,11620.07,SETL-CHK-MTB-100001,False,False,False,False,,,,,,,,,,,,,,,,,,,,,,,,,,,PASSED,,,[],,,,,False,2024-09-16 00:00:00,12,647,False,7631146229,2,5,False,[],9815.6,,,,,,,,,11620.07,,,,,,,,,,,,,,,,,,,,,,,,,,,,,,,,,,,,,,,,,,,,,,,,,,,ACKNOWLEDGED,,POSTED,2026-06-26 00:00:00,CREDIT,19107.29,30727.36,19107.29,30727.36,,,,,CLEARED,,,,,,,,,,,,,,,,,,,,,,,,,,,,,,,,,,,V0UZR1,11620.07,USD,2026-06-25 00:00:00,928775871,8829864786,Meridian Trust Bank,Cascade Point Bank,QH17WQ,Emily Davis,498786628,7631146229,PRES-MTB-100001,2026-06-25 00:00:00,CHECK_CLEARING,COMPLETED,PASSED,PASSED,DEGRADED,PASSED,2026-06-25T20:52:04Z,True,2026-06-25T20:52:15Z,1163,30000,False,91,CL-MTB-20260625-2,2026-06-25T20:57:04Z
CHEQUE,POST,CHK-MTB-100061,MERCHANT,MERCH-003,EXTERNAL_INDIVIDUAL,EXT-P-8601,CREDIT,,,,,,,,,,,,,,,,,,,,,,,,,,,,,,,,,,,,,,,,,,,,,,,,,,2026-07-31T15:40:04Z,2026-07-31T16:11:04Z,31,True,False,0,,IDEMP-CHK-MTB-100061,,PASSED,,,,,,1,10,5666.61,2022.48,False,57,10000,0.263,,[],False,,,,,,,,,,,,,,SETTLED,,SETL-CHK-MTB-100061,2026-07-31 00:00:00,,,,,,,,,,,,,,,,,,,,,,,,MATCHED,2026-07-31T17:11:04Z,0,True,LEDG-CHK-MTB-100061,2627.12,2627.12,SETL-CHK-MTB-100061,False,False,False,False,,,,,,,,,,,,,,,,,,,,,,,,,,,PASSED,,,[],,,,,False,2025-09-06 00:00:00,58,326,False,7433899695,2,6,False,[],2258.1,,,,,,,,,2627.12,,,,,,,,,,,,,,,,,,,,,,,,,,,,,,,,,,,,,,,,,,,,,,,,,,,ACKNOWLEDGED,,POSTED,2026-07-31 00:00:00,CREDIT,16774.87,19401.99,16774.87,19401.99,,,,,CLEARED,,,,,,,,,,,,,,,,,,,,,,,,,,,,,,,,,,,8Y3MEQ,2627.12,USD,2026-07-29 00:00:00,369802729,8112126311,Northstar Payment Solutions,Summit Ridge Bank,ETBKER,Ronald Hernandez,291348138,7433899695,PRES-MTB-100061,2026-07-29 00:00:00,CHECK_CLEARING,COMPLETED,PASSED,PASSED,DEGRADED,PASSED,2026-07-29T15:40:04Z,True,2026-07-29T15:40:10Z,200,30000,False,0,CL-MTB-20260729-5,2026-07-29T15:45:04Z
CHEQUE,POST,CHK-MTB-100084,MERCHANT,MERCH-009,INDIVIDUAL,IND-0016,CREDIT,,,,,,,,,,,,,,,,,,,,,,,,,,,,,,,,,,,,,,,,,,,,,,,,,,2026-07-11T12:34:11Z,2026-07-11T13:13:11Z,39,True,False,0,,IDEMP-CHK-MTB-100084,,PASSED,,,,,,2,5,51399.08,19721.79,False,38,10000,1.282,,[],False,,,,,,,,,,,,,,SETTLED,,SETL-CHK-MTB-100084,2026-07-11 00:00:00,,,,,,,,,,,,,,,,,,,,,,,,MATCHED,2026-07-12T00:13:11Z,0,True,LEDG-CHK-MTB-100084,12818.35,12818.35,SETL-CHK-MTB-100084,False,False,False,False,,,,,,,,,,,,,,,,,,,,,,,,,,,PASSED,,,[],,,,,False,2024-04-09 00:00:00,7,821,False,5061690864,1,3,False,[],11605.65,,,,,,,,,12818.35,,,,,,,,,,,,,,,,,,,,,,,,,,,,,,,,,,,,,,,,,,,,,,,,,,,ACKNOWLEDGED,,POSTED,2026-07-11 00:00:00,CREDIT,37611.91,50430.26,37611.91,50430.26,,,,,CLEARED,,,,,,,,,,,,,,,,,,,,,,,,,,,,,,,,,,,S5KRRD,12818.35,USD,2026-07-09 00:00:00,282697040,9446335263,Northstar Payment Solutions,Summit Ridge Bank,1NZ3WB,Laura Jones,356689170,5061690864,PRES-MTB-100084,2026-07-09 00:00:00,CHECK_CLEARING,COMPLETED,PASSED,PASSED,PASSED,PASSED,2026-07-09T12:34:11Z,True,2026-07-09T12:34:14Z,2776,30000,False,91,CL-MTB-20260709-6,2026-07-09T12:39:11Z
CHEQUE,POST,CHK-MTB-100085,MERCHANT,MERCH-003,INDIVIDUAL,IND-0026,CREDIT,,,,,,,,,,,,,,,,,,,,,,,,,,,,,,,,,,,,,,,,,,,,,,,,,,2026-07-15T02:13:38Z,2026-07-15T02:54:38Z,41,True,False,0,,IDEMP-CHK-MTB-100085,,PASSED,,,,,,1,8,5646.56,1938.76,False,50,10000,0.251,,[],False,,,,,,,,,,,,,,SETTLED,,SETL-CHK-MTB-100085,2026-07-15 00:00:00,,,,,,,,,,,,,,,,,,,,,,,,MATCHED,2026-07-16T03:54:38Z,0,True,LEDG-CHK-MTB-100085,2514.83,2514.83,SETL-CHK-MTB-100085,False,False,False,False,,,,,,,,,,,,,,,,,,,,,,,,,,,PASSED,,,[],,,,,False,2023-04-09 00:00:00,20,1193,False,3953571611,3,6,False,[],2944.57,,,,,,,,,2514.83,,,,,,,,,,,,,,,,,,,,,,,,,,,,,,,,,,,,,,,,,,,,,,,,,,,PENDING,,POSTED,2026-07-15 00:00:00,CREDIT,6983.35,9498.18,6983.35,9498.18,,,,,CLEARED,,,,,,,,,,,,,,,,,,,,,,,,,,,,,,,,,,,2SN96M,2514.83,USD,2026-07-15 00:00:00,689829261,8112126311,Northstar Payment Solutions,Summit Ridge Bank,13D4Y8,Kathleen Clark,132142345,3953571611,PRES-MTB-100085,2026-07-15 00:00:00,CHECK_CLEARING,COMPLETED,PASSED,PASSED,PASSED,PASSED,2026-07-15T01:13:38Z,False,,,30000,True,,CL-MTB-20260715-1,2026-07-15T01:18:38Z
CHEQUE,POST,CHK-MTB-100027,INDIVIDUAL,IND-0069,EXTERNAL_INDIVIDUAL,EXT-P-8960,CREDIT,,,,,,,,,,,,,,,,,,,,,,,,,,,,,,,,,,,,,,,,,,,,,,,,,,2026-07-08T11:07:10Z,2026-07-09T17:42:10Z,1835,True,False,0,,IDEMP-CHK-MTB-100027,,PASSED,,,,,,1,10,3408.97,1425.45,False,58,10000,0.156,,[],False,,,,,,,,,,,,,,SETTLED,,SETL-CHK-MTB-100027,2026-07-09 00:00:00,,,,,,,,,,,,,,,,,,,,,,,,NOT_YET_RECONCILED,,0,True,LEDG-CHK-MTB-100027,1555.16,1555.16,SETL-CHK-MTB-100027,True,False,False,False,,,,,,,,,,,,,,,,,,,,,,,,,,,PASSED,,,[],,,,,True,2026-07-08 00:00:00,0,0,True,8165253177,1,1,False,[],1696.9,,,,,,,,,1555.16,,,,,,,,,,,,,,,,,,,,,,,,,,,,,,,,,,,,,,,,,,,,,,,,,,,ACKNOWLEDGED,,POSTED,2026-07-09 00:00:00,CREDIT,49575.17,51130.33,49575.17,51130.33,,,,,CLEARED,,,,,,,,,,,,,,,,,,,,,,,,,,,,,,,,,,,RM5COF,1555.16,USD,2026-07-08 00:00:00,224282888,3894960981,Meridian Trust Bank,Ironbridge National Bank,WUYWZN,David Williams,974903258,8165253177,PRES-MTB-100027,2026-07-08 00:00:00,CHECK_CLEARING,COMPLETED,PASSED,PASSED,DEGRADED,PASSED,2026-07-08T07:07:10Z,True,2026-07-08T07:07:19Z,1686,30000,False,51,CL-MTB-20260708-3,2026-07-08T07:12:10Z
CHEQUE,POST,CHK-MTB-100098,MERCHANT,MERCH-002,EXTERNAL_INDIVIDUAL,EXT-P-8675,CREDIT,,,,,,,,,,,,,,,,,,,,,,,,,,,,,,,,,,,,,,,,,,,,,,,,,,2026-07-21T15:50:29Z,2026-07-21T16:49:29Z,59,True,False,0,,IDEMP-CHK-MTB-100098,,PASSED,,,,,,1,11,44027.66,23162.15,True,63,10000,1.215,,[],False,,,,,,,,,,,,,,SETTLED,,SETL-CHK-MTB-100098,2026-07-21 00:00:00,,,,,,,,,,,,,,,,,,,,,,,,MATCHED,2026-07-22T13:49:29Z,0,True,LEDG-CHK-MTB-100098,12152.64,12152.64,SETL-CHK-MTB-100098,False,False,True,False,,,,,,,,,,,,,,,,,,,,,,,,,,,PASSED,,,[],,,,,False,2023-05-19 00:00:00,27,1157,False,3972387911,2,2,False,[],13550.87,,,,,,,,,12152.64,,,,,,,,,,,,,,,,,,,,,,,,,,,,,,,,,,,,,,,,,,,,,,,,,,,ACKNOWLEDGED,,POSTED,2026-07-21 00:00:00,CREDIT,22356.03,34508.67,22356.03,34508.67,,,,,CLEARED,,,,,,,,,,,,,,,,,,,,,,,,,,,,,,,,,,,QO3OBT,12152.64,USD,2026-07-19 00:00:00,940952991,5123580257,Vertex Commerce Pay,Summit Ridge Bank,4K2MKK,George Anderson,441476604,3972387911,PRES-MTB-100098,2026-07-19 00:00:00,CHECK_CLEARING,COMPLETED,PASSED,PASSED,PASSED,PASSED,2026-07-19T15:50:29Z,True,2026-07-19T15:50:43Z,1064,30000,False,0,CL-MTB-20260719-7,2026-07-19T15:55:29Z
CHEQUE,POST,CHK-MTB-100502,MERCHANT,MERCH-006,INDIVIDUAL,IND-0060,CREDIT,,,,,,,,,,,,,,,,,,,,,,,,,,,,,,,,,,,,,,,,,,,,,,,,,,2026-07-26T08:32:22Z,2026-07-26T09:47:22Z,75,True,True,1,CHK-MTB-100093,IDEMP-CHK-MTB-100093,,PASSED,,,,,,1,8,16078.1,9807.96,False,46,10000,1.339,,[],False,,,,,,,,,,,,,,SETTLED,,SETL-CHK-MTB-100502,2026-07-26 00:00:00,,,,,,,,,,,,,,,,,,,,,,,,MATCHED,2026-07-26T10:47:22Z,0,True,LEDG-CHK-MTB-100502,13388.52,13388.52,SETL-CHK-MTB-100502,False,False,False,False,,,,,,,,,,,,,,,,,,,,,,,,,,,PASSED,,,[],,,,,True,2026-07-26 00:00:00,0,0,False,4239112336,1,2,False,[],17055.07,,,,,,,,,13388.52,,,,,,,,,,,,,,,,,,,,,,,,,,,,,,,,,,,,,,,,,,,,,,,,,,,ACKNOWLEDGED,,POSTED,2026-07-26 00:00:00,CREDIT,19073.54,32462.06,19073.54,32462.06,,,,,CLEARED,,,,,,,,,,,,,,,,,,,,,,,,,,,,,,,,,,,LWUNH3,13388.52,USD,2026-07-26 00:00:00,83941778,3264421990,Meridian Trust Bank,Summit Ridge Bank,O2L09Y,Andrew King,295832665,4239112336,PRES-MTB-100093,2026-07-26 00:00:00,CHECK_CLEARING,COMPLETED,PASSED,PASSED,PASSED,PASSED,2026-07-26T07:32:22Z,True,2026-07-26T07:32:32Z,369,30000,False,91,CL-MTB-20260726-1,2026-07-26T07:37:22Z
CHEQUE,POST,CHK-MTB-100083,MERCHANT,MERCH-004,INDIVIDUAL,IND-0083,CREDIT,,,,,,,,,,,,,,,,,,,,,,,,,,,,,,,,,,,,,,,,,,,,,,,,,,2026-06-26T04:24:12Z,2026-06-26T05:30:12Z,66,True,False,0,,IDEMP-CHK-MTB-100083,,PASSED,,,,,,1,6,57048.51,26117.63,False,35,10000,1.459,,[],False,,,,,,,,,,,,,,SETTLED,,SETL-CHK-MTB-100083,2026-06-26 00:00:00,,,,,,,,,,,,,,,,,,,,,,,,NOT_YET_RECONCILED,,0,True,LEDG-CHK-MTB-100083,14591.22,14591.22,SETL-CHK-MTB-100083,False,False,False,False,,,,,,,,,,,,,,,,,,,,,,,,,,,PASSED,,,[],,,,,False,2023-06-23 00:00:00,39,1099,False,8958863975,1,5,False,[],15326.69,,,,,,,,,14591.22,,,,,,,,,,,,,,,,,,,,,,,,,,,,,,,,,,,,,,,,,,,,,,,,,,,ACKNOWLEDGED,,POSTED,2026-06-26 00:00:00,CREDIT,23247.81,37839.03,23247.81,37839.03,,,,,CLEARED,,,,,,,,,,,,,,,,,,,,,,,,,,,,,,,,,,,L7JCEK,14591.22,USD,2026-06-26 00:00:00,773033783,3061977058,Vertex Commerce Pay,Ironbridge National Bank,ZEXIH4,Thomas Wright,205583559,8958863975,PRES-MTB-100083,2026-06-26 00:00:00,CHECK_CLEARING,COMPLETED,PASSED,PASSED,DEGRADED,PASSED,2026-06-26T03:24:12Z,True,2026-06-26T03:24:27Z,4173,30000,False,91,CL-MTB-20260626-7,2026-06-26T03:29:12Z
CHEQUE,POST,CHK-MTB-100036,INDIVIDUAL,IND-0096,EXTERNAL_INDIVIDUAL,EXT-P-9641,CREDIT,,,,,,,,,,,,,,,,,,,,,,,,,,,,,,,,,,,,,,,,,,,,,,,,,,2026-07-28T04:01:29Z,2026-07-28T04:12:29Z,11,True,False,0,,IDEMP-CHK-MTB-100036,,PASSED,,,,,,5,12,32037.6,18409.26,False,58,10000,0.953,,[],True,,,,,,,,,,,,,,SETTLED,,SETL-CHK-MTB-100036,2026-07-28 00:00:00,,,,,,,,,,,,,,,,,,,,,,,,MATCHED,2026-07-28T10:12:29Z,0,True,LEDG-CHK-MTB-100036,9531.56,9531.56,SETL-CHK-MTB-100036,False,False,False,True,,,,,,,,,,,,,,,,,,,,,,,,,,,PASSED,,,[],,,,,False,2023-10-29 00:00:00,47,1002,False,6038816487,1,2,False,[],11579.63,,,,,,,,,9531.56,,,,,,,,,,,,,,,,,,,,,,,,,,,,,,,,,,,,,,,,,,,,,,,,,,,ACKNOWLEDGED,,POSTED,2026-07-28 00:00:00,CREDIT,8381.49,17913.05,8381.49,17913.05,,,,,CLEARED,,,,,,,,,,,,,,,,,,,,,,,,,,,,,,,,,,,24828S,9531.56,USD,2026-07-27 00:00:00,805129798,5507439922,Meridian Trust Bank,Summit Ridge Bank,YWY31K,Donna Clark,143351782,6038816487,PRES-MTB-100036,2026-07-27 00:00:00,CHECK_CLEARING,COMPLETED,PASSED,PASSED,PASSED,PASSED,2026-07-27T16:01:29Z,True,2026-07-27T16:01:45Z,2649,30000,False,91,CL-MTB-20260727-7,2026-07-27T16:06:29Z
CHEQUE,POST,CHK-MTB-100049,INDIVIDUAL,IND-0041,EXTERNAL_INDIVIDUAL,EXT-P-4525,CREDIT,,,,,,,,,,,,,,,,,,,,,,,,,,,,,,,,,,,,,,,,,,,,,,,,,,2026-07-13T08:32:06Z,2026-07-13T10:00:06Z,88,True,False,0,,IDEMP-CHK-MTB-100049,,PASSED,,,,,,1,8,552.44,410.13,False,41,10000,0.016,,[],False,,,,,,,,,,,,,,SETTLED,,SETL-CHK-MTB-100049,2026-07-13 00:00:00,,,,,,,,,,,,,,,,,,,,,,,,MATCHED,2026-07-13T21:00:06Z,0,True,LEDG-CHK-MTB-100049,162.81,162.81,SETL-CHK-MTB-100049,False,False,False,False,,,,,,,,,,,,,,,,,,,,,,,,,,,PASSED,,,[],,,,,False,2024-01-27 00:00:00,8,898,False,4571240100,3,5,False,[],145.5,,,,,,,,,162.81,,,,,,,,,,,,,,,,,,,,,,,,,,,,,,,,,,,,,,,,,,,,,,,,,,,ACKNOWLEDGED,,POSTED,2026-07-13 00:00:00,CREDIT,32427.68,32590.49,32427.68,32590.49,,,,,CLEARED,,,,,,,,,,,,,,,,,,,,,,,,,,,,,,,,,,,RKR6YX,162.81,USD,2026-07-13 00:00:00,281715626,6128384162,Meridian Trust Bank,Ironbridge National Bank,SON1OP,Carol Perez,164727471,4571240100,PRES-MTB-100049,2026-07-13 00:00:00,CHECK_CLEARING,COMPLETED,PASSED,PASSED,PASSED,PASSED,2026-07-13T04:32:06Z,True,2026-07-13T04:32:12Z,377,30000,False,0,CL-MTB-20260713-6,2026-07-13T04:37:06Z
CHEQUE,POST,CHK-MTB-100017,INDIVIDUAL,IND-0078,INDIVIDUAL,IND-0012,CREDIT,,,,,,,,,,,,,,,,,,,,,,,,,,,,,,,,,,,,,,,,,,,,,,,,,,2026-08-08T00:33:54Z,,,False,False,0,,IDEMP-CHK-MTB-100017,,PASSED,,,,,,2,10,28492.76,10998.27,False,53,10000,0.939,,[],True,,,,,,,,,,,,,,PENDING,,,,,,,,,,,,,,,,,,,,,,,,,,,NOT_APPLICABLE,,,,,,,,False,False,False,True,,,,,,,,,,,,,,,,,,,,,,,,,,,PASSED,,,[],,,,,False,2023-12-24 00:00:00,33,957,False,1357947125,1,4,False,[],15964.13,,,,,,,,,,,,,,,,,,,,,,,,,,,,,,,,,,,,,,,,,,,,,,,,,,,,,,,,,,,,ACKNOWLEDGED,,NOT_POSTED,,CREDIT,21883.52,21883.52,21883.52,21883.52,,,,,PENDING,,,,,,,,,,,,,,,,,,,,,,,,,,,,,,,,,,,5GLZPZ,9394.37,USD,2026-08-07 00:00:00,45937232,840327782,Meridian Trust Bank,Ironbridge National Bank,RGWQ11,Betty Thompson,466197209,1357947125,PRES-MTB-100017,2026-08-07 00:00:00,CHECK_CLEARING,PENDING,PASSED,PASSED,PASSED,PENDING,2026-08-07T12:33:54Z,True,2026-08-07T12:34:11Z,3232,30000,False,0,CL-MTB-20260807-4,2026-08-07T12:38:54Z
CHEQUE,POST,CHK-MTB-100082,MERCHANT,MERCH-004,EXTERNAL_INDIVIDUAL,EXT-P-8797,CREDIT,,,,,,,,,,,,,,,,,,,,,,,,,,,,,,,,,,,,,,,,,,,,,,,,,,2026-07-06T23:10:19Z,2026-07-08T07:38:19Z,1948,True,False,0,,IDEMP-CHK-MTB-100082,,PASSED,,,,,,3,3,4883.29,2113.46,False,33,10000,0.112,,[],False,,,,,,,,,,,,,,SETTLED,,SETL-CHK-MTB-100082,2026-07-08 00:00:00,,,,,,,,,,,,,,,,,,,,,,,,MATCHED,2026-07-08T11:38:19Z,0,True,LEDG-CHK-MTB-100082,1120.24,1120.24,SETL-CHK-MTB-100082,False,False,False,False,,,,,,,,,,,,,,,,,,,,,,,,,,,PASSED,,,[],,,,,False,2025-12-27 00:00:00,24,191,False,9008152836,1,4,False,[],1064.05,,,,,,,,,1120.24,,,,,,,,,,,,,,,,,,,,,,,,,,,,,,,,,,,,,,,,,,,,,,,,,,,ACKNOWLEDGED,,POSTED,2026-07-08 00:00:00,CREDIT,43834.42,44954.66,43834.42,44954.66,,,,,CLEARED,,,,,,,,,,,,,,,,,,,,,,,,,,,,,,,,,,,AMWNIN,1120.24,USD,2026-07-06 00:00:00,773146839,3061977058,Vertex Commerce Pay,Cascade Point Bank,JRJIR3,Barbara Johnson,3094414,9008152836,PRES-MTB-100082,2026-07-06 00:00:00,CHECK_CLEARING,COMPLETED,PASSED,PASSED,DEGRADED,PASSED,2026-07-06T22:10:19Z,True,2026-07-06T22:10:32Z,3493,30000,False,0,CL-MTB-20260706-7,2026-07-06T22:15:19Z
CHEQUE,POST,CHK-MTB-100091,MERCHANT,MERCH-004,EXTERNAL_INDIVIDUAL,EXT-P-9049,CREDIT,,,,,,,,,,,,,,,,,,,,,,,,,,,,,,,,,,,,,,,,,,,,,,,,,,2026-07-28T05:20:41Z,2026-07-28T06:02:41Z,42,True,False,0,,IDEMP-CHK-MTB-100091,,PASSED,,,,,,3,13,18151.7,8642.81,True,63,10000,0.435,,[],False,,,,,,,,,,,,,,SETTLED,,SETL-CHK-MTB-100091,2026-07-28 00:00:00,,,,,,,,,,,,,,,,,,,,,,,,BREAK,2026-07-28T08:02:41Z,-16.67,False,LEDG-CHK-MTB-100091,4346.61,4329.94,SETL-CHK-MTB-100091,False,False,True,False,,,,,,,,,,,,,,,,,,,,,,,,,,,PASSED,,,[],,,,,False,2025-11-24 00:00:00,27,246,False,5668979232,1,1,False,[],4821.34,,,,,,,,,4346.61,,,,,,,,,,,,,,,,,,,,,,,,,,,,,,,,,,,,,,,,,,,,,,,,,,,ACKNOWLEDGED,,POSTED,2026-07-28 00:00:00,CREDIT,32504.99,36834.93,32504.99,36834.93,,,,,CLEARED,,,,,,,,,,,,,,,,,,,,,,,,,,,,,,,,,,,UERLN8,4346.61,USD,2026-07-28 00:00:00,639803118,3061977058,Vertex Commerce Pay,Summit Ridge Bank,WECLUW,Michelle Wilson,438816907,5668979232,PRES-MTB-100091,2026-07-28 00:00:00,CHECK_CLEARING,COMPLETED,PASSED,PASSED,PASSED,PASSED,2026-07-28T04:20:41Z,True,2026-07-28T04:20:50Z,2110,30000,False,51,CL-MTB-20260728-5,2026-07-28T04:25:41Z
CHEQUE,POST,CHK-MTB-100044,INDIVIDUAL,IND-0056,EXTERNAL_INDIVIDUAL,EXT-P-4884,CREDIT,,,,,,,,,,,,,,,,,,,,,,,,,,,,,,,,,,,,,,,,,,,,,,,,,,2026-08-05T10:55:14Z,2026-08-05T11:00:14Z,5,True,False,0,,IDEMP-CHK-MTB-100044,,PASSED,,,,,,1,1,4293.65,3228.72,False,11,10000,0.148,,[],False,,,,,,,,,,,,,,SETTLED,,SETL-CHK-MTB-100044,2026-08-05 00:00:00,,,,,,,,,,,,,,,,,,,,,,,,MATCHED,2026-08-06T11:00:14Z,0,True,LEDG-CHK-MTB-100044,1477.62,1477.62,SETL-CHK-MTB-100044,False,False,False,False,,,,,,,,,,,,,,,,,,,,,,,,,,,PASSED,,,[],,,,,False,2024-05-03 00:00:00,33,824,False,6822140691,1,5,False,[],1694.7,,,,,,,,,1477.62,,,,,,,,,,,,,,,,,,,,,,,,,,,,,,,,,,,,,,,,,,,,,,,,,,,ACKNOWLEDGED,,POSTED,2026-08-05 00:00:00,CREDIT,33197.52,34675.14,33197.52,34675.14,,,,,CLEARED,,,,,,,,,,,,,,,,,,,,,,,,,,,,,,,,,,,4PMY7E,1477.62,USD,2026-08-05 00:00:00,52191326,3058061826,Meridian Trust Bank,Cascade Point Bank,830I1C,Steven King,559441344,6822140691,PRES-MTB-100044,2026-08-05 00:00:00,CHECK_CLEARING,COMPLETED,PASSED,PASSED,PASSED,PASSED,2026-08-05T06:55:14Z,True,2026-08-05T06:55:20Z,504,30000,False,0,CL-MTB-20260805-6,2026-08-05T07:00:14Z
CHEQUE,POST,CHK-MTB-100056,MERCHANT,MERCH-009,EXTERNAL_INDIVIDUAL,EXT-P-6447,CREDIT,,,,,,,,,,,,,,,,,,,,,,,,,,,,,,,,,,,,,,,,,,,,,,,,,,2026-06-27T16:23:36Z,2026-06-27T17:04:36Z,41,True,False,0,,IDEMP-CHK-MTB-100056,,PASSED,,,,,,5,6,1703.06,609.58,False,44,10000,0.159,,[],False,,,,,,,,,,,,,,SETTLED,,SETL-CHK-MTB-100056,2026-06-27 00:00:00,,,,,,,,,,,,,,,,,,,,,,,,MATCHED,2026-06-27T19:04:36Z,0,True,LEDG-CHK-MTB-100056,1594.37,1594.37,SETL-CHK-MTB-100056,True,False,False,False,,,,,,,,,,,,,,,,,,,,,,,,,,,PASSED,,,[],,,,,True,2026-06-27 00:00:00,0,0,True,2736227201,1,1,False,[],1547.37,,,,,,,,,1594.37,,,,,,,,,,,,,,,,,,,,,,,,,,,,,,,,,,,,,,,,,,,,,,,,,,,ACKNOWLEDGED,,POSTED,2026-06-27 00:00:00,CREDIT,27699.88,29294.25,27699.88,29294.25,,,,,CLEARED,,,,,,,,,,,,,,,,,,,,,,,,,,,,,,,,,,,2L3SR9,1594.37,USD,2026-06-27 00:00:00,99809255,9446335263,Northstar Payment Solutions,Summit Ridge Bank,14DXI6,Betty Smith,342488826,2736227201,PRES-MTB-100056,2026-06-27 00:00:00,CHECK_CLEARING,COMPLETED,PASSED,PASSED,PASSED,PASSED,2026-06-27T04:23:36Z,True,2026-06-27T04:23:48Z,1351,30000,False,91,CL-MTB-20260627-4,2026-06-27T04:28:36Z
CHEQUE,POST,CHK-MTB-100062,MERCHANT,MERCH-009,EXTERNAL_INDIVIDUAL,EXT-P-4545,CREDIT,,,,,,,,,,,,,,,,,,,,,,,,,,,,,,,,,,,,,,,,,,,,,,,,,,2026-07-04T19:18:05Z,2026-07-05T06:50:05Z,692,True,False,0,,IDEMP-CHK-MTB-100062,,PASSED,,,,,,5,6,2924.47,1111.08,False,45,10000,0.166,,[],False,,,,,,,,,,,,,,SETTLED,,SETL-CHK-MTB-100062,2026-07-05 00:00:00,,,,,,,,,,,,,,,,,,,,,,,,NOT_YET_RECONCILED,,0,True,LEDG-CHK-MTB-100062,1661.97,1661.97,SETL-CHK-MTB-100062,False,False,False,False,,,,,,,,,,,,,,,,,,,,,,,,,,,PASSED,,,[],,,,,False,2026-05-18 00:00:00,26,47,False,1042406975,2,2,False,[],1768.73,,,,,,,,,1661.97,,,,,,,,,,,,,,,,,,,,,,,,,,,,,,,,,,,,,,,,,,,,,,,,,,,ACKNOWLEDGED,,POSTED,2026-07-05 00:00:00,CREDIT,19668.17,21330.14,19668.17,21330.14,,,,,CLEARED,,,,,,,,,,,,,,,,,,,,,,,,,,,,,,,,,,,TAPHRM,1661.97,USD,2026-07-04 00:00:00,496527293,9446335263,Northstar Payment Solutions,Summit Ridge Bank,DRZR47,Thomas Smith,231326566,1042406975,PRES-MTB-100062,2026-07-04 00:00:00,CHECK_CLEARING,COMPLETED,PASSED,PASSED,PASSED,PASSED,2026-07-04T15:18:05Z,True,2026-07-04T15:18:16Z,2691,30000,False,0,CL-MTB-20260704-9,2026-07-04T15:23:05Z
CHEQUE,POST,CHK-MTB-100015,INDIVIDUAL,IND-0040,EXTERNAL_INDIVIDUAL,EXT-P-6352,CREDIT,,,,,,,,,,,,,,,,,,,,,,,,,,,,,,,,,,,,,,,,,,,,,,,,,,2026-07-28T19:15:13Z,2026-07-28T20:22:13Z,67,True,False,0,,IDEMP-CHK-MTB-100015,,PASSED,,,,,,3,5,823.6,413.01,False,34,10000,0.055,,[],False,,,,,,,,,,,,,,SETTLED,,SETL-CHK-MTB-100015,2026-07-28 00:00:00,,,,,,,,,,,,,,,,,,,,,,,,NOT_YET_RECONCILED,,0,True,LEDG-CHK-MTB-100015,549.07,549.07,SETL-CHK-MTB-100015,False,False,False,False,,,,,,,,,,,,,,,,,,,,,,,,,,,PASSED,,,[],,,,,False,2026-06-22 00:00:00,45,36,False,4118552913,3,3,False,[],503.33,,,,,,,,,549.07,,,,,,,,,,,,,,,,,,,,,,,,,,,,,,,,,,,,,,,,,,,,,,,,,,,ACKNOWLEDGED,,POSTED,2026-07-28 00:00:00,CREDIT,16808.79,17357.86,16808.79,17357.86,,,,,CLEARED,,,,,,,,,,,,,,,,,,,,,,,,,,,,,,,,,,,2KJXC8,549.07,USD,2026-07-28 00:00:00,598861618,3148973852,Meridian Trust Bank,Cascade Point Bank,8DB0ZD,Kimberly Perez,152641953,4118552913,PRES-MTB-100015,2026-07-28 00:00:00,CHECK_CLEARING,COMPLETED,PASSED,PASSED,DEGRADED,PASSED,2026-07-28T07:15:13Z,True,2026-07-28T07:15:15Z,83,30000,False,91,CL-MTB-20260728-6,2026-07-28T07:20:13Z
CHEQUE,POST,CHK-MTB-100506,MERCHANT,MERCH-010,EXTERNAL_INDIVIDUAL,EXT-P-8578,CREDIT,,,,,,,,,,,,,,,,,,,,,,,,,,,,,,,,,,,,,,,,,,,,,,,,,,2026-08-09T03:23:31Z,2026-08-09T03:30:31Z,7,True,True,1,CHK-MTB-100094,IDEMP-CHK-MTB-100094,,FLAGGED,,,,,,1,5,14514.01,6335.81,False,37,10000,1.331,,[],False,,,,,,,,,,,,,,SETTLED,,SETL-CHK-MTB-100506,2026-08-09 00:00:00,,,,,,,,,,,,,,,,,,,,,,,,MATCHED,2026-08-09T11:30:31Z,0,True,LEDG-CHK-MTB-100506,13307.19,13307.19,SETL-CHK-MTB-100506,False,False,False,False,,,,,,,,,,,,,,,,,,,,,,,,,,,PASSED,,,[],,,,,False,2025-08-11 00:00:00,10,362,False,9951216586,1,2,False,[],16038.37,,,,,,,,,13307.19,,,,,,,,,,,,,,,,,,,,,,,,,,,,,,,,,,,,,,,,,,,,,,,,,,,ACKNOWLEDGED,,POSTED,2026-08-09 00:00:00,CREDIT,34746.22,48053.41,34746.22,48053.41,,,,,CLEARED,,,,,,,,,,,,,,,,,,,,,,,,,,,,,,,,,,,EHEQQV,13307.19,USD,2026-08-08 00:00:00,28415908,4806704660,Vertex Commerce Pay,Ironbridge National Bank,4WQZWK,David Brown,731461457,9951216586,PRES-MTB-100094,2026-08-08 00:00:00,CHECK_CLEARING,COMPLETED,PASSED,PASSED,PASSED,PASSED,2026-08-08T15:23:31Z,True,2026-08-08T15:23:49Z,4088,30000,False,0,CL-MTB-20260808-6,2026-08-08T15:28:31Z
CHEQUE,POST,CHK-MTB-100072,MERCHANT,MERCH-010,EXTERNAL_INDIVIDUAL,EXT-P-7391,DEBIT,,,,,,,,,,,,,,,,,,,,,,,,,,,,,,,,,,,,,,,,,,,,,,,,,,2026-07-06T08:39:18Z,2026-07-06T09:08:18Z,29,True,False,0,,IDEMP-CHK-MTB-100072,,PASSED,,,,,,1,3,13041.96,5087.37,False,30,10000,0.948,,[],True,,,,,,,,,,,,,,SETTLED,,SETL-CHK-MTB-100072,2026-07-06 00:00:00,,,,,,,,,,,,,,,,,,,,,,,,MATCHED,2026-07-07T06:08:18Z,0,True,LEDG-CHK-MTB-100072,9484.24,9484.24,SETL-CHK-MTB-100072,False,False,False,True,,,,,,,,,,,,,,,,,,,,,,,,,,,PASSED,,,[],,,,,False,2026-04-08 00:00:00,55,88,False,4676791708,2,3,False,[],19978.95,,,,,,,,,9484.24,,,,,,,,,,,,,,,,,,,,,,,,,,,,,,,,,,,,,,,,,,,,,,,,,,,ACKNOWLEDGED,,POSTED,2026-07-06 00:00:00,DEBIT,1850.8,-7633.44,1850.8,-7633.44,,,,,CLEARED,,,,,,,,,,,,,,,,,,,,,,,,,,,,,,,,,,,KLM459,9484.24,USD,2026-07-05 00:00:00,389331089,4806704660,Vertex Commerce Pay,Ironbridge National Bank,C9HOEZ,Nancy Taylor,461938184,4676791708,PRES-MTB-100072,2026-07-05 00:00:00,CHECK_CLEARING,COMPLETED,PASSED,PASSED,PASSED,PASSED,2026-07-05T08:39:18Z,True,2026-07-05T08:39:29Z,902,30000,False,0,CL-MTB-20260705-8,2026-07-05T08:44:18Z
CHEQUE,POST,CHK-MTB-100070,MERCHANT,MERCH-007,EXTERNAL_INDIVIDUAL,EXT-P-7333,DEBIT,,,,,,,,,,,,,,,,,,,,,,,,,,,,,,,,,,,,,,,,,,,,,,,,,,2026-07-01T17:08:54Z,2026-07-01T17:18:54Z,10,True,False,0,,IDEMP-CHK-MTB-100070,,PASSED,,,,,,1,11,6896.87,2666.71,False,65,10000,0.308,,[],False,,,,,,,,,,,,,,SETTLED,,SETL-CHK-MTB-100070,2026-07-01 00:00:00,,,,,,,,,,,,,,,,,,,,,,,,BREAK,2026-07-02T05:18:54Z,-7.38,False,LEDG-CHK-MTB-100070,3082.09,3074.71,SETL-CHK-MTB-100070,False,False,False,False,,,,,,,,,,,,,,,,,,,,,,,,,,,PASSED,,,[],,,,,True,2026-07-01 00:00:00,0,0,False,1216527424,2,3,False,[],3541.79,,,,,,,,,3082.09,,,,,,,,,,,,,,,,,,,,,,,,,,,,,,,,,,,,,,,,,,,,,,,,,,,ACKNOWLEDGED,,POSTED,2026-07-01 00:00:00,DEBIT,12584.74,9510.03,12584.74,9510.03,,,,,CLEARED,,,,,,,,,,,,,,,,,,,,,,,,,,,,,,,,,,,EAHU1G,3082.09,USD,2026-07-01 00:00:00,863915823,702250308,BrightLedger Payments,Ironbridge National Bank,M6THLX,Robert Thompson,531216799,1216527424,PRES-MTB-100070,2026-07-01 00:00:00,CHECK_CLEARING,COMPLETED,PASSED,PASSED,DEGRADED,PASSED,2026-07-01T13:08:54Z,True,2026-07-01T13:09:12Z,1390,30000,False,0,CL-MTB-20260701-2,2026-07-01T13:13:54Z
CHEQUE,POST,CHK-MTB-100018,INDIVIDUAL,IND-0028,INDIVIDUAL,IND-0069,CREDIT,,,,,,,,,,,,,,,,,,,,,,,,,,,,,,,,,,,,,,,,,,,,,,,,,,2026-07-13T00:20:57Z,2026-07-13T00:47:57Z,27,True,False,0,,IDEMP-CHK-MTB-100018,,PASSED,,,,,,3,7,3473.63,1193.03,False,45,10000,0.181,,[],False,,,,,,,,,,,,,,SETTLED,,SETL-CHK-MTB-100018,2026-07-13 00:00:00,,,,,,,,,,,,,,,,,,,,,,,,MATCHED,2026-07-14T08:47:57Z,0,True,LEDG-CHK-MTB-100018,1811.47,1811.47,SETL-CHK-MTB-100018,False,True,False,False,,,,,,,,,,,,,,,,,,,,,,,,,,,PASSED,,,[],,,,,False,2024-02-13 00:00:00,43,880,False,3894960981,8,11,True,[],2342.27,,,,,,,,,1811.47,,,,,,,,,,,,,,,,,,,,,,,,,,,,,,,,,,,,,,,,,,,,,,,,,,,ACKNOWLEDGED,,POSTED,2026-07-13 00:00:00,CREDIT,32457.56,34269.03,32457.56,34269.03,,,,,CLEARED,,,,,,,,,,,,,,,,,,,,,,,,,,,,,,,,,,,PRDG1R,1811.47,USD,2026-07-12 00:00:00,133941347,6963210242,Meridian Trust Bank,Cascade Point Bank,4BDC3O,Melissa Williams,944463449,3894960981,PRES-MTB-100018,2026-07-12 00:00:00,CHECK_CLEARING,COMPLETED,PASSED,PASSED,DEGRADED,PASSED,2026-07-12T20:20:57Z,True,2026-07-12T20:21:04Z,997,30000,False,0,CL-MTB-20260712-2,2026-07-12T20:25:57Z
CHEQUE,POST,CHK-MTB-100088,MERCHANT,MERCH-004,EXTERNAL_INDIVIDUAL,EXT-P-2118,CREDIT,,,,,,,,,,,,,,,,,,,,,,,,,,,,,,,,,,,,,,,,,,,,,,,,,,2026-08-04T20:28:37Z,2026-08-04T21:32:37Z,64,True,False,0,,IDEMP-CHK-MTB-100088,,PASSED,,,,,,5,12,25309.19,11068.89,True,59,10000,0.983,,[],False,,,,,,,,,,,,,,SETTLED,,SETL-CHK-MTB-100088,2026-08-04 00:00:00,,,,,,,,,,,,,,,,,,,,,,,,PENDING,2026-08-05T07:32:37Z,0,True,LEDG-CHK-MTB-100088,9830.34,9830.34,SETL-CHK-MTB-100088,False,False,True,False,,,,,,,,,,,,,,,,,,,,,,,,,,,PASSED,,,[],,,,,False,2023-10-23 00:00:00,3,1016,False,8738347039,3,5,False,[],12553.12,,,,,,,,,9830.34,,,,,,,,,,,,,,,,,,,,,,,,,,,,,,,,,,,,,,,,,,,,,,,,,,,ACKNOWLEDGED,,POSTED,2026-08-04 00:00:00,CREDIT,7609.56,17439.9,7609.56,17439.9,,,,,CLEARED,,,,,,,,,,,,,,,,,,,,,,,,,,,,,,,,,,,QADMTL,9830.34,USD,2026-08-04 00:00:00,483126374,3061977058,Vertex Commerce Pay,Summit Ridge Bank,J52HE3,Melissa Gonzalez,20642908,8738347039,PRES-MTB-100088,2026-08-04 00:00:00,CHECK_CLEARING,COMPLETED,PASSED,PASSED,PASSED,PASSED,2026-08-04T08:28:37Z,True,2026-08-04T08:28:41Z,4079,30000,False,0,CL-MTB-20260804-2,2026-08-04T08:33:37Z
CHEQUE,POST,CHK-MTB-100023,INDIVIDUAL,IND-0089,INDIVIDUAL,IND-0082,CREDIT,,,,,,,,,,,,,,,,,,,,,,,,,,,,,,,,,,,,,,,,,,,,,,,,,,2026-07-26T19:15:54Z,2026-07-26T20:20:54Z,65,True,False,0,,IDEMP-CHK-MTB-100023,,PASSED,,,,,,2,10,6540.67,3572.84,False,57,10000,0.339,,[],False,,,,,,,,,,,,,,SETTLED,,SETL-CHK-MTB-100023,2026-07-26 00:00:00,,,,,,,,,,,,,,,,,,,,,,,,MATCHED,2026-07-27T17:20:54Z,0,True,LEDG-CHK-MTB-100023,3390.07,3390.07,SETL-CHK-MTB-100023,True,False,False,False,,,,,,,,,,,,,,,,,,,,,,,,,,,PASSED,,,[],,,,,True,2026-07-26 00:00:00,0,0,True,1966677558,1,1,False,[],3772.55,,,,,,,,,3390.07,,,,,,,,,,,,,,,,,,,,,,,,,,,,,,,,,,,,,,,,,,,,,,,,,,,ACKNOWLEDGED,,POSTED,2026-07-26 00:00:00,CREDIT,34931.28,38321.35,34931.28,38321.35,,,,,CLEARED,,,,,,,,,,,,,,,,,,,,,,,,,,,,,,,,,,,WRSG3W,3390.07,USD,2026-07-26 00:00:00,298929368,4430016252,Meridian Trust Bank,Cascade Point Bank,6VRCJT,Donna Nguyen,551920975,1966677558,PRES-MTB-100023,2026-07-26 00:00:00,CHECK_CLEARING,COMPLETED,PASSED,PASSED,PASSED,PASSED,2026-07-26T18:15:54Z,True,2026-07-26T18:16:06Z,3547,30000,False,91,CL-MTB-20260726-4,2026-07-26T18:20:54Z
CHEQUE,POST,CHK-MTB-100002,INDIVIDUAL,IND-0098,EXTERNAL_INDIVIDUAL,EXT-P-9606,CREDIT,,,,,,,,,,,,,,,,,,,,,,,,,,,,,,,,,,,,,,,,,,,,,,,,,,2026-07-26T20:01:18Z,2026-07-27T22:30:18Z,1589,True,False,0,,IDEMP-CHK-MTB-100002,,PASSED,,,,,,1,7,9539.73,5011.71,False,38,10000,0.928,,[],True,,,,,,,,,,,,,,SETTLED,,SETL-CHK-MTB-100002,2026-07-27 00:00:00,,,,,,,,,,,,,,,,,,,,,,,,MATCHED,2026-07-28T05:30:18Z,0,True,LEDG-CHK-MTB-100002,9283.02,9283.02,SETL-CHK-MTB-100002,False,True,False,True,,,,,,,,,,,,,,,,,,,,,,,,,,,PASSED,,,[],,,,,False,2026-01-24 00:00:00,50,182,False,7416108235,8,9,True,[],17890.18,,,,,,,,,9283.02,,,,,,,,,,,,,,,,,,,,,,,,,,,,,,,,,,,,,,,,,,,,,,,,,,,ACKNOWLEDGED,,POSTED,2026-07-27 00:00:00,CREDIT,28150.53,37433.55,28150.53,37433.55,,,,,CLEARED,,,,,,,,,,,,,,,,,,,,,,,,,,,,,,,,,,,ABAZWW,9283.02,USD,2026-07-25 00:00:00,47517181,8260179870,Meridian Trust Bank,Summit Ridge Bank,HHNBBS,Kenneth Ramirez,545789301,7416108235,PRES-MTB-100002,2026-07-25 00:00:00,CHECK_CLEARING,COMPLETED,PASSED,PASSED,DEGRADED,PASSED,2026-07-25T20:01:18Z,True,2026-07-25T20:01:26Z,4020,30000,False,0,CL-MTB-20260725-6,2026-07-25T20:06:18Z
CHEQUE,POST,CHK-MTB-100076,MERCHANT,MERCH-010,INDIVIDUAL,IND-0085,CREDIT,,,,,,,,,,,,,,,,,,,,,,,,,,,,,,,,,,,,,,,,,,,,,,,,,,2026-08-11T01:09:56Z,2026-08-12T14:50:56Z,2261,True,False,0,,IDEMP-CHK-MTB-100076,,PASSED,,,,,,1,4,27730.98,19814.84,False,31,10000,0.622,,[],False,,,,,,,,,,,,,,SETTLED,,SETL-CHK-MTB-100076,2026-08-12 00:00:00,,,,,,,,,,,,,,,,,,,,,,,,NOT_YET_RECONCILED,,0,True,LEDG-CHK-MTB-100076,6219.21,6219.21,SETL-CHK-MTB-100076,False,False,False,False,,,,,,,,,,,,,,,,,,,,,,,,,,,PASSED,,,[],,,,,True,2026-08-10 00:00:00,0,0,False,2439153591,2,6,False,[],7359.59,,,,,,,,,6219.21,,,,,,,,,,,,,,,,,,,,,,,,,,,,,,,,,,,,,,,,,,,,,,,,,,,ACKNOWLEDGED,,POSTED,2026-08-12 00:00:00,CREDIT,11082.97,17302.18,11082.97,17302.18,,,,,CLEARED,,,,,,,,,,,,,,,,,,,,,,,,,,,,,,,,,,,KQUXIN,6219.21,USD,2026-08-10 00:00:00,818859230,4806704660,Vertex Commerce Pay,Ironbridge National Bank,IWM5U1,Michael Thomas,92689109,2439153591,PRES-MTB-100076,2026-08-10 00:00:00,CHECK_CLEARING,COMPLETED,PASSED,PASSED,PASSED,PASSED,2026-08-10T13:09:56Z,True,2026-08-10T13:10:04Z,1655,30000,False,5,CL-MTB-20260810-1,2026-08-10T13:14:56Z
CHEQUE,POST,CHK-MTB-100037,INDIVIDUAL,IND-0084,EXTERNAL_INDIVIDUAL,EXT-P-9805,DEBIT,,,,,,,,,,,,,,,,,,,,,,,,,,,,,,,,,,,,,,,,,,,,,,,,,,2026-08-03T02:02:20Z,2026-08-04T21:03:20Z,2581,True,False,0,,IDEMP-CHK-MTB-100037,,PASSED,,,,,,1,5,18533.29,7853.33,False,37,10000,0.838,,[],False,,,,,,,,,,,,,,SETTLED,,SETL-CHK-MTB-100037,2026-08-04 00:00:00,,,,,,,,,,,,,,,,,,,,,,,,MATCHED,2026-08-04T22:03:20Z,0,True,LEDG-CHK-MTB-100037,8376.73,8376.73,SETL-CHK-MTB-100037,False,False,False,False,,,,,,,,,,,,,,,,,,,,,,,,,,,PASSED,,,[],,,,,False,2025-01-31 00:00:00,59,548,False,2078505999,1,2,False,[],7472.6,,,,,,,,,8376.73,,,,,,,,,,,,,,,,,,,,,,,,,,,,,,,,,,,,,,,,,,,,,,,,,,,ACKNOWLEDGED,,POSTED,2026-08-04 00:00:00,DEBIT,38280.01,29903.28,38280.01,29903.28,,,,,CLEARED,,,,,,,,,,,,,,,,,,,,,,,,,,,,,,,,,,,49PLW7,8376.73,USD,2026-08-02 00:00:00,62131818,5383925378,Meridian Trust Bank,Cascade Point Bank,H5XSJN,Charles Hernandez,717535996,2078505999,PRES-MTB-100037,2026-08-02 00:00:00,CHECK_CLEARING,COMPLETED,PASSED,PASSED,DEGRADED,PASSED,2026-08-02T14:02:20Z,True,2026-08-02T14:02:28Z,2569,30000,False,0,CL-MTB-20260802-4,2026-08-02T14:07:20Z
CHEQUE,POST,CHK-MTB-100009,INDIVIDUAL,IND-0025,EXTERNAL_INDIVIDUAL,EXT-P-2945,CREDIT,,,,,,,,,,,,,,,,,,,,,,,,,,,,,,,,,,,,,,,,,,,,,,,,,,2026-07-01T10:32:41Z,2026-07-01T10:43:41Z,11,True,False,0,,IDEMP-CHK-MTB-100009,,PASSED,,,,,,2,2,14690.35,5228.54,False,26,10000,0.422,,[],False,,,,,,,,,,,,,,SETTLED,,SETL-CHK-MTB-100009,2026-07-01 00:00:00,,,,,,,,,,,,,,,,,,,,,,,,MATCHED,2026-07-01T18:43:41Z,0,True,LEDG-CHK-MTB-100009,4224.22,4224.22,SETL-CHK-MTB-100009,False,False,False,False,,,,,,,,,,,,,,,,,,,,,,,,,,,PASSED,,,[],,,,,False,2025-03-13 00:00:00,19,474,False,2906866736,2,3,False,[],4043.77,,,,,,,,,4224.22,,,,,,,,,,,,,,,,,,,,,,,,,,,,,,,,,,,,,,,,,,,,,,,,,,,ACKNOWLEDGED,,POSTED,2026-07-01 00:00:00,CREDIT,49849.54,54073.76,49849.54,54073.76,,,,,CLEARED,,,,,,,,,,,,,,,,,,,,,,,,,,,,,,,,,,,N8KB6P,4224.22,USD,2026-06-30 00:00:00,362790673,9374062971,Meridian Trust Bank,Ironbridge National Bank,6T8E2C,Barbara Torres,742658859,2906866736,PRES-MTB-100009,2026-06-30 00:00:00,CHECK_CLEARING,COMPLETED,PASSED,PASSED,PASSED,PASSED,2026-06-30T10:32:41Z,True,2026-06-30T10:33:01Z,3926,30000,False,0,CL-MTB-20260630-7,2026-06-30T10:37:41Z
CHEQUE,POST,CHK-MTB-100045,INDIVIDUAL,IND-0073,INDIVIDUAL,IND-0013,CREDIT,,,,,,,,,,,,,,,,,,,,,,,,,,,,,,,,,,,,,,,,,,,,,,,,,,2026-08-12T08:53:39Z,2026-08-12T09:06:39Z,13,True,False,0,,IDEMP-CHK-MTB-100045,,PASSED,,,,,,5,6,2023.22,814.32,False,38,10000,0.133,,[],False,,,,,,,,,,,,,,SETTLED,,SETL-CHK-MTB-100045,2026-08-12 00:00:00,,,,,,,,,,,,,,,,,,,,,,,,MATCHED,2026-08-13T19:06:39Z,0,True,LEDG-CHK-MTB-100045,1331.66,1331.66,SETL-CHK-MTB-100045,False,False,False,False,,,,,,,,,,,,,,,,,,,,,,,,,,,PASSED,,,[],,,,,False,2025-12-26 00:00:00,8,229,False,2411755318,2,4,False,[],1672.57,,,,,,,,,1331.66,,,,,,,,,,,,,,,,,,,,,,,,,,,,,,,,,,,,,,,,,,,,,,,,,,,ACKNOWLEDGED,,POSTED,2026-08-12 00:00:00,CREDIT,30585.65,31917.31,30585.65,31917.31,,,,,CLEARED,,,,,,,,,,,,,,,,,,,,,,,,,,,,,,,,,,,IX886E,1331.66,USD,2026-08-12 00:00:00,509479520,3719878466,Meridian Trust Bank,Cascade Point Bank,GMJ4QY,Kevin Allen,103480683,2411755318,PRES-MTB-100045,2026-08-12 00:00:00,CHECK_CLEARING,COMPLETED,PASSED,PASSED,PASSED,PASSED,2026-08-12T04:53:39Z,True,2026-08-12T04:53:45Z,3162,30000,False,91,CL-MTB-20260812-2,2026-08-12T04:58:39Z
CHEQUE,POST,CHK-MTB-100016,INDIVIDUAL,IND-0094,EXTERNAL_INDIVIDUAL,EXT-P-4567,CREDIT,,,,,,,,,,,,,,,,,,,,,,,,,,,,,,,,,,,,,,,,,,,,,,,,,,2026-08-10T16:55:42Z,2026-08-10T17:59:42Z,64,True,False,0,,IDEMP-CHK-MTB-100016,,PASSED,,,,,,1,4,1051,479.32,False,26,10000,0.042,,[],False,,,,,,,,,,,,,,SETTLED,,SETL-CHK-MTB-100016,2026-08-10 00:00:00,,,,,,,,,,,,,,,,,,,,,,,,MATCHED,2026-08-11T07:59:42Z,0,True,LEDG-CHK-MTB-100016,424.78,424.78,SETL-CHK-MTB-100016,False,False,False,False,,,,,,,,,,,,,,,,,,,,,,,,,,,PASSED,,,[],,,,,False,2024-12-19 00:00:00,21,598,False,4128877464,1,4,False,[],396.48,,,,,,,,,424.78,,,,,,,,,,,,,,,,,,,,,,,,,,,,,,,,,,,,,,,,,,,,,,,,,,,ACKNOWLEDGED,,POSTED,2026-08-10 00:00:00,CREDIT,6412.11,6836.89,6412.11,6836.89,,,,,CLEARED,,,,,,,,,,,,,,,,,,,,,,,,,,,,,,,,,,,DFDYEM,424.78,USD,2026-08-09 00:00:00,991093373,6444313846,Meridian Trust Bank,Summit Ridge Bank,8FONYZ,Kathleen Walker,553775857,4128877464,PRES-MTB-100016,2026-08-09 00:00:00,CHECK_CLEARING,COMPLETED,PASSED,PASSED,DEGRADED,PASSED,2026-08-09T16:55:42Z,True,2026-08-09T16:55:58Z,1933,30000,False,0,CL-MTB-20260809-1,2026-08-09T17:00:42Z
CHEQUE,POST,CHK-MTB-100094,MERCHANT,MERCH-010,EXTERNAL_INDIVIDUAL,EXT-P-8578,CREDIT,,,,,,,,,,,,,,,,,,,,,,,,,,,,,,,,,,,,,,,,,,,,,,,,,,2026-08-09T03:23:31Z,2026-08-09T04:51:31Z,88,True,False,0,,IDEMP-CHK-MTB-100094,,PASSED,,,,,,1,5,14514.01,6335.81,False,37,10000,1.331,,[],False,,,,,,,,,,,,,,SETTLED,,SETL-CHK-MTB-100094,2026-08-09 00:00:00,,,,,,,,,,,,,,,,,,,,,,,,NOT_YET_RECONCILED,,0,True,LEDG-CHK-MTB-100094,13307.19,13307.19,SETL-CHK-MTB-100094,False,False,False,False,,,,,,,,,,,,,,,,,,,,,,,,,,,PASSED,,,[],,,,,False,2025-08-11 00:00:00,10,362,False,9951216586,1,2,False,[],16038.37,,,,,,,,,13307.19,,,,,,,,,,,,,,,,,,,,,,,,,,,,,,,,,,,,,,,,,,,,,,,,,,,ACKNOWLEDGED,,POSTED,2026-08-09 00:00:00,CREDIT,34746.22,48053.41,34746.22,48053.41,,,,,CLEARED,,,,,,,,,,,,,,,,,,,,,,,,,,,,,,,,,,,EHEQQV,13307.19,USD,2026-08-08 00:00:00,28415908,4806704660,Vertex Commerce Pay,Ironbridge National Bank,4WQZWK,David Brown,731461457,9951216586,PRES-MTB-100094,2026-08-08 00:00:00,CHECK_CLEARING,COMPLETED,PASSED,PASSED,PASSED,PASSED,2026-08-08T15:23:31Z,True,2026-08-08T15:23:49Z,4088,30000,False,0,CL-MTB-20260808-6,2026-08-08T15:28:31Z
CHEQUE,POST,CHK-MTB-100069,MERCHANT,MERCH-002,EXTERNAL_INDIVIDUAL,EXT-P-2626,CREDIT,,,,,,,,,,,,,,,,,,,,,,,,,,,,,,,,,,,,,,,,,,,,,,,,,,2026-08-16T14:49:25Z,2026-08-16T15:32:25Z,43,True,False,0,,IDEMP-CHK-MTB-100069,,PASSED,,,,,,5,15,25667.76,11872.23,True,72,10000,1.102,,[],False,,,,,,,,,,,,,,SETTLED,,SETL-CHK-MTB-100069,2026-08-16 00:00:00,,,,,,,,,,,,,,,,,,,,,,,,MATCHED,2026-08-17T16:32:25Z,0,True,LEDG-CHK-MTB-100069,11024.82,11024.82,SETL-CHK-MTB-100069,False,False,True,False,,,,,,,,,,,,,,,,,,,,,,,,,,,PASSED,,,[],,,,,False,2024-11-03 00:00:00,32,651,False,9464699781,3,4,False,[],13957.32,,,,,,,,,11024.82,,,,,,,,,,,,,,,,,,,,,,,,,,,,,,,,,,,,,,,,,,,,,,,,,,,ACKNOWLEDGED,,POSTED,2026-08-16 00:00:00,CREDIT,49150.7,60175.52,49150.7,60175.52,,,,,CLEARED,,,,,,,,,,,,,,,,,,,,,,,,,,,,,,,,,,,WJLD0J,11024.82,USD,2026-08-16 00:00:00,270965468,5123580257,Vertex Commerce Pay,Ironbridge National Bank,UU6ADP,Timothy Hill,915870961,9464699781,PRES-MTB-100069,2026-08-16 00:00:00,CHECK_CLEARING,COMPLETED,PASSED,PASSED,DEGRADED,PASSED,2026-08-16T13:49:25Z,True,2026-08-16T13:49:37Z,2259,30000,False,0,CL-MTB-20260816-9,2026-08-16T13:54:25Z
CHEQUE,POST,CHK-MTB-100003,INDIVIDUAL,IND-0011,INDIVIDUAL,IND-0024,CREDIT,,,,,,,,,,,,,,,,,,,,,,,,,,,,,,,,,,,,,,,,,,,,,,,,,,2026-06-27T19:16:31Z,2026-06-27T20:07:31Z,51,True,False,0,,IDEMP-CHK-MTB-100003,,PASSED,,,,,,2,3,20287.25,11069.85,False,30,10000,0.931,,[],True,,,,,,,,,,,,,,SETTLED,,SETL-CHK-MTB-100003,2026-06-27 00:00:00,,,,,,,,,,,,,,,,,,,,,,,,MATCHED,2026-06-29T08:07:31Z,0,True,LEDG-CHK-MTB-100003,9305.11,9305.11,SETL-CHK-MTB-100003,False,False,False,True,,,,,,,,,,,,,,,,,,,,,,,,,,,PASSED,,,[],,,,,False,2024-03-21 00:00:00,13,828,False,9324986869,5,5,False,[],12722.12,,,,,,,,,9305.11,,,,,,,,,,,,,,,,,,,,,,,,,,,,,,,,,,,,,,,,,,,,,,,,,,,PENDING,,POSTED,2026-06-27 00:00:00,CREDIT,44525.88,53830.99,44525.88,53830.99,,,,,CLEARED,,,,,,,,,,,,,,,,,,,,,,,,,,,,,,,,,,,BZ215Q,9305.11,USD,2026-06-27 00:00:00,34756280,4005907267,Meridian Trust Bank,Ironbridge National Bank,5GR49Y,Stephanie Williams,143815859,9324986869,PRES-MTB-100003,2026-06-27 00:00:00,CHECK_CLEARING,COMPLETED,PASSED,PASSED,DEGRADED,PASSED,2026-06-27T18:16:31Z,False,,,30000,True,,CL-MTB-20260627-1,2026-06-27T18:21:31Z
CHEQUE,POST,CHK-MTB-100071,MERCHANT,MERCH-006,INDIVIDUAL,IND-0047,CREDIT,,,,,,,,,,,,,,,,,,,,,,,,,,,,,,,,,,,,,,,,,,,,,,,,,,2026-06-29T17:35:16Z,2026-06-29T18:34:16Z,59,True,False,0,,IDEMP-CHK-MTB-100071,,PASSED,,,,,,1,2,11003.63,5472.97,False,20,10000,0.246,,[],False,,,,,,,,,,,,,,SETTLED,,SETL-CHK-MTB-100071,2026-06-29 00:00:00,,,,,,,,,,,,,,,,,,,,,,,,MATCHED,2026-07-01T05:34:16Z,0,True,LEDG-CHK-MTB-100071,2460.09,2460.09,SETL-CHK-MTB-100071,False,False,False,False,,,,,,,,,,,,,,,,,,,,,,,,,,,PASSED,,,[],,,,,False,2023-08-29 00:00:00,23,1035,False,7999633628,3,5,False,[],2624.74,,,,,,,,,2460.09,,,,,,,,,,,,,,,,,,,,,,,,,,,,,,,,,,,,,,,,,,,,,,,,,,,ACKNOWLEDGED,,POSTED,2026-06-29 00:00:00,CREDIT,14959.67,17419.76,14959.67,17419.76,,,,,CLEARED,,,,,,,,,,,,,,,,,,,,,,,,,,,,,,,,,,,GG9VHW,2460.09,USD,2026-06-29 00:00:00,216720583,3264421990,Meridian Trust Bank,Ironbridge National Bank,TWP2LJ,Barbara Scott,304686532,7999633628,PRES-MTB-100071,2026-06-29 00:00:00,CHECK_CLEARING,COMPLETED,PASSED,PASSED,PASSED,PASSED,2026-06-29T13:35:16Z,True,2026-06-29T13:35:26Z,4111,30000,False,0,CL-MTB-20260629-6,2026-06-29T13:40:16Z
CHEQUE,POST,CHK-MTB-100073,MERCHANT,MERCH-004,EXTERNAL_INDIVIDUAL,EXT-P-3156,CREDIT,,,,,,,,,,,,,,,,,,,,,,,,,,,,,,,,,,,,,,,,,,,,,,,,,,2026-08-05T08:31:21Z,2026-08-05T09:51:21Z,80,True,False,0,,IDEMP-CHK-MTB-100073,,PASSED,,,,,,3,13,5303.25,2014.9,True,75,10000,0.134,,[],False,,,,,,,,,,,,,,SETTLED,,SETL-CHK-MTB-100073,2026-08-05 00:00:00,,,,,,,,,,,,,,,,,,,,,,,,NOT_YET_RECONCILED,,0,True,LEDG-CHK-MTB-100073,1343.65,1343.65,SETL-CHK-MTB-100073,False,False,True,False,,,,,,,,,,,,,,,,,,,,,,,,,,,PASSED,,,[],,,,,False,2023-07-01 00:00:00,37,1130,False,2222293573,2,3,False,[],1386.78,,,,,,,,,1343.65,,,,,,,,,,,,,,,,,,,,,,,,,,,,,,,,,,,,,,,,,,,,,,,,,,,ACKNOWLEDGED,,POSTED,2026-08-05 00:00:00,CREDIT,18101.06,19444.71,18101.06,19444.71,,,,,CLEARED,,,,,,,,,,,,,,,,,,,,,,,,,,,,,,,,,,,ADFTO8,1343.65,USD,2026-08-04 00:00:00,764585774,3061977058,Vertex Commerce Pay,Cascade Point Bank,ODH9R4,David Harris,760904915,2222293573,PRES-MTB-100073,2026-08-04 00:00:00,CHECK_CLEARING,COMPLETED,PASSED,PASSED,PASSED,PASSED,2026-08-04T08:31:21Z,True,2026-08-04T08:31:36Z,1382,30000,False,0,CL-MTB-20260804-2,2026-08-04T08:36:21Z
CHEQUE,POST,CHK-MTB-100032,INDIVIDUAL,IND-0063,EXTERNAL_INDIVIDUAL,EXT-P-5521,CREDIT,,,,,,,,,,,,,,,,,,,,,,,,,,,,,,,,,,,,,,,,,,,,,,,,,,2026-07-06T01:00:06Z,2026-07-06T01:30:06Z,30,True,False,0,,IDEMP-CHK-MTB-100032,,PASSED,,,,,,5,15,20218.61,13153.01,False,72,10000,1.291,,[],False,,,,,,,,,,,,,,SETTLED,,SETL-CHK-MTB-100032,2026-07-06 00:00:00,,,,,,,,,,,,,,,,,,,,,,,,MATCHED,2026-07-06T19:30:06Z,0,True,LEDG-CHK-MTB-100032,12914.29,12914.29,SETL-CHK-MTB-100032,False,False,False,False,,,,,,,,,,,,,,,,,,,,,,,,,,,PASSED,,,[],,,,,True,2026-07-04 00:00:00,0,0,False,7176340023,1,2,False,[],16019.63,,,,,,,,,12914.29,,,,,,,,,,,,,,,,,,,,,,,,,,,,,,,,,,,,,,,,,,,,,,,,,,,ACKNOWLEDGED,,POSTED,2026-07-06 00:00:00,CREDIT,16553.61,29467.9,16553.61,29467.9,,,,,CLEARED,,,,,,,,,,,,,,,,,,,,,,,,,,,,,,,,,,,HJFI1G,12914.29,USD,2026-07-04 00:00:00,193912102,318009757,Meridian Trust Bank,Ironbridge National Bank,LOGX8T,Charles Ramirez,167592475,7176340023,PRES-MTB-100032,2026-07-04 00:00:00,CHECK_CLEARING,COMPLETED,PASSED,PASSED,PASSED,PASSED,2026-07-04T01:00:06Z,True,2026-07-04T01:00:09Z,3592,30000,False,0,CL-MTB-20260704-3,2026-07-04T01:05:06Z
CHEQUE,POST,CHK-MTB-100074,MERCHANT,MERCH-008,EXTERNAL_INDIVIDUAL,EXT-P-1563,CREDIT,,,,,,,,,,,,,,,,,,,,,,,,,,,,,,,,,,,,,,,,,,,,,,,,,,2026-08-21T00:50:47Z,2026-08-21T00:58:47Z,8,True,False,0,,IDEMP-CHK-MTB-100074,,PASSED,,,,,,1,3,5794.35,2091.85,False,29,10000,0.133,,[],False,,,,,,,,,,,,,,SETTLED,,SETL-CHK-MTB-100074,2026-08-21 00:00:00,,,,,,,,,,,,,,,,,,,,,,,,MATCHED,2026-08-22T01:58:47Z,0,True,LEDG-CHK-MTB-100074,1331.47,1331.47,SETL-CHK-MTB-100074,False,False,False,False,,,,,,,,,,,,,,,,,,,,,,,,,,,PASSED,,,[],,,,,False,2025-04-15 00:00:00,46,491,False,1950091499,1,2,False,[],1348.11,,,,,,,,,1331.47,,,,,,,,,,,,,,,,,,,,,,,,,,,,,,,,,,,,,,,,,,,,,,,,,,,ACKNOWLEDGED,,POSTED,2026-08-21 00:00:00,CREDIT,16868.37,18199.84,16868.37,18199.84,,,,,CLEARED,,,,,,,,,,,,,,,,,,,,,,,,,,,,,,,,,,,NVKFPF,1331.47,USD,2026-08-19 00:00:00,15603971,454372367,BrightLedger Payments,Ironbridge National Bank,OKTKBM,Timothy Williams,261519341,1950091499,PRES-MTB-100074,2026-08-19 00:00:00,CHECK_CLEARING,COMPLETED,PASSED,PASSED,PASSED,PASSED,2026-08-19T00:50:47Z,True,2026-08-19T00:50:56Z,4371,30000,False,0,CL-MTB-20260819-2,2026-08-19T00:55:47Z
CHEQUE,POST,CHK-MTB-100041,INDIVIDUAL,IND-0091,EXTERNAL_INDIVIDUAL,EXT-P-6737,CREDIT,,,,,,,,,,,,,,,,,,,,,,,,,,,,,,,,,,,,,,,,,,,,,,,,,,2026-07-11T15:55:31Z,2026-07-11T16:22:31Z,27,True,False,0,,IDEMP-CHK-MTB-100041,,PASSED,,,,,,2,5,24781.82,9240.78,False,38,10000,0.746,,[],False,,,,,,,,,,,,,,SETTLED,,SETL-CHK-MTB-100041,2026-07-11 00:00:00,,,,,,,,,,,,,,,,,,,,,,,,MATCHED,2026-07-12T20:22:31Z,0,True,LEDG-CHK-MTB-100041,7457.99,7457.99,SETL-CHK-MTB-100041,False,False,False,False,,,,,,,,,,,,,,,,,,,,,,,,,,,PASSED,,,[],,,,,False,2025-06-28 00:00:00,59,376,False,6429456892,1,5,False,[],7270.95,,,,,,,,,7457.99,,,,,,,,,,,,,,,,,,,,,,,,,,,,,,,,,,,,,,,,,,,,,,,,,,,ACKNOWLEDGED,,POSTED,2026-07-11 00:00:00,CREDIT,11738.4,19196.39,11738.4,19196.39,,,,,CLEARED,,,,,,,,,,,,,,,,,,,,,,,,,,,,,,,,,,,ZMYWB1,7457.99,USD,2026-07-09 00:00:00,194953497,8072465285,Meridian Trust Bank,Cascade Point Bank,KZF2PQ,David Torres,46409879,6429456892,PRES-MTB-100041,2026-07-09 00:00:00,CHECK_CLEARING,COMPLETED,PASSED,PASSED,PASSED,PASSED,2026-07-09T15:55:31Z,True,2026-07-09T15:55:38Z,2936,30000,False,0,CL-MTB-20260709-6,2026-07-09T16:00:31Z
CHEQUE,POST,CHK-MTB-100079,MERCHANT,MERCH-010,EXTERNAL_INDIVIDUAL,EXT-P-8646,CREDIT,,,,,,,,,,,,,,,,,,,,,,,,,,,,,,,,,,,,,,,,,,,,,,,,,,2026-07-04T21:57:23Z,2026-07-04T22:52:23Z,55,True,False,0,,IDEMP-CHK-MTB-100079,,PASSED,,,,,,1,10,6317.26,3692.15,False,54,10000,0.436,,[],False,,,,,,,,,,,,,,SETTLED,,SETL-CHK-MTB-100079,2026-07-04 00:00:00,,,,,,,,,,,,,,,,,,,,,,,,MATCHED,2026-07-05T05:52:23Z,0,True,LEDG-CHK-MTB-100079,4356.99,4356.99,SETL-CHK-MTB-100079,False,False,False,False,,,,,,,,,,,,,,,,,,,,,,,,,,,PASSED,,,[],,,,,False,2024-10-13 00:00:00,32,628,False,924568234,2,4,False,[],4470.58,,,,,,,,,4356.99,,,,,,,,,,,,,,,,,,,,,,,,,,,,,,,,,,,,,,,,,,,,,,,,,,,ACKNOWLEDGED,,POSTED,2026-07-04 00:00:00,CREDIT,36502.58,40859.57,36502.58,40859.57,,,,,CLEARED,,,,,,,,,,,,,,,,,,,,,,,,,,,,,,,,,,,GSK21F,4356.99,USD,2026-07-03 00:00:00,880248290,4806704660,Vertex Commerce Pay,Cascade Point Bank,DCW9KP,Richard Lopez,151644456,924568234,PRES-MTB-100079,2026-07-03 00:00:00,CHECK_CLEARING,COMPLETED,PASSED,PASSED,PASSED,PASSED,2026-07-03T21:57:23Z,True,2026-07-03T21:57:33Z,2949,30000,False,51,CL-MTB-20260703-6,2026-07-03T22:02:23Z
CHEQUE,POST,CHK-MTB-100057,MERCHANT,MERCH-010,EXTERNAL_INDIVIDUAL,EXT-P-8781,CREDIT,,,,,,,,,,,,,,,,,,,,,,,,,,,,,,,,,,,,,,,,,,,,,,,,,,2026-08-17T05:20:31Z,2026-08-17T06:40:31Z,80,True,False,0,,IDEMP-CHK-MTB-100057,,PASSED,,,,,,1,2,3526.17,1280.39,False,30,10000,0.08,,[],False,,,,,,,,,,,,,,SETTLED,,SETL-CHK-MTB-100057,2026-08-17 00:00:00,,,,,,,,,,,,,,,,,,,,,,,,BREAK,2026-08-18T02:40:31Z,2.92,False,LEDG-CHK-MTB-100057,801.12,804.04,SETL-CHK-MTB-100057,False,False,False,False,,,,,,,,,,,,,,,,,,,,,,,,,,,PASSED,,,[],,,,,False,2024-10-05 00:00:00,20,681,False,2931544380,1,4,False,[],975.07,,,,,,,,,801.12,,,,,,,,,,,,,,,,,,,,,,,,,,,,,,,,,,,,,,,,,,,,,,,,,,,ACKNOWLEDGED,,POSTED,2026-08-17 00:00:00,CREDIT,18086.16,18890.2,18086.16,18890.2,,,,,CLEARED,,,,,,,,,,,,,,,,,,,,,,,,,,,,,,,,,,,GWWSN1,801.12,USD,2026-08-17 00:00:00,106317582,4806704660,Vertex Commerce Pay,Cascade Point Bank,F4C4RT,Michelle Wilson,814985176,2931544380,PRES-MTB-100057,2026-08-17 00:00:00,CHECK_CLEARING,COMPLETED,PASSED,PASSED,PASSED,PASSED,2026-08-17T01:20:31Z,True,2026-08-17T01:20:46Z,126,30000,False,0,CL-MTB-20260817-4,2026-08-17T01:25:31Z
CHEQUE,POST,CHK-MTB-100039,INDIVIDUAL,IND-0098,INDIVIDUAL,IND-0078,CREDIT,,,,,,,,,,,,,,,,,,,,,,,,,,,,,,,,,,,,,,,,,,,,,,,,,,2026-07-17T23:59:57Z,2026-07-18T00:09:57Z,10,True,False,0,,IDEMP-CHK-MTB-100039,,PASSED,,,,,,2,10,1277.16,622.02,False,52,10000,0.032,,[],False,,,,,,,,,,,,,,SETTLED,,SETL-CHK-MTB-100039,2026-07-18 00:00:00,,,,,,,,,,,,,,,,,,,,,,,,BREAK,2026-07-18T18:09:57Z,9.71,False,LEDG-CHK-MTB-100039,320.46,330.17,SETL-CHK-MTB-100039,False,False,False,False,,,,,,,,,,,,,,,,,,,,,,,,,,,PASSED,,,[],,,,,False,2025-03-20 00:00:00,13,483,False,840327782,5,7,False,[],343.5,,,,,,,,,320.46,,,,,,,,,,,,,,,,,,,,,,,,,,,,,,,,,,,,,,,,,,,,,,,,,,,ACKNOWLEDGED,,POSTED,2026-07-18 00:00:00,CREDIT,32953.17,33283.34,32953.17,33283.34,,,,,CLEARED,,,,,,,,,,,,,,,,,,,,,,,,,,,,,,,,,,,DF7S33,320.46,USD,2026-07-16 00:00:00,304928332,8260179870,Meridian Trust Bank,Summit Ridge Bank,SGSGMB,Deborah Davis,228926106,840327782,PRES-MTB-100039,2026-07-16 00:00:00,CHECK_CLEARING,COMPLETED,PASSED,PASSED,PASSED,PASSED,2026-07-16T23:59:57Z,True,2026-07-17T00:00:07Z,2968,30000,False,0,CL-MTB-20260716-1,2026-07-17T00:04:57Z
CHEQUE,POST,CHK-MTB-100040,INDIVIDUAL,IND-0091,EXTERNAL_INDIVIDUAL,EXT-P-9143,CREDIT,,,,,,,,,,,,,,,,,,,,,,,,,,,,,,,,,,,,,,,,,,,,,,,,,,2026-07-05T07:16:55Z,2026-07-05T08:45:55Z,89,True,False,0,,IDEMP-CHK-MTB-100040,,PASSED,,,,,,1,2,3592.99,1213.18,False,29,10000,0.146,,[],False,,,,,,,,,,,,,,SETTLED,,SETL-CHK-MTB-100040,2026-07-05 00:00:00,,,,,,,,,,,,,,,,,,,,,,,,MATCHED,2026-07-06T13:45:55Z,0,True,LEDG-CHK-MTB-100040,1461.73,1461.73,SETL-CHK-MTB-100040,False,False,False,False,,,,,,,,,,,,,,,,,,,,,,,,,,,PASSED,,,[],,,,,True,2026-07-04 00:00:00,0,0,False,590793040,3,7,False,[],1211.18,,,,,,,,,1461.73,,,,,,,,,,,,,,,,,,,,,,,,,,,,,,,,,,,,,,,,,,,,,,,,,,,ACKNOWLEDGED,,POSTED,2026-07-05 00:00:00,CREDIT,37301.11,38762.84,37301.11,38762.84,,,,,CLEARED,,,,,,,,,,,,,,,,,,,,,,,,,,,,,,,,,,,KW076T,1461.73,USD,2026-07-04 00:00:00,897965928,8072465285,Meridian Trust Bank,Ironbridge National Bank,RCF2LI,Betty Miller,131390962,590793040,PRES-MTB-100040,2026-07-04 00:00:00,CHECK_CLEARING,COMPLETED,PASSED,PASSED,PASSED,PASSED,2026-07-04T19:16:55Z,True,2026-07-04T19:17:11Z,1425,30000,False,0,CL-MTB-20260704-8,2026-07-04T19:21:55Z
CHEQUE,POST,CHK-MTB-100013,INDIVIDUAL,IND-0041,EXTERNAL_INDIVIDUAL,EXT-P-8786,CREDIT,,,,,,,,,,,,,,,,,,,,,,,,,,,,,,,,,,,,,,,,,,,,,,,,,,2026-07-12T10:20:47Z,2026-07-12T11:00:47Z,40,True,False,0,,IDEMP-CHK-MTB-100013,,PASSED,,,,,,1,6,5552.63,2646.55,False,42,10000,0.184,,[],False,,,,,,,,,,,,,,SETTLED,,SETL-CHK-MTB-100013,2026-07-12 00:00:00,,,,,,,,,,,,,,,,,,,,,,,,MATCHED,2026-07-13T14:00:47Z,0,True,LEDG-CHK-MTB-100013,1843.08,1843.08,SETL-CHK-MTB-100013,False,False,False,False,,,,,,,,,,,,,,,,,,,,,,,,,,,PASSED,,,[],,,,,False,2024-11-26 00:00:00,14,593,False,5933401938,2,2,False,[],1891.93,,,,,,,,,1843.08,,,,,,,,,,,,,,,,,,,,,,,,,,,,,,,,,,,,,,,,,,,,,,,,,,,ACKNOWLEDGED,,POSTED,2026-07-12 00:00:00,CREDIT,20506.07,22349.15,20506.07,22349.15,,,,,CLEARED,,,,,,,,,,,,,,,,,,,,,,,,,,,,,,,,,,,9RLQED,1843.08,USD,2026-07-12 00:00:00,921975942,6128384162,Meridian Trust Bank,Summit Ridge Bank,0J52K3,Carol Robinson,541198212,5933401938,PRES-MTB-100013,2026-07-12 00:00:00,CHECK_CLEARING,COMPLETED,PASSED,PASSED,PASSED,PASSED,2026-07-12T09:20:47Z,True,2026-07-12T09:20:54Z,2378,30000,False,0,CL-MTB-20260712-6,2026-07-12T09:25:47Z
CHEQUE,POST,CHK-MTB-100063,MERCHANT,MERCH-008,INDIVIDUAL,IND-0023,CREDIT,,,,,,,,,,,,,,,,,,,,,,,,,,,,,,,,,,,,,,,,,,,,,,,,,,2026-07-17T21:19:18Z,2026-07-17T22:22:18Z,63,True,False,0,,IDEMP-CHK-MTB-100063,,PASSED,,,,,,2,11,6066.64,2049.17,True,59,10000,0.155,,[],False,,,,,,,,,,,,,,SETTLED,,SETL-CHK-MTB-100063,2026-07-17 00:00:00,,,,,,,,,,,,,,,,,,,,,,,,MATCHED,2026-07-19T00:22:18Z,0,True,LEDG-CHK-MTB-100063,1545.19,1545.19,SETL-CHK-MTB-100063,True,True,True,False,,,,,,,,,,,,,,,,,,,,,,,,,,,PASSED,,,[],,,,,True,2026-07-17 00:00:00,0,0,True,16593766,8,10,True,[],1639.03,,,,,,,,,1545.19,,,,,,,,,,,,,,,,,,,,,,,,,,,,,,,,,,,,,,,,,,,,,,,,,,,ACKNOWLEDGED,,POSTED,2026-07-17 00:00:00,CREDIT,1942.28,3487.47,1942.28,3487.47,,,,,CLEARED,,,,,,,,,,,,,,,,,,,,,,,,,,,,,,,,,,,BLJTI2,1545.19,USD,2026-07-17 00:00:00,629888557,454372367,BrightLedger Payments,Cascade Point Bank,FNXN02,James Brown,676634892,16593766,PRES-MTB-100063,2026-07-17 00:00:00,CHECK_CLEARING,COMPLETED,PASSED,PASSED,DEGRADED,PASSED,2026-07-17T09:19:18Z,True,2026-07-17T09:19:27Z,2271,30000,False,0,CL-MTB-20260717-1,2026-07-17T09:24:18Z
CHEQUE,POST,CHK-MTB-100080,MERCHANT,MERCH-009,INDIVIDUAL,IND-0014,CREDIT,,,,,,,,,,,,,,,,,,,,,,,,,,,,,,,,,,,,,,,,,,,,,,,,,,2026-08-01T15:47:38Z,2026-08-03T01:13:38Z,2006,True,False,0,,IDEMP-CHK-MTB-100080,,PASSED,,,,,,1,5,2148.89,1103,False,39,10000,0.12,,[],False,,,,,,,,,,,,,,SETTLED,,SETL-CHK-MTB-100080,2026-08-03 00:00:00,,,,,,,,,,,,,,,,,,,,,,,,MATCHED,2026-08-04T03:13:38Z,0,True,LEDG-CHK-MTB-100080,1196.12,1196.12,SETL-CHK-MTB-100080,False,True,False,False,,,,,,,,,,,,,,,,,,,,,,,,,,,PASSED,,,[],,,,,False,2024-03-08 00:00:00,33,875,False,9308699046,8,12,True,[],1317.01,,,,,,,,,1196.12,,,,,,,,,,,,,,,,,,,,,,,,,,,,,,,,,,,,,,,,,,,,,,,,,,,ACKNOWLEDGED,,POSTED,2026-08-03 00:00:00,CREDIT,27311.19,28507.31,27311.19,28507.31,,,,,CLEARED,,,,,,,,,,,,,,,,,,,,,,,,,,,,,,,,,,,4VYHRX,1196.12,USD,2026-07-31 00:00:00,926412061,9446335263,Northstar Payment Solutions,Summit Ridge Bank,752U83,Mark Smith,508408595,9308699046,PRES-MTB-100080,2026-07-31 00:00:00,CHECK_CLEARING,COMPLETED,PASSED,PASSED,PASSED,PASSED,2026-07-31T15:47:38Z,True,2026-07-31T15:47:41Z,2098,30000,False,0,CL-MTB-20260731-5,2026-07-31T15:52:38Z
CHEQUE,POST,CHK-MTB-100053,MERCHANT,MERCH-010,EXTERNAL_INDIVIDUAL,EXT-P-8395,DEBIT,,,,,,,,,,,,,,,,,,,,,,,,,,,,,,,,,,,,,,,,,,,,,,,,,,2026-08-10T19:59:21Z,2026-08-10T20:31:21Z,32,True,False,0,,IDEMP-CHK-MTB-100053,,PASSED,,,,,,1,10,4767.11,3146.27,False,50,10000,0.187,,[],False,,,,,,,,,,,,,,SETTLED,,SETL-CHK-MTB-100053,2026-08-10 00:00:00,,,,,,,,,,,,,,,,,,,,,,,,MATCHED,2026-08-11T01:31:21Z,0,True,LEDG-CHK-MTB-100053,1873.34,1873.34,SETL-CHK-MTB-100053,False,False,False,False,,,,,,,,,,,,,,,,,,,,,,,,,,,PASSED,,,[],,,,,False,2026-06-02 00:00:00,48,69,False,5532930077,3,4,False,[],2202.19,,,,,,,,,1873.34,,,,,,,,,,,,,,,,,,,,,,,,,,,,,,,,,,,,,,,,,,,,,,,,,,,PENDING,,POSTED,2026-08-10 00:00:00,DEBIT,15474.95,13601.61,15474.95,13601.61,,,,,CLEARED,,,,,,,,,,,,,,,,,,,,,,,,,,,,,,,,,,,WQM8OE,1873.34,USD,2026-08-10 00:00:00,48770626,4806704660,Vertex Commerce Pay,Cascade Point Bank,4KM4LN,Ronald Flores,55806114,5532930077,PRES-MTB-100053,2026-08-10 00:00:00,CHECK_CLEARING,COMPLETED,PASSED,PASSED,PASSED,PASSED,2026-08-10T18:59:21Z,False,,,30000,True,,CL-MTB-20260810-4,2026-08-10T19:04:21Z
CHEQUE,POST,CHK-MTB-100092,MERCHANT,MERCH-003,INDIVIDUAL,IND-0090,CREDIT,,,,,,,,,,,,,,,,,,,,,,,,,,,,,,,,,,,,,,,,,,,,,,,,,,2026-08-05T19:14:08Z,2026-08-05T20:39:08Z,85,True,False,0,,IDEMP-CHK-MTB-100092,,PASSED,,,,,,3,8,30680.37,12028.12,False,49,10000,0.95,,[],True,,,,,,,,,,,,,,SETTLED,,SETL-CHK-MTB-100092,2026-08-05 00:00:00,,,,,,,,,,,,,,,,,,,,,,,,MATCHED,2026-08-07T08:39:08Z,0,True,LEDG-CHK-MTB-100092,9495.04,9495.04,SETL-CHK-MTB-100092,False,False,False,True,,,,,,,,,,,,,,,,,,,,,,,,,,,PASSED,,,[],,,,,False,2024-01-11 00:00:00,19,937,False,9016374129,1,3,False,[],12643.75,,,,,,,,,9495.04,,,,,,,,,,,,,,,,,,,,,,,,,,,,,,,,,,,,,,,,,,,,,,,,,,,ACKNOWLEDGED,,POSTED,2026-08-05 00:00:00,CREDIT,19382.12,28877.16,19382.12,28877.16,,,,,CLEARED,,,,,,,,,,,,,,,,,,,,,,,,,,,,,,,,,,,6P1PVN,9495.04,USD,2026-08-05 00:00:00,495569282,8112126311,Northstar Payment Solutions,Summit Ridge Bank,YAYPEW,Michael Thompson,600862122,9016374129,PRES-MTB-100092,2026-08-05 00:00:00,CHECK_CLEARING,COMPLETED,PASSED,PASSED,DEGRADED,PASSED,2026-08-05T07:14:08Z,True,2026-08-05T07:14:10Z,3660,30000,False,0,CL-MTB-20260805-1,2026-08-05T07:19:08Z
CHEQUE,POST,CHK-MTB-100028,INDIVIDUAL,IND-0017,EXTERNAL_INDIVIDUAL,EXT-P-7360,CREDIT,,,,,,,,,,,,,,,,,,,,,,,,,,,,,,,,,,,,,,,,,,,,,,,,,,2026-07-03T10:13:16Z,2026-07-03T10:53:16Z,40,True,False,0,,IDEMP-CHK-MTB-100028,,PASSED,,,,,,1,2,13477,5715.38,False,24,10000,0.513,,[],False,,,,,,,,,,,,,,SETTLED,,SETL-CHK-MTB-100028,2026-07-03 00:00:00,,,,,,,,,,,,,,,,,,,,,,,,NOT_YET_RECONCILED,,0,True,LEDG-CHK-MTB-100028,5131.3,5131.3,SETL-CHK-MTB-100028,False,True,False,False,,,,,,,,,,,,,,,,,,,,,,,,,,,PASSED,,,[],,,,,False,2023-11-12 00:00:00,46,963,False,6153325304,8,8,True,[],5557.55,,,,,,,,,5131.3,,,,,,,,,,,,,,,,,,,,,,,,,,,,,,,,,,,,,,,,,,,,,,,,,,,ACKNOWLEDGED,,POSTED,2026-07-03 00:00:00,CREDIT,15899.98,21031.28,15899.98,21031.28,,,,,CLEARED,,,,,,,,,,,,,,,,,,,,,,,,,,,,,,,,,,,4TYTDB,5131.3,USD,2026-07-02 00:00:00,426090318,1575918344,Meridian Trust Bank,Ironbridge National Bank,UBLE0F,Michael Clark,261200042,6153325304,PRES-MTB-100028,2026-07-02 00:00:00,CHECK_CLEARING,COMPLETED,PASSED,PASSED,PASSED,PASSED,2026-07-02T10:13:16Z,True,2026-07-02T10:13:33Z,3395,30000,False,0,CL-MTB-20260702-7,2026-07-02T10:18:16Z
CHEQUE,POST,CHK-MTB-100097,MERCHANT,MERCH-004,EXTERNAL_INDIVIDUAL,EXT-P-4869,CREDIT,,,,,,,,,,,,,,,,,,,,,,,,,,,,,,,,,,,,,,,,,,,,,,,,,,2026-06-28T15:05:53Z,2026-06-29T16:42:53Z,1537,True,False,0,,IDEMP-CHK-MTB-100097,,PASSED,,,,,,1,5,2190.45,835.45,False,40,10000,0.18,,[],False,,,,,,,,,,,,,,SETTLED,,SETL-CHK-MTB-100097,2026-06-29 00:00:00,,,,,,,,,,,,,,,,,,,,,,,,MATCHED,2026-06-30T14:42:53Z,0,True,LEDG-CHK-MTB-100097,1798.66,1798.66,SETL-CHK-MTB-100097,False,False,False,False,,,,,,,,,,,,,,,,,,,,,,,,,,,PASSED,,,[],,,,,False,2024-01-05 00:00:00,60,905,False,2941013563,1,5,False,[],1594.79,,,,,,,,,1798.66,,,,,,,,,,,,,,,,,,,,,,,,,,,,,,,,,,,,,,,,,,,,,,,,,,,ACKNOWLEDGED,,POSTED,2026-06-29 00:00:00,CREDIT,3829.23,5627.89,3829.23,5627.89,,,,,CLEARED,,,,,,,,,,,,,,,,,,,,,,,,,,,,,,,,,,,2T5UW2,1798.66,USD,2026-06-28 00:00:00,326117727,3061977058,Vertex Commerce Pay,Summit Ridge Bank,Q6J9WJ,Robert Davis,921850028,2941013563,PRES-MTB-100097,2026-06-28 00:00:00,CHECK_CLEARING,COMPLETED,PASSED,PASSED,PASSED,PASSED,2026-06-28T11:05:53Z,True,2026-06-28T11:06:13Z,4132,30000,False,0,CL-MTB-20260628-4,2026-06-28T11:10:53Z
CHEQUE,POST,CHK-MTB-100058,MERCHANT,MERCH-005,EXTERNAL_INDIVIDUAL,EXT-P-3609,CREDIT,,,,,,,,,,,,,,,,,,,,,,,,,,,,,,,,,,,,,,,,,,,,,,,,,,2026-06-27T21:46:46Z,2026-06-27T22:56:46Z,70,True,False,0,,IDEMP-CHK-MTB-100058,,PASSED,,,,,,1,9,10214.35,6342.66,False,50,10000,0.386,,[],False,,,,,,,,,,,,,,SETTLED,,SETL-CHK-MTB-100058,2026-06-27 00:00:00,,,,,,,,,,,,,,,,,,,,,,,,MATCHED,2026-06-27T23:56:46Z,0,True,LEDG-CHK-MTB-100058,3859.54,3859.54,SETL-CHK-MTB-100058,True,False,False,False,,,,,,,,,,,,,,,,,,,,,,,,,,,PASSED,,,[],,,,,True,2026-06-27 00:00:00,0,0,True,606202697,2,2,False,[],4751.01,,,,,,,,,3859.54,,,,,,,,,,,,,,,,,,,,,,,,,,,,,,,,,,,,,,,,,,,,,,,,,,,ACKNOWLEDGED,,POSTED,2026-06-27 00:00:00,CREDIT,11679.21,15538.75,11679.21,15538.75,,,,,CLEARED,,,,,,,,,,,,,,,,,,,,,,,,,,,,,,,,,,,JTJ70G,3859.54,USD,2026-06-27 00:00:00,99518986,2260323791,Meridian Trust Bank,Ironbridge National Bank,60F3AK,Anthony Lopez,19402615,606202697,PRES-MTB-100058,2026-06-27 00:00:00,CHECK_CLEARING,COMPLETED,PASSED,PASSED,PASSED,PASSED,2026-06-27T09:46:46Z,True,2026-06-27T09:47:04Z,4285,30000,False,0,CL-MTB-20260627-7,2026-06-27T09:51:46Z
CHEQUE,POST,CHK-MTB-100004,INDIVIDUAL,IND-0086,EXTERNAL_INDIVIDUAL,EXT-P-6583,CREDIT,,,,,,,,,,,,,,,,,,,,,,,,,,,,,,,,,,,,,,,,,,,,,,,,,,2026-07-26T05:39:05Z,,,False,False,0,,IDEMP-CHK-MTB-100004,,PASSED,,,,,,1,10,1287.5,539.49,False,60,10000,0.118,,[],False,,,,,,,,,,,,,,PENDING,,,,,,,,,,,,,,,,,,,,,,,,,,,NOT_APPLICABLE,,,,,,,,False,False,False,False,,,,,,,,,,,,,,,,,,,,,,,,,,,PASSED,,,[],,,,,False,2024-03-15 00:00:00,26,862,False,5349233481,1,5,False,[],1417.01,,,,,,,,,,,,,,,,,,,,,,,,,,,,,,,,,,,,,,,,,,,,,,,,,,,,,,,,,,,,ACKNOWLEDGED,,NOT_POSTED,,CREDIT,9104.52,9104.52,9104.52,9104.52,,,,,PENDING,,,,,,,,,,,,,,,,,,,,,,,,,,,,,,,,,,,7ZLWAK,1184.46,USD,2026-07-25 00:00:00,459608763,4358023087,Meridian Trust Bank,Summit Ridge Bank,N5XTSY,Matthew Taylor,423458271,5349233481,PRES-MTB-100004,2026-07-25 00:00:00,CHECK_CLEARING,PENDING,PASSED,PASSED,PASSED,PENDING,2026-07-25T17:39:05Z,True,2026-07-25T17:39:18Z,1399,30000,False,0,CL-MTB-20260725-6,2026-07-25T17:44:05Z
CHEQUE,POST,CHK-MTB-100052,MERCHANT,MERCH-006,EXTERNAL_INDIVIDUAL,EXT-P-5203,CREDIT,,,,,,,,,,,,,,,,,,,,,,,,,,,,,,,,,,,,,,,,,,,,,,,,,,2026-08-10T01:29:10Z,2026-08-10T02:50:10Z,81,True,False,0,,IDEMP-CHK-MTB-100052,,PASSED,,,,,,2,5,4459.53,1658.62,False,35,10000,0.133,,[],False,,,,,,,,,,,,,,SETTLED,,SETL-CHK-MTB-100052,2026-08-10 00:00:00,,,,,,,,,,,,,,,,,,,,,,,,MATCHED,2026-08-10T16:50:10Z,0,True,LEDG-CHK-MTB-100052,1333.99,1333.99,SETL-CHK-MTB-100052,False,False,False,False,,,,,,,,,,,,,,,,,,,,,,,,,,,PASSED,,,[],,,,,False,2024-06-01 00:00:00,56,799,False,7130060084,1,5,False,[],1563.87,,,,,,,,,1333.99,,,,,,,,,,,,,,,,,,,,,,,,,,,,,,,,,,,,,,,,,,,,,,,,,,,ACKNOWLEDGED,,POSTED,2026-08-10 00:00:00,CREDIT,6318.13,7652.12,6318.13,7652.12,,,,,CLEARED,,,,,,,,,,,,,,,,,,,,,,,,,,,,,,,,,,,SAFBFY,1333.99,USD,2026-08-09 00:00:00,498262307,3264421990,Meridian Trust Bank,Ironbridge National Bank,J34HKV,Richard Anderson,574598071,7130060084,PRES-MTB-100052,2026-08-09 00:00:00,CHECK_CLEARING,COMPLETED,PASSED,PASSED,PASSED,PASSED,2026-08-09T01:29:10Z,True,2026-08-09T01:29:12Z,2256,30000,False,0,CL-MTB-20260809-5,2026-08-09T01:34:10Z
CHEQUE,POST,CHK-MTB-100031,INDIVIDUAL,IND-0079,EXTERNAL_INDIVIDUAL,EXT-P-7432,CREDIT,,,,,,,,,,,,,,,,,,,,,,,,,,,,,,,,,,,,,,,,,,,,,,,,,,2026-07-03T15:56:35Z,,,False,False,0,,IDEMP-CHK-MTB-100031,,PASSED,,,,,,2,2,36366.26,15888.34,False,24,10000,0.995,,[],False,,,,,,,,,,,,,,PENDING,,,,,,,,,,,,,,,,,,,,,,,,,,,NOT_APPLICABLE,,,,,,,,False,False,False,False,,,,,,,,,,,,,,,,,,,,,,,,,,,PASSED,,,[],,,,,False,2025-09-23 00:00:00,8,283,False,4063143830,1,1,False,[],10369.97,,,,,,,,,,,,,,,,,,,,,,,,,,,,,,,,,,,,,,,,,,,,,,,,,,,,,,,,,,,,ACKNOWLEDGED,,NOT_POSTED,,CREDIT,47983.48,47983.48,47983.48,47983.48,,,,,PENDING,,,,,,,,,,,,,,,,,,,,,,,,,,,,,,,,,,,5UXTEV,9949.3,USD,2026-07-03 00:00:00,736821228,4231602677,Meridian Trust Bank,Ironbridge National Bank,KTYIWT,Brian King,740016411,4063143830,PRES-MTB-100031,2026-07-03 00:00:00,CHECK_CLEARING,PENDING,PASSED,PASSED,PASSED,PENDING,2026-07-03T11:56:35Z,True,2026-07-03T11:56:38Z,1508,30000,False,5,CL-MTB-20260703-2,2026-07-03T12:01:35Z
CHEQUE,POST,CHK-MTB-100051,MERCHANT,MERCH-004,INDIVIDUAL,IND-0005,CREDIT,,,,,,,,,,,,,,,,,,,,,,,,,,,,,,,,,,,,,,,,,,,,,,,,,,2026-08-15T20:27:37Z,2026-08-15T21:51:37Z,84,True,False,0,,IDEMP-CHK-MTB-100051,,PASSED,,,,,,2,11,41375.46,24542.77,True,56,10000,1.222,,[],False,,,,,,,,,,,,,,SETTLED,,SETL-CHK-MTB-100051,2026-08-15 00:00:00,,,,,,,,,,,,,,,,,,,,,,,,MATCHED,2026-08-16T09:51:37Z,0,True,LEDG-CHK-MTB-100051,12221.02,12221.02,SETL-CHK-MTB-100051,False,True,True,False,,,,,,,,,,,,,,,,,,,,,,,,,,,PASSED,,,[],,,,,False,2024-03-06 00:00:00,42,892,False,5764924945,8,8,True,[],10011.93,,,,,,,,,12221.02,,,,,,,,,,,,,,,,,,,,,,,,,,,,,,,,,,,,,,,,,,,,,,,,,,,ACKNOWLEDGED,,POSTED,2026-08-15 00:00:00,CREDIT,5085.52,17306.54,5085.52,17306.54,,,,,CLEARED,,,,,,,,,,,,,,,,,,,,,,,,,,,,,,,,,,,AB7CWU,12221.02,USD,2026-08-15 00:00:00,530631513,3061977058,Vertex Commerce Pay,Ironbridge National Bank,27JBLJ,Karen Ramirez,677235873,5764924945,PRES-MTB-100051,2026-08-15 00:00:00,CHECK_CLEARING,COMPLETED,PASSED,PASSED,PASSED,PASSED,2026-08-15T19:27:37Z,True,2026-08-15T19:27:39Z,1005,30000,False,0,CL-MTB-20260815-6,2026-08-15T19:32:37Z
CHEQUE,POST,CHK-MTB-100019,INDIVIDUAL,IND-0055,EXTERNAL_INDIVIDUAL,EXT-P-2628,CREDIT,,,,,,,,,,,,,,,,,,,,,,,,,,,,,,,,,,,,,,,,,,,,,,,,,,2026-07-24T02:27:33Z,2026-07-25T10:45:33Z,1938,True,False,0,,IDEMP-CHK-MTB-100019,,PASSED,,,,,,1,8,4757.19,3194.93,False,48,10000,0.124,,[],False,,,,,,,,,,,,,,SETTLED,,SETL-CHK-MTB-100019,2026-07-25 00:00:00,,,,,,,,,,,,,,,,,,,,,,,,MATCHED,2026-07-25T11:45:33Z,0,True,LEDG-CHK-MTB-100019,1241.24,1241.24,SETL-CHK-MTB-100019,False,False,False,False,,,,,,,,,,,,,,,,,,,,,,,,,,,PASSED,,,[],,,,,True,2026-07-23 00:00:00,0,0,False,6908277598,2,6,False,[],1207.39,,,,,,,,,1241.24,,,,,,,,,,,,,,,,,,,,,,,,,,,,,,,,,,,,,,,,,,,,,,,,,,,ACKNOWLEDGED,,POSTED,2026-07-25 00:00:00,CREDIT,18246.99,19488.23,18246.99,19488.23,,,,,CLEARED,,,,,,,,,,,,,,,,,,,,,,,,,,,,,,,,,,,V695K8,1241.24,USD,2026-07-23 00:00:00,304495421,8064915403,Meridian Trust Bank,Cascade Point Bank,VBQT69,Joshua Allen,874095565,6908277598,PRES-MTB-100019,2026-07-23 00:00:00,CHECK_CLEARING,COMPLETED,PASSED,PASSED,DEGRADED,PASSED,2026-07-23T02:27:33Z,True,2026-07-23T02:27:39Z,448,30000,False,0,CL-MTB-20260723-3,2026-07-23T02:32:33Z
CHEQUE,POST,CHK-MTB-100030,INDIVIDUAL,IND-0077,EXTERNAL_INDIVIDUAL,EXT-P-6594,CREDIT,,,,,,,,,,,,,,,,,,,,,,,,,,,,,,,,,,,,,,,,,,,,,,,,,,2026-07-04T23:29:03Z,2026-07-05T00:41:03Z,72,True,False,0,,IDEMP-CHK-MTB-100030,,PASSED,,,,,,1,8,20577.91,8868.21,False,49,10000,0.85,,[],False,,,,,,,,,,,,,,SETTLED,,SETL-CHK-MTB-100030,2026-07-05 00:00:00,,,,,,,,,,,,,,,,,,,,,,,,NOT_YET_RECONCILED,,0,True,LEDG-CHK-MTB-100030,8497.26,8497.26,SETL-CHK-MTB-100030,True,False,False,False,,,,,,,,,,,,,,,,,,,,,,,,,,,PASSED,,,[],,,,,True,2026-07-02 00:00:00,0,0,True,346543596,3,4,False,[],6883.92,,,,,,,,,8497.26,,,,,,,,,,,,,,,,,,,,,,,,,,,,,,,,,,,,,,,,,,,,,,,,,,,ACKNOWLEDGED,,POSTED,2026-07-05 00:00:00,CREDIT,3474.7,11971.96,3474.7,11971.96,,,,,CLEARED,,,,,,,,,,,,,,,,,,,,,,,,,,,,,,,,,,,3366OD,8497.26,USD,2026-07-02 00:00:00,628074259,1634242160,Meridian Trust Bank,Cascade Point Bank,YBG5BW,Susan Williams,286281954,346543596,PRES-MTB-100030,2026-07-02 00:00:00,CHECK_CLEARING,COMPLETED,PASSED,PASSED,PASSED,PASSED,2026-07-02T23:29:03Z,True,2026-07-02T23:29:11Z,2759,30000,False,0,CL-MTB-20260702-3,2026-07-02T23:34:03Z
CHEQUE,POST,CHK-MTB-100008,INDIVIDUAL,IND-0064,INDIVIDUAL,IND-0012,CREDIT,,,,,,,,,,,,,,,,,,,,,,,,,,,,,,,,,,,,,,,,,,,,,,,,,,2026-08-06T04:47:08Z,2026-08-06T06:00:08Z,73,True,False,0,,IDEMP-CHK-MTB-100008,,PASSED,,,,,,1,8,14429.07,8529.1,False,46,10000,0.388,,[],False,,,,,,,,,,,,,,SETTLED,,SETL-CHK-MTB-100008,2026-08-06 00:00:00,,,,,,,,,,,,,,,,,,,,,,,,MATCHED,2026-08-06T15:00:08Z,0,True,LEDG-CHK-MTB-100008,3882.15,3882.15,SETL-CHK-MTB-100008,False,False,False,False,,,,,,,,,,,,,,,,,,,,,,,,,,,PASSED,,,[],,,,,False,2025-08-27 00:00:00,18,343,False,1357947125,2,3,False,[],3632.52,,,,,,,,,3882.15,,,,,,,,,,,,,,,,,,,,,,,,,,,,,,,,,,,,,,,,,,,,,,,,,,,ACKNOWLEDGED,,POSTED,2026-08-06 00:00:00,CREDIT,8697.55,12579.7,8697.55,12579.7,,,,,CLEARED,,,,,,,,,,,,,,,,,,,,,,,,,,,,,,,,,,,Z6QFKZ,3882.15,USD,2026-08-05 00:00:00,829926664,3438645844,Meridian Trust Bank,Ironbridge National Bank,X5C7U2,Betty Thompson,207759184,1357947125,PRES-MTB-100008,2026-08-05 00:00:00,CHECK_CLEARING,COMPLETED,PASSED,PASSED,PASSED,PASSED,2026-08-05T04:47:08Z,True,2026-08-05T04:47:16Z,499,30000,False,51,CL-MTB-20260805-9,2026-08-05T04:52:08Z
CHEQUE,POST,CHK-MTB-100012,INDIVIDUAL,IND-0002,EXTERNAL_INDIVIDUAL,EXT-P-5396,CREDIT,,,,,,,,,,,,,,,,,,,,,,,,,,,,,,,,,,,,,,,,,,,,,,,,,,2026-07-01T05:09:49Z,2026-07-01T06:23:49Z,74,True,False,0,,IDEMP-CHK-MTB-100012,,PASSED,,,,,,2,7,16892.82,13838.99,False,39,10000,0.692,,[],False,,,,,,,,,,,,,,SETTLED,,SETL-CHK-MTB-100012,2026-07-01 00:00:00,,,,,,,,,,,,,,,,,,,,,,,,MATCHED,2026-07-01T15:23:49Z,0,True,LEDG-CHK-MTB-100012,6924.22,6924.22,SETL-CHK-MTB-100012,False,False,False,False,,,,,,,,,,,,,,,,,,,,,,,,,,,PASSED,,,[],,,,,False,2023-11-06 00:00:00,35,968,False,1980136784,2,4,False,[],6783.79,,,,,,,,,6924.22,,,,,,,,,,,,,,,,,,,,,,,,,,,,,,,,,,,,,,,,,,,,,,,,,,,ACKNOWLEDGED,,POSTED,2026-07-01 00:00:00,CREDIT,38234.04,45158.26,38234.04,45158.26,,,,,CLEARED,,,,,,,,,,,,,,,,,,,,,,,,,,,,,,,,,,,60XYZZ,6924.22,USD,2026-07-01 00:00:00,405430823,7526184866,Meridian Trust Bank,Cascade Point Bank,SCQS7O,Melissa Perez,281001107,1980136784,PRES-MTB-100012,2026-07-01 00:00:00,CHECK_CLEARING,COMPLETED,PASSED,PASSED,DEGRADED,PASSED,2026-07-01T04:09:49Z,True,2026-07-01T04:10:00Z,3378,30000,False,91,CL-MTB-20260701-1,2026-07-01T04:14:49Z
CHEQUE,POST,CHK-MTB-100512,MERCHANT,MERCH-009,INDIVIDUAL,IND-0014,CREDIT,,,,,,,,,,,,,,,,,,,,,,,,,,,,,,,,,,,,,,,,,,,,,,,,,,2026-08-01T15:47:38Z,2026-08-01T16:20:38Z,33,True,True,1,CHK-MTB-100080,IDEMP-CHK-MTB-100080,,FLAGGED,,,,,,1,5,2148.89,1103,False,39,10000,0.12,,[],False,,,,,,,,,,,,,,SETTLED,,SETL-CHK-MTB-100512,2026-08-01 00:00:00,,,,,,,,,,,,,,,,,,,,,,,,NOT_YET_RECONCILED,,0,True,LEDG-CHK-MTB-100512,1196.12,1196.12,SETL-CHK-MTB-100512,False,True,False,False,,,,,,,,,,,,,,,,,,,,,,,,,,,PASSED,,,[],,,,,False,2024-03-08 00:00:00,33,875,False,9308699046,8,12,True,[],1317.01,,,,,,,,,1196.12,,,,,,,,,,,,,,,,,,,,,,,,,,,,,,,,,,,,,,,,,,,,,,,,,,,ACKNOWLEDGED,,POSTED,2026-08-01 00:00:00,CREDIT,27311.19,28507.31,27311.19,28507.31,,,,,CLEARED,,,,,,,,,,,,,,,,,,,,,,,,,,,,,,,,,,,4VYHRX,1196.12,USD,2026-07-31 00:00:00,926412061,9446335263,Northstar Payment Solutions,Summit Ridge Bank,752U83,Mark Smith,508408595,9308699046,PRES-MTB-100080,2026-07-31 00:00:00,CHECK_CLEARING,COMPLETED,PASSED,PASSED,PASSED,PASSED,2026-07-31T15:47:38Z,True,2026-07-31T15:47:41Z,2098,30000,False,0,CL-MTB-20260731-5,2026-07-31T15:52:38Z
CHEQUE,POST,CHK-MTB-100093,MERCHANT,MERCH-006,INDIVIDUAL,IND-0060,CREDIT,,,,,,,,,,,,,,,,,,,,,,,,,,,,,,,,,,,,,,,,,,,,,,,,,,2026-07-26T08:32:22Z,2026-07-26T09:10:22Z,38,True,False,0,,IDEMP-CHK-MTB-100093,,PASSED,,,,,,1,8,16078.1,9807.96,False,46,10000,1.339,,[],False,,,,,,,,,,,,,,SETTLED,,SETL-CHK-MTB-100093,2026-07-26 00:00:00,,,,,,,,,,,,,,,,,,,,,,,,MATCHED,2026-07-26T19:10:22Z,0,True,LEDG-CHK-MTB-100093,13388.52,13388.52,SETL-CHK-MTB-100093,False,False,False,False,,,,,,,,,,,,,,,,,,,,,,,,,,,PASSED,,,[],,,,,True,2026-07-26 00:00:00,0,0,False,4239112336,1,2,False,[],17055.07,,,,,,,,,13388.52,,,,,,,,,,,,,,,,,,,,,,,,,,,,,,,,,,,,,,,,,,,,,,,,,,,ACKNOWLEDGED,,POSTED,2026-07-26 00:00:00,CREDIT,19073.54,32462.06,19073.54,32462.06,,,,,CLEARED,,,,,,,,,,,,,,,,,,,,,,,,,,,,,,,,,,,LWUNH3,13388.52,USD,2026-07-26 00:00:00,83941778,3264421990,Meridian Trust Bank,Summit Ridge Bank,O2L09Y,Andrew King,295832665,4239112336,PRES-MTB-100093,2026-07-26 00:00:00,CHECK_CLEARING,COMPLETED,PASSED,PASSED,PASSED,PASSED,2026-07-26T07:32:22Z,True,2026-07-26T07:32:32Z,369,30000,False,91,CL-MTB-20260726-1,2026-07-26T07:37:22Z
CHEQUE,POST,CHK-MTB-100042,INDIVIDUAL,IND-0014,EXTERNAL_INDIVIDUAL,EXT-P-7209,CREDIT,,,,,,,,,,,,,,,,,,,,,,,,,,,,,,,,,,,,,,,,,,,,,,,,,,2026-08-24T22:50:55Z,2026-08-24T23:43:55Z,53,True,False,0,,IDEMP-CHK-MTB-100042,,PASSED,,,,,,1,2,1992.04,1062.82,False,24,10000,0.114,,[],False,,,,,,,,,,,,,,SETTLED,,SETL-CHK-MTB-100042,2026-08-24 00:00:00,,,,,,,,,,,,,,,,,,,,,,,,MATCHED,2026-08-26T07:43:55Z,0,True,LEDG-CHK-MTB-100042,1137.94,1137.94,SETL-CHK-MTB-100042,False,False,False,False,,,,,,,,,,,,,,,,,,,,,,,,,,,PASSED,,,[],,,,,False,2026-01-18 00:00:00,41,216,False,2638705146,2,3,False,[],972.31,,,,,,,,,1137.94,,,,,,,,,,,,,,,,,,,,,,,,,,,,,,,,,,,,,,,,,,,,,,,,,,,ACKNOWLEDGED,,POSTED,2026-08-24 00:00:00,CREDIT,26922.07,28060.01,26922.07,28060.01,,,,,CLEARED,,,,,,,,,,,,,,,,,,,,,,,,,,,,,,,,,,,ZEBNG0,1137.94,USD,2026-08-22 00:00:00,223867001,9308699046,Meridian Trust Bank,Summit Ridge Bank,E1B473,George Lewis,24745888,2638705146,PRES-MTB-100042,2026-08-22 00:00:00,CHECK_CLEARING,COMPLETED,PASSED,PASSED,PASSED,PASSED,2026-08-22T22:50:55Z,True,2026-08-22T22:51:02Z,1550,30000,False,0,CL-MTB-20260822-8,2026-08-22T22:55:55Z
CHEQUE,POST,CHK-MTB-100047,INDIVIDUAL,IND-0020,EXTERNAL_INDIVIDUAL,EXT-P-5962,CREDIT,,,,,,,,,,,,,,,,,,,,,,,,,,,,,,,,,,,,,,,,,,,,,,,,,,2026-06-29T09:38:36Z,2026-06-29T10:59:36Z,81,True,False,0,,IDEMP-CHK-MTB-100047,,PASSED,,,,,,2,2,1729.57,758.36,False,19,10000,0.04,,[],False,,,,,,,,,,,,,,SETTLED,,SETL-CHK-MTB-100047,2026-06-29 00:00:00,,,,,,,,,,,,,,,,,,,,,,,,MATCHED,2026-06-30T18:59:36Z,0,True,LEDG-CHK-MTB-100047,402.78,402.78,SETL-CHK-MTB-100047,False,False,False,False,,,,,,,,,,,,,,,,,,,,,,,,,,,PASSED,,,[],,,,,False,2024-12-12 00:00:00,30,563,False,7739405620,1,4,False,[],398.82,,,,,,,,,402.78,,,,,,,,,,,,,,,,,,,,,,,,,,,,,,,,,,,,,,,,,,,,,,,,,,,ACKNOWLEDGED,,POSTED,2026-06-29 00:00:00,CREDIT,27029.7,27432.48,27029.7,27432.48,,,,,CLEARED,,,,,,,,,,,,,,,,,,,,,,,,,,,,,,,,,,,X6UIL1,402.78,USD,2026-06-28 00:00:00,187074829,8367262775,Meridian Trust Bank,Summit Ridge Bank,4K14N5,Kathleen Davis,332790630,7739405620,PRES-MTB-100047,2026-06-28 00:00:00,CHECK_CLEARING,COMPLETED,PASSED,PASSED,DEGRADED,PASSED,2026-06-28T09:38:36Z,True,2026-06-28T09:38:40Z,920,30000,False,0,CL-MTB-20260628-1,2026-06-28T09:43:36Z
CHEQUE,POST,CHK-MTB-100043,INDIVIDUAL,IND-0027,EXTERNAL_INDIVIDUAL,EXT-P-3446,CREDIT,,,,,,,,,,,,,,,,,,,,,,,,,,,,,,,,,,,,,,,,,,,,,,,,,,2026-08-14T06:38:27Z,2026-08-14T07:32:27Z,54,True,False,0,,IDEMP-CHK-MTB-100043,,PASSED,,,,,,3,10,29377.67,11481.24,False,54,10000,0.697,,[],False,,,,,,,,,,,,,,SETTLED,,SETL-CHK-MTB-100043,2026-08-14 00:00:00,,,,,,,,,,,,,,,,,,,,,,,,BREAK,2026-08-15T08:32:27Z,-22,False,LEDG-CHK-MTB-100043,6965.01,6943.01,SETL-CHK-MTB-100043,True,False,False,False,,,,,,,,,,,,,,,,,,,,,,,,,,,PASSED,,,[],,,,,True,2026-08-12 00:00:00,0,0,True,3010834453,2,6,False,[],8095.26,,,,,,,,,6965.01,,,,,,,,,,,,,,,,,,,,,,,,,,,,,,,,,,,,,,,,,,,,,,,,,,,ACKNOWLEDGED,,POSTED,2026-08-14 00:00:00,CREDIT,21356.3,28299.31,21356.3,28299.31,,,,,CLEARED,,,,,,,,,,,,,,,,,,,,,,,,,,,,,,,,,,,6D7AQL,6965.01,USD,2026-08-12 00:00:00,131279422,6605332421,Meridian Trust Bank,Cascade Point Bank,BTRTBR,David Hill,544057642,3010834453,PRES-MTB-100043,2026-08-12 00:00:00,CHECK_CLEARING,COMPLETED,PASSED,PASSED,DEGRADED,PASSED,2026-08-12T06:38:27Z,True,2026-08-12T06:38:34Z,2140,30000,False,0,CL-MTB-20260812-8,2026-08-12T06:43:27Z
CHEQUE,POST,CHK-MTB-100010,INDIVIDUAL,IND-0009,EXTERNAL_INDIVIDUAL,EXT-P-1252,CREDIT,,,,,,,,,,,,,,,,,,,,,,,,,,,,,,,,,,,,,,,,,,,,,,,,,,2026-08-11T10:16:14Z,2026-08-11T10:37:14Z,21,True,False,0,,IDEMP-CHK-MTB-100010,,PASSED,,,,,,5,13,2323.02,824.05,True,75,10000,0.073,,[],False,,,,,,,,,,,,,,SETTLED,,SETL-CHK-MTB-100010,2026-08-11 00:00:00,,,,,,,,,,,,,,,,,,,,,,,,NOT_YET_RECONCILED,,0,True,LEDG-CHK-MTB-100010,729.6,729.6,SETL-CHK-MTB-100010,False,False,True,False,,,,,,,,,,,,,,,,,,,,,,,,,,,PASSED,,,[],,,,,False,2025-08-10 00:00:00,42,366,False,1793922339,1,5,False,[],803.93,,,,,,,,,729.6,,,,,,,,,,,,,,,,,,,,,,,,,,,,,,,,,,,,,,,,,,,,,,,,,,,ACKNOWLEDGED,,POSTED,2026-08-11 00:00:00,CREDIT,12855.79,13585.39,12855.79,13585.39,,,,,CLEARED,,,,,,,,,,,,,,,,,,,,,,,,,,,,,,,,,,,GRIXX1,729.6,USD,2026-08-11 00:00:00,580582239,4744602484,Meridian Trust Bank,Ironbridge National Bank,SLJVBN,David Brown,389777129,1793922339,PRES-MTB-100010,2026-08-11 00:00:00,CHECK_CLEARING,COMPLETED,PASSED,PASSED,DEGRADED,PASSED,2026-08-11T09:16:14Z,True,2026-08-11T09:16:17Z,2461,30000,False,5,CL-MTB-20260811-9,2026-08-11T09:21:14Z
CHEQUE,POST,CHK-MTB-100020,INDIVIDUAL,IND-0050,EXTERNAL_INDIVIDUAL,EXT-P-5708,DEBIT,,,,,,,,,,,,,,,,,,,,,,,,,,,,,,,,,,,,,,,,,,,,,,,,,,2026-08-17T14:19:24Z,2026-08-17T15:26:24Z,67,True,False,0,,IDEMP-CHK-MTB-100020,,PASSED,,,,,,1,4,20355.15,9265.24,False,33,10000,1.016,,[],False,,,,,,,,,,,,,,SETTLED,,SETL-CHK-MTB-100020,2026-08-17 00:00:00,,,,,,,,,,,,,,,,,,,,,,,,NOT_YET_RECONCILED,,0,True,LEDG-CHK-MTB-100020,10158.89,10158.89,SETL-CHK-MTB-100020,False,False,False,False,,,,,,,,,,,,,,,,,,,,,,,,,,,PASSED,,,[],,,,,False,2024-09-16 00:00:00,6,700,False,1464872758,5,8,False,[],8919.82,,,,,,,,,10158.89,,,,,,,,,,,,,,,,,,,,,,,,,,,,,,,,,,,,,,,,,,,,,,,,,,,ACKNOWLEDGED,,POSTED,2026-08-17 00:00:00,DEBIT,4648.21,-5510.68,4648.21,-5510.68,,,,,CLEARED,,,,,,,,,,,,,,,,,,,,,,,,,,,,,,,,,,,V2N7DZ,10158.89,USD,2026-08-17 00:00:00,419212314,3331981298,Meridian Trust Bank,Cascade Point Bank,QHBB5V,Joshua Lopez,897933550,1464872758,PRES-MTB-100020,2026-08-17 00:00:00,CHECK_CLEARING,COMPLETED,PASSED,PASSED,PASSED,PASSED,2026-08-17T02:19:24Z,True,2026-08-17T02:19:25Z,2886,30000,False,0,CL-MTB-20260817-9,2026-08-17T02:24:24Z
CHEQUE,POST,CHK-MTB-100095,MERCHANT,MERCH-005,EXTERNAL_INDIVIDUAL,EXT-P-5620,DEBIT,,,,,,,,,,,,,,,,,,,,,,,,,,,,,,,,,,,,,,,,,,,,,,,,,,2026-08-24T14:35:01Z,2026-08-24T14:50:01Z,15,True,False,0,,IDEMP-CHK-MTB-100095,,PASSED,,,,,,5,5,38987.69,16812.89,False,34,10000,1.136,,[],False,,,,,,,,,,,,,,SETTLED,,SETL-CHK-MTB-100095,2026-08-24 00:00:00,,,,,,,,,,,,,,,,,,,,,,,,NOT_YET_RECONCILED,,0,True,LEDG-CHK-MTB-100095,11362.99,11362.99,SETL-CHK-MTB-100095,False,False,False,False,,,,,,,,,,,,,,,,,,,,,,,,,,,PASSED,,,[],,,,,False,2024-12-11 00:00:00,56,619,False,6995210266,2,4,False,[],9577.59,,,,,,,,,11362.99,,,,,,,,,,,,,,,,,,,,,,,,,,,,,,,,,,,,,,,,,,,,,,,,,,,ACKNOWLEDGED,,POSTED,2026-08-24 00:00:00,DEBIT,39680.9,28317.91,39680.9,28317.91,,,,,CLEARED,,,,,,,,,,,,,,,,,,,,,,,,,,,,,,,,,,,O3AKGT,11362.99,USD,2026-08-22 00:00:00,730855592,2260323791,Meridian Trust Bank,Ironbridge National Bank,DCTPZH,Michael Ramirez,651651544,6995210266,PRES-MTB-100095,2026-08-22 00:00:00,CHECK_CLEARING,COMPLETED,PASSED,PASSED,PASSED,PASSED,2026-08-22T14:35:01Z,True,2026-08-22T14:35:06Z,1535,30000,False,0,CL-MTB-20260822-9,2026-08-22T14:40:01Z
CHEQUE,POST,CHK-MTB-100060,MERCHANT,MERCH-008,EXTERNAL_INDIVIDUAL,EXT-P-7692,CREDIT,,,,,,,,,,,,,,,,,,,,,,,,,,,,,,,,,,,,,,,,,,,,,,,,,,2026-07-05T08:10:33Z,2026-07-05T09:38:33Z,88,True,False,0,,IDEMP-CHK-MTB-100060,,PASSED,,,,,,1,11,2858.62,1876.38,False,58,10000,0.092,,[],False,,,,,,,,,,,,,,SETTLED,,SETL-CHK-MTB-100060,2026-07-05 00:00:00,,,,,,,,,,,,,,,,,,,,,,,,MATCHED,2026-07-05T15:38:33Z,0,True,LEDG-CHK-MTB-100060,924.7,924.7,SETL-CHK-MTB-100060,False,False,False,False,,,,,,,,,,,,,,,,,,,,,,,,,,,PASSED,,,[],,,,,False,2024-03-22 00:00:00,30,835,False,2479819204,3,5,False,[],829.36,,,,,,,,,924.7,,,,,,,,,,,,,,,,,,,,,,,,,,,,,,,,,,,,,,,,,,,,,,,,,,,ACKNOWLEDGED,,POSTED,2026-07-05 00:00:00,CREDIT,35279.53,36204.23,35279.53,36204.23,,,,,CLEARED,,,,,,,,,,,,,,,,,,,,,,,,,,,,,,,,,,,S4GU03,924.7,USD,2026-07-05 00:00:00,354246239,454372367,BrightLedger Payments,Ironbridge National Bank,602BBT,Timothy Torres,271535679,2479819204,PRES-MTB-100060,2026-07-05 00:00:00,CHECK_CLEARING,COMPLETED,PASSED,PASSED,PASSED,PASSED,2026-07-05T04:10:33Z,True,2026-07-05T04:10:38Z,3440,30000,False,0,CL-MTB-20260705-7,2026-07-05T04:15:33Z
CHEQUE,POST,CHK-MTB-100034,INDIVIDUAL,IND-0007,EXTERNAL_INDIVIDUAL,EXT-P-8052,CREDIT,,,,,,,,,,,,,,,,,,,,,,,,,,,,,,,,,,,,,,,,,,,,,,,,,,2026-08-13T01:18:20Z,2026-08-14T19:08:20Z,2510,True,False,0,,IDEMP-CHK-MTB-100034,,PASSED,,,,,,5,13,5862.66,3538.18,True,63,10000,0.289,,[],False,,,,,,,,,,,,,,SETTLED,,SETL-CHK-MTB-100034,2026-08-14 00:00:00,,,,,,,,,,,,,,,,,,,,,,,,PENDING,2026-08-15T00:08:20Z,0,True,LEDG-CHK-MTB-100034,2892.94,2892.94,SETL-CHK-MTB-100034,False,False,True,False,,,,,,,,,,,,,,,,,,,,,,,,,,,PASSED,,,[],,,,,False,2025-02-09 00:00:00,14,548,False,211228777,1,5,False,[],3015.85,,,,,,,,,2892.94,,,,,,,,,,,,,,,,,,,,,,,,,,,,,,,,,,,,,,,,,,,,,,,,,,,PENDING,,POSTED,2026-08-14 00:00:00,CREDIT,16916.91,19809.85,16916.91,19809.85,,,,,CLEARED,,,,,,,,,,,,,,,,,,,,,,,,,,,,,,,,,,,F79H0D,2892.94,USD,2026-08-11 00:00:00,181307845,6799249566,Meridian Trust Bank,Ironbridge National Bank,X6N089,Maria Hernandez,975467878,211228777,PRES-MTB-100034,2026-08-11 00:00:00,CHECK_CLEARING,COMPLETED,PASSED,PASSED,DEGRADED,PASSED,2026-08-11T01:18:20Z,False,,,30000,True,,CL-MTB-20260811-7,2026-08-11T01:23:20Z
CHEQUE,POST,CHK-MTB-100096,MERCHANT,MERCH-010,INDIVIDUAL,IND-0090,CREDIT,,,,,,,,,,,,,,,,,,,,,,,,,,,,,,,,,,,,,,,,,,,,,,,,,,2026-08-01T10:38:59Z,2026-08-01T11:22:59Z,44,True,False,0,,IDEMP-CHK-MTB-100096,,PASSED,,,,,,2,10,20367.57,10306.99,False,55,10000,1.457,,[],False,,,,,,,,,,,,,,SETTLED,,SETL-CHK-MTB-100096,2026-08-01 00:00:00,,,,,,,,,,,,,,,,,,,,,,,,MATCHED,2026-08-02T01:22:59Z,0,True,LEDG-CHK-MTB-100096,14572.11,14572.11,SETL-CHK-MTB-100096,False,False,False,False,,,,,,,,,,,,,,,,,,,,,,,,,,,PASSED,,,[],,,,,False,2024-07-07 00:00:00,21,753,False,9016374129,1,2,False,[],15728.71,,,,,,,,,14572.11,,,,,,,,,,,,,,,,,,,,,,,,,,,,,,,,,,,,,,,,,,,,,,,,,,,ACKNOWLEDGED,,POSTED,2026-08-01 00:00:00,CREDIT,32138.74,46710.85,32138.74,46710.85,,,,,CLEARED,,,,,,,,,,,,,,,,,,,,,,,,,,,,,,,,,,,1DMYYH,14572.11,USD,2026-07-30 00:00:00,490416232,4806704660,Vertex Commerce Pay,Summit Ridge Bank,2O95BJ,Michael Thompson,781920970,9016374129,PRES-MTB-100096,2026-07-30 00:00:00,CHECK_CLEARING,COMPLETED,PASSED,PASSED,DEGRADED,PASSED,2026-07-30T10:38:59Z,True,2026-07-30T10:39:10Z,1351,30000,False,0,CL-MTB-20260730-9,2026-07-30T10:43:59Z
CHEQUE,POST,CHK-MTB-100024,INDIVIDUAL,IND-0044,EXTERNAL_INDIVIDUAL,EXT-P-1525,DEBIT,,,,,,,,,,,,,,,,,,,,,,,,,,,,,,,,,,,,,,,,,,,,,,,,,,2026-06-28T16:03:59Z,2026-06-28T16:10:59Z,7,True,False,0,,IDEMP-CHK-MTB-100024,,PASSED,,,,,,5,5,1828.97,611.56,False,34,10000,0.151,,[],False,,,,,,,,,,,,,,SETTLED,,SETL-CHK-MTB-100024,2026-06-28 00:00:00,,,,,,,,,,,,,,,,,,,,,,,,MATCHED,2026-06-28T21:10:59Z,0,True,LEDG-CHK-MTB-100024,1512.54,1512.54,SETL-CHK-MTB-100024,False,False,False,False,,,,,,,,,,,,,,,,,,,,,,,,,,,PASSED,,,[],,,,,False,2024-04-05 00:00:00,22,814,False,1531063202,3,4,False,[],1628.43,,,,,,,,,1512.54,,,,,,,,,,,,,,,,,,,,,,,,,,,,,,,,,,,,,,,,,,,,,,,,,,,ACKNOWLEDGED,,POSTED,2026-06-28 00:00:00,DEBIT,22390.91,20878.37,22390.91,20878.37,,,,,CLEARED,,,,,,,,,,,,,,,,,,,,,,,,,,,,,,,,,,,RAYA9E,1512.54,USD,2026-06-28 00:00:00,648804814,8884076693,Meridian Trust Bank,Cascade Point Bank,E033K5,David Torres,35201190,1531063202,PRES-MTB-100024,2026-06-28 00:00:00,CHECK_CLEARING,COMPLETED,PASSED,PASSED,PASSED,PASSED,2026-06-28T04:03:59Z,True,2026-06-28T04:04:13Z,3799,30000,False,0,CL-MTB-20260628-5,2026-06-28T04:08:59Z
CHEQUE,POST,CHK-MTB-100059,MERCHANT,MERCH-005,EXTERNAL_INDIVIDUAL,EXT-P-5262,CREDIT,,,,,,,,,,,,,,,,,,,,,,,,,,,,,,,,,,,,,,,,,,,,,,,,,,2026-08-09T10:56:12Z,2026-08-09T11:36:12Z,40,True,False,0,,IDEMP-CHK-MTB-100059,,PASSED,,,,,,3,8,27215.89,17850.03,False,44,10000,1.257,,[],False,,,,,,,,,,,,,,SETTLED,,SETL-CHK-MTB-100059,2026-08-09 00:00:00,,,,,,,,,,,,,,,,,,,,,,,,MATCHED,2026-08-09T16:36:12Z,0,True,LEDG-CHK-MTB-100059,12569.4,12569.4,SETL-CHK-MTB-100059,False,False,False,False,,,,,,,,,,,,,,,,,,,,,,,,,,,PASSED,,,[],,,,,False,2023-09-11 00:00:00,52,1063,False,7739476817,1,4,False,[],15468.32,,,,,,,,,12569.4,,,,,,,,,,,,,,,,,,,,,,,,,,,,,,,,,,,,,,,,,,,,,,,,,,,ACKNOWLEDGED,,POSTED,2026-08-09 00:00:00,CREDIT,28805.89,41375.29,28805.89,41375.29,,,,,CLEARED,,,,,,,,,,,,,,,,,,,,,,,,,,,,,,,,,,,KQMAVM,12569.4,USD,2026-08-09 00:00:00,19192889,2260323791,Meridian Trust Bank,Cascade Point Bank,KOISAZ,Donna Thomas,686130918,7739476817,PRES-MTB-100059,2026-08-09 00:00:00,CHECK_CLEARING,COMPLETED,PASSED,PASSED,PASSED,PASSED,2026-08-09T09:56:12Z,True,2026-08-09T09:56:15Z,2466,30000,False,5,CL-MTB-20260809-7,2026-08-09T10:01:12Z
CHEQUE,POST,CHK-MTB-100087,MERCHANT,MERCH-008,EXTERNAL_INDIVIDUAL,EXT-P-4336,CREDIT,,,,,,,,,,,,,,,,,,,,,,,,,,,,,,,,,,,,,,,,,,,,,,,,,,2026-07-21T06:44:04Z,2026-07-21T07:10:04Z,26,True,False,0,,IDEMP-CHK-MTB-100087,,PASSED,,,,,,1,2,51263.35,19894.18,False,22,10000,1.426,,[],False,,,,,,,,,,,,,,SETTLED,,SETL-CHK-MTB-100087,2026-07-21 00:00:00,,,,,,,,,,,,,,,,,,,,,,,,MATCHED,2026-07-21T19:10:04Z,0,True,LEDG-CHK-MTB-100087,14264.39,14264.39,SETL-CHK-MTB-100087,False,False,False,False,,,,,,,,,,,,,,,,,,,,,,,,,,,PASSED,,,[],,,,,False,2023-04-08 00:00:00,36,1199,False,428133638,1,5,False,[],17507.09,,,,,,,,,14264.39,,,,,,,,,,,,,,,,,,,,,,,,,,,,,,,,,,,,,,,,,,,,,,,,,,,ACKNOWLEDGED,,POSTED,2026-07-21 00:00:00,CREDIT,34892.48,49156.87,34892.48,49156.87,,,,,CLEARED,,,,,,,,,,,,,,,,,,,,,,,,,,,,,,,,,,,15W8OE,14264.39,USD,2026-07-20 00:00:00,845723504,454372367,BrightLedger Payments,Summit Ridge Bank,1DST0R,Steven Rodriguez,27531739,428133638,PRES-MTB-100087,2026-07-20 00:00:00,CHECK_CLEARING,COMPLETED,PASSED,PASSED,PASSED,PASSED,2026-07-20T18:44:04Z,True,2026-07-20T18:44:13Z,1097,30000,False,0,CL-MTB-20260720-8,2026-07-20T18:49:04Z
CHEQUE,POST,CHK-MTB-100064,MERCHANT,MERCH-001,EXTERNAL_INDIVIDUAL,EXT-P-7899,CREDIT,,,,,,,,,,,,,,,,,,,,,,,,,,,,,,,,,,,,,,,,,,,,,,,,,,2026-08-20T02:42:16Z,2026-08-20T03:34:16Z,52,True,False,0,,IDEMP-CHK-MTB-100064,,PASSED,,,,,,1,11,2484.12,1234.73,True,55,10000,0.202,,[],False,,,,,,,,,,,,,,SETTLED,,SETL-CHK-MTB-100064,2026-08-20 00:00:00,,,,,,,,,,,,,,,,,,,,,,,,MATCHED,2026-08-20T13:34:16Z,0,True,LEDG-CHK-MTB-100064,2022.97,2022.97,SETL-CHK-MTB-100064,False,False,True,False,,,,,,,,,,,,,,,,,,,,,,,,,,,PASSED,,,[],,,,,False,2026-04-05 00:00:00,46,136,False,1739073469,2,3,False,[],2587.01,,,,,,,,,2022.97,,,,,,,,,,,,,,,,,,,,,,,,,,,,,,,,,,,,,,,,,,,,,,,,,,,ACKNOWLEDGED,,POSTED,2026-08-20 00:00:00,CREDIT,32315.03,34338,32315.03,34338,,,,,CLEARED,,,,,,,,,,,,,,,,,,,,,,,,,,,,,,,,,,,FFSUVH,2022.97,USD,2026-08-19 00:00:00,746964928,2813398050,Meridian Trust Bank,Cascade Point Bank,GTPILH,Lisa Hill,293446051,1739073469,PRES-MTB-100064,2026-08-19 00:00:00,CHECK_CLEARING,COMPLETED,PASSED,PASSED,PASSED,PASSED,2026-08-19T02:42:16Z,True,2026-08-19T02:42:19Z,3048,30000,False,5,CL-MTB-20260819-4,2026-08-19T02:47:16Z
CHEQUE,POST,CHK-MTB-100086,MERCHANT,MERCH-008,EXTERNAL_INDIVIDUAL,EXT-P-6902,CREDIT,,,,,,,,,,,,,,,,,,,,,,,,,,,,,,,,,,,,,,,,,,,,,,,,,,2026-07-31T00:12:13Z,2026-07-31T01:11:13Z,59,True,False,0,,IDEMP-CHK-MTB-100086,,PASSED,,,,,,5,15,22067.04,9551.46,True,76,10000,0.932,,[],True,,,,,,,,,,,,,,SETTLED,,SETL-CHK-MTB-100086,2026-07-31 00:00:00,,,,,,,,,,,,,,,,,,,,,,,,MATCHED,2026-08-01T02:11:13Z,0,True,LEDG-CHK-MTB-100086,9320.37,9320.37,SETL-CHK-MTB-100086,True,False,True,True,,,,,,,,,,,,,,,,,,,,,,,,,,,PASSED,,,[],,,,,True,2026-07-30 00:00:00,0,0,True,9701506798,8,8,False,[],10626.86,,,,,,,,,9320.37,,,,,,,,,,,,,,,,,,,,,,,,,,,,,,,,,,,,,,,,,,,,,,,,,,,ACKNOWLEDGED,,POSTED,2026-07-31 00:00:00,CREDIT,5608.26,14928.63,5608.26,14928.63,,,,,CLEARED,,,,,,,,,,,,,,,,,,,,,,,,,,,,,,,,,,,AP42TI,9320.37,USD,2026-07-30 00:00:00,855699440,454372367,BrightLedger Payments,Cascade Point Bank,9OYZH6,Ronald Taylor,731727624,9701506798,PRES-MTB-100086,2026-07-30 00:00:00,CHECK_CLEARING,COMPLETED,PASSED,PASSED,PASSED,PASSED,2026-07-30T23:12:13Z,True,2026-07-30T23:12:15Z,2529,30000,False,0,CL-MTB-20260730-8,2026-07-30T23:17:13Z
CHEQUE,POST,CHK-MTB-100048,INDIVIDUAL,IND-0093,EXTERNAL_INDIVIDUAL,EXT-P-9427,CREDIT,,,,,,,,,,,,,,,,,,,,,,,,,,,,,,,,,,,,,,,,,,,,,,,,,,2026-07-01T04:07:52Z,2026-07-01T04:14:52Z,7,True,False,0,,IDEMP-CHK-MTB-100048,,PASSED,,,,,,5,14,1238.88,416.31,True,79,10000,0.055,,[],False,,,,,,,,,,,,,,SETTLED,,SETL-CHK-MTB-100048,2026-07-01 00:00:00,,,,,,,,,,,,,,,,,,,,,,,,MATCHED,2026-07-02T12:14:52Z,0,True,LEDG-CHK-MTB-100048,554.03,554.03,SETL-CHK-MTB-100048,False,False,True,False,,,,,,,,,,,,,,,,,,,,,,,,,,,PASSED,,,[],,,,,False,2024-09-16 00:00:00,55,651,False,6471570111,1,3,False,[],713.19,,,,,,,,,554.03,,,,,,,,,,,,,,,,,,,,,,,,,,,,,,,,,,,,,,,,,,,,,,,,,,,ACKNOWLEDGED,,POSTED,2026-07-01 00:00:00,CREDIT,3193.74,3747.77,3193.74,3747.77,,,,,CLEARED,,,,,,,,,,,,,,,,,,,,,,,,,,,,,,,,,,,2H3868,554.03,USD,2026-06-29 00:00:00,173694426,8321601567,Meridian Trust Bank,Summit Ridge Bank,EE0FR3,Deborah Lee,949635596,6471570111,PRES-MTB-100048,2026-06-29 00:00:00,CHECK_CLEARING,COMPLETED,PASSED,PASSED,DEGRADED,PASSED,2026-06-29T04:07:52Z,True,2026-06-29T04:08:12Z,2213,30000,False,0,CL-MTB-20260629-2,2026-06-29T04:12:52Z
CHEQUE,POST,CHK-MTB-100081,MERCHANT,MERCH-010,EXTERNAL_INDIVIDUAL,EXT-P-5649,CREDIT,,,,,,,,,,,,,,,,,,,,,,,,,,,,,,,,,,,,,,,,,,,,,,,,,,2026-08-02T12:56:15Z,,,False,False,0,,IDEMP-CHK-MTB-100081,,PASSED,,,,,,2,9,383.84,239.95,False,45,10000,0.01,,[],False,,,,,,,,,,,,,,PENDING,,,,,,,,,,,,,,,,,,,,,,,,,,,NOT_APPLICABLE,,,,,,,,True,True,False,False,,,,,,,,,,,,,,,,,,,,,,,,,,,PASSED,,,[],,,,,True,2026-08-02 00:00:00,0,0,True,9026947777,5,6,True,[],92.26,,,,,,,,,,,,,,,,,,,,,,,,,,,,,,,,,,,,,,,,,,,,,,,,,,,,,,,,,,,,ACKNOWLEDGED,,NOT_POSTED,,CREDIT,18017.57,18017.57,18017.57,18017.57,,,,,PENDING,,,,,,,,,,,,,,,,,,,,,,,,,,,,,,,,,,,741F9P,99.66,USD,2026-08-02 00:00:00,464952364,4806704660,Vertex Commerce Pay,Summit Ridge Bank,IERAHL,Ronald Scott,566740162,9026947777,PRES-MTB-100081,2026-08-02 00:00:00,CHECK_CLEARING,PENDING,PASSED,PASSED,DEGRADED,PENDING,2026-08-02T11:56:15Z,True,2026-08-02T11:56:32Z,88,30000,False,0,CL-MTB-20260802-1,2026-08-02T12:01:15Z
CHEQUE,POST,CHK-MTB-100046,INDIVIDUAL,IND-0019,INDIVIDUAL,IND-0006,CREDIT,,,,,,,,,,,,,,,,,,,,,,,,,,,,,,,,,,,,,,,,,,,,,,,,,,2026-08-18T12:55:20Z,2026-08-18T13:19:20Z,24,True,False,0,,IDEMP-CHK-MTB-100046,,PASSED,,,,,,3,10,1295.86,731.24,False,55,10000,0.045,,[],False,,,,,,,,,,,,,,SETTLED,,SETL-CHK-MTB-100046,2026-08-18 00:00:00,,,,,,,,,,,,,,,,,,,,,,,,MATCHED,2026-08-19T16:19:20Z,0,True,LEDG-CHK-MTB-100046,447.3,447.3,SETL-CHK-MTB-100046,False,False,False,False,,,,,,,,,,,,,,,,,,,,,,,,,,,PASSED,,,[],,,,,False,2025-01-26 00:00:00,51,568,False,2107816442,1,1,False,[],362.75,,,,,,,,,447.3,,,,,,,,,,,,,,,,,,,,,,,,,,,,,,,,,,,,,,,,,,,,,,,,,,,ACKNOWLEDGED,,POSTED,2026-08-18 00:00:00,CREDIT,8716.82,9164.12,8716.82,9164.12,,,,,CLEARED,,,,,,,,,,,,,,,,,,,,,,,,,,,,,,,,,,,2BXK4U,447.3,USD,2026-08-17 00:00:00,725967944,8829864786,Meridian Trust Bank,Summit Ridge Bank,KP9CJ6,Maria Torres,665403133,2107816442,PRES-MTB-100046,2026-08-17 00:00:00,CHECK_CLEARING,COMPLETED,PASSED,PASSED,PASSED,PASSED,2026-08-17T12:55:20Z,True,2026-08-17T12:55:37Z,3988,30000,False,0,CL-MTB-20260817-6,2026-08-17T13:00:20Z
CHEQUE,POST,CHK-MTB-100011,INDIVIDUAL,IND-0054,EXTERNAL_INDIVIDUAL,EXT-P-5287,CREDIT,,,,,,,,,,,,,,,,,,,,,,,,,,,,,,,,,,,,,,,,,,,,,,,,,,2026-07-06T18:03:05Z,2026-07-06T19:24:05Z,81,True,False,0,,IDEMP-CHK-MTB-100011,,PASSED,,,,,,3,11,4263.14,1794.67,True,55,10000,0.131,,[],False,,,,,,,,,,,,,,SETTLED,,SETL-CHK-MTB-100011,2026-07-06 00:00:00,,,,,,,,,,,,,,,,,,,,,,,,MATCHED,2026-07-07T11:24:05Z,0,True,LEDG-CHK-MTB-100011,1310.76,1310.76,SETL-CHK-MTB-100011,False,True,True,False,,,,,,,,,,,,,,,,,,,,,,,,,,,PASSED,,,[],,,,,False,2023-11-07 00:00:00,29,972,False,3243471665,5,8,True,[],1250.67,,,,,,,,,1310.76,,,,,,,,,,,,,,,,,,,,,,,,,,,,,,,,,,,,,,,,,,,,,,,,,,,ACKNOWLEDGED,,POSTED,2026-07-06 00:00:00,CREDIT,39882,41192.76,39882,41192.76,,,,,CLEARED,,,,,,,,,,,,,,,,,,,,,,,,,,,,,,,,,,,S36I9J,1310.76,USD,2026-07-06 00:00:00,986391286,1167646993,Meridian Trust Bank,Cascade Point Bank,3809DC,Maria Thompson,473591663,3243471665,PRES-MTB-100011,2026-07-06 00:00:00,CHECK_CLEARING,COMPLETED,PASSED,PASSED,PASSED,PASSED,2026-07-06T17:03:05Z,True,2026-07-06T17:03:11Z,2319,30000,False,0,CL-MTB-20260706-3,2026-07-06T17:08:05Z
CHEQUE,POST,CHK-MTB-100035,INDIVIDUAL,IND-0094,EXTERNAL_INDIVIDUAL,EXT-P-2233,CREDIT,,,,,,,,,,,,,,,,,,,,,,,,,,,,,,,,,,,,,,,,,,,,,,,,,,2026-07-30T19:08:09Z,2026-07-30T20:07:09Z,59,True,False,0,,IDEMP-CHK-MTB-100035,,PASSED,,,,,,1,6,30297.65,12144.11,False,46,10000,0.821,,[],False,,,,,,,,,,,,,,SETTLED,,SETL-CHK-MTB-100035,2026-07-30 00:00:00,,,,,,,,,,,,,,,,,,,,,,,,MATCHED,2026-07-31T06:07:09Z,0,True,LEDG-CHK-MTB-100035,8213.52,8213.52,SETL-CHK-MTB-100035,False,False,False,False,,,,,,,,,,,,,,,,,,,,,,,,,,,PASSED,,,[],,,,,False,2026-05-04 00:00:00,11,85,False,1446851331,1,5,False,[],8785.96,,,,,,,,,8213.52,,,,,,,,,,,,,,,,,,,,,,,,,,,,,,,,,,,,,,,,,,,,,,,,,,,ACKNOWLEDGED,,POSTED,2026-07-30 00:00:00,CREDIT,46629.64,54843.16,46629.64,54843.16,,,,,CLEARED,,,,,,,,,,,,,,,,,,,,,,,,,,,,,,,,,,,5KJ4H9,8213.52,USD,2026-07-28 00:00:00,577229317,6444313846,Meridian Trust Bank,Ironbridge National Bank,I373XA,Lisa Martin,406291020,1446851331,PRES-MTB-100035,2026-07-28 00:00:00,CHECK_CLEARING,COMPLETED,PASSED,PASSED,PASSED,PASSED,2026-07-28T19:08:09Z,True,2026-07-28T19:08:22Z,2360,30000,False,0,CL-MTB-20260728-2,2026-07-28T19:13:09Z
CHEQUE,POST,CHK-MTB-100014,INDIVIDUAL,IND-0074,INDIVIDUAL,IND-0066,CREDIT,,,,,,,,,,,,,,,,,,,,,,,,,,,,,,,,,,,,,,,,,,,,,,,,,,2026-07-15T13:46:26Z,2026-07-15T14:52:26Z,66,True,False,0,,IDEMP-CHK-MTB-100014,,PASSED,,,,,,5,12,4182.23,2893.82,False,57,10000,0.332,,[],False,,,,,,,,,,,,,,SETTLED,,SETL-CHK-MTB-100014,2026-07-15 00:00:00,,,,,,,,,,,,,,,,,,,,,,,,MATCHED,2026-07-17T00:52:26Z,0,True,LEDG-CHK-MTB-100014,3316.22,3316.22,SETL-CHK-MTB-100014,False,True,False,False,,,,,,,,,,,,,,,,,,,,,,,,,,,PASSED,,,[],,,,,True,2026-07-15 00:00:00,0,0,False,2524706591,8,11,True,[],2692.41,,,,,,,,,3316.22,,,,,,,,,,,,,,,,,,,,,,,,,,,,,,,,,,,,,,,,,,,,,,,,,,,ACKNOWLEDGED,,POSTED,2026-07-15 00:00:00,CREDIT,36174.74,39490.96,36174.74,39490.96,,,,,CLEARED,,,,,,,,,,,,,,,,,,,,,,,,,,,,,,,,,,,O6CY2Z,3316.22,USD,2026-07-15 00:00:00,196953960,4103944553,Meridian Trust Bank,Cascade Point Bank,RC9MT1,William Jackson,354308509,2524706591,PRES-MTB-100014,2026-07-15 00:00:00,CHECK_CLEARING,COMPLETED,PASSED,PASSED,PASSED,PASSED,2026-07-15T01:46:26Z,True,2026-07-15T01:46:41Z,2393,30000,False,91,CL-MTB-20260715-2,2026-07-15T01:51:26Z
CHEQUE,POST,CHK-MTB-100066,MERCHANT,MERCH-010,EXTERNAL_INDIVIDUAL,EXT-P-8951,CREDIT,,,,,,,,,,,,,,,,,,,,,,,,,,,,,,,,,,,,,,,,,,,,,,,,,,2026-07-21T09:24:28Z,2026-07-21T10:19:28Z,55,True,False,0,,IDEMP-CHK-MTB-100066,,PASSED,,,,,,5,10,186.46,65.97,False,64,10000,0.005,,[],False,,,,,,,,,,,,,,SETTLED,,SETL-CHK-MTB-100066,2026-07-21 00:00:00,,,,,,,,,,,,,,,,,,,,,,,,NOT_YET_RECONCILED,,0,True,LEDG-CHK-MTB-100066,50.92,50.92,SETL-CHK-MTB-100066,False,False,False,False,,,,,,,,,,,,,,,,,,,,,,,,,,,PASSED,,,[],,,,,False,2025-10-16 00:00:00,2,278,False,6805524600,2,6,False,[],47.19,,,,,,,,,50.92,,,,,,,,,,,,,,,,,,,,,,,,,,,,,,,,,,,,,,,,,,,,,,,,,,,ACKNOWLEDGED,,POSTED,2026-07-21 00:00:00,CREDIT,9080.38,9131.3,9080.38,9131.3,,,,,CLEARED,,,,,,,,,,,,,,,,,,,,,,,,,,,,,,,,,,,WN0S6K,50.92,USD,2026-07-21 00:00:00,736878797,4806704660,Vertex Commerce Pay,Summit Ridge Bank,1QWHEL,Kathleen Torres,663685532,6805524600,PRES-MTB-100066,2026-07-21 00:00:00,CHECK_CLEARING,COMPLETED,PASSED,PASSED,PASSED,PASSED,2026-07-21T08:24:28Z,True,2026-07-21T08:24:37Z,2876,30000,False,0,CL-MTB-20260721-7,2026-07-21T08:29:28Z
CHEQUE,POST,CHK-MTB-100021,INDIVIDUAL,IND-0013,INDIVIDUAL,IND-0026,CREDIT,,,,,,,,,,,,,,,,,,,,,,,,,,,,,,,,,,,,,,,,,,,,,,,,,,2026-07-08T03:06:03Z,2026-07-08T04:07:03Z,61,True,False,0,,IDEMP-CHK-MTB-100021,,PASSED,,,,,,3,10,36703.94,12805.75,False,56,10000,0.937,,[],True,,,,,,,,,,,,,,SETTLED,,SETL-CHK-MTB-100021,2026-07-08 00:00:00,,,,,,,,,,,,,,,,,,,,,,,,MATCHED,2026-07-09T06:07:03Z,0,True,LEDG-CHK-MTB-100021,9374.32,9374.32,SETL-CHK-MTB-100021,False,False,False,True,,,,,,,,,,,,,,,,,,,,,,,,,,,PASSED,,,[],,,,,False,2023-08-25 00:00:00,50,1047,False,3953571611,3,4,False,[],9886.62,,,,,,,,,9374.32,,,,,,,,,,,,,,,,,,,,,,,,,,,,,,,,,,,,,,,,,,,,,,,,,,,ACKNOWLEDGED,,POSTED,2026-07-08 00:00:00,CREDIT,42887.1,52261.42,42887.1,52261.42,,,,,CLEARED,,,,,,,,,,,,,,,,,,,,,,,,,,,,,,,,,,,OTD2LH,9374.32,USD,2026-07-07 00:00:00,480990903,2411755318,Meridian Trust Bank,Cascade Point Bank,6E4X97,Kathleen Clark,687538470,3953571611,PRES-MTB-100021,2026-07-07 00:00:00,CHECK_CLEARING,COMPLETED,PASSED,PASSED,PASSED,PASSED,2026-07-07T23:06:03Z,True,2026-07-07T23:06:17Z,4170,30000,False,0,CL-MTB-20260707-6,2026-07-07T23:11:03Z
CHEQUE,POST,CHK-MTB-100068,MERCHANT,MERCH-004,EXTERNAL_INDIVIDUAL,EXT-P-9349,CREDIT,,,,,,,,,,,,,,,,,,,,,,,,,,,,,,,,,,,,,,,,,,,,,,,,,,2026-07-14T00:12:32Z,2026-07-14T01:20:32Z,68,True,False,0,,IDEMP-CHK-MTB-100068,,PASSED,,,,,,2,3,578.85,227.92,False,30,10000,0.015,,[],False,,,,,,,,,,,,,,SETTLED,,SETL-CHK-MTB-100068,2026-07-14 00:00:00,,,,,,,,,,,,,,,,,,,,,,,,MATCHED,2026-07-15T13:20:32Z,0,True,LEDG-CHK-MTB-100068,151.37,151.37,SETL-CHK-MTB-100068,False,False,False,False,,,,,,,,,,,,,,,,,,,,,,,,,,,PASSED,,,[],,,,,False,2023-07-02 00:00:00,22,1107,False,8170549141,1,4,False,[],148.27,,,,,,,,,151.37,,,,,,,,,,,,,,,,,,,,,,,,,,,,,,,,,,,,,,,,,,,,,,,,,,,ACKNOWLEDGED,,POSTED,2026-07-14 00:00:00,CREDIT,43684.52,43835.89,43684.52,43835.89,,,,,CLEARED,,,,,,,,,,,,,,,,,,,,,,,,,,,,,,,,,,,D7YR74,151.37,USD,2026-07-13 00:00:00,780495928,3061977058,Vertex Commerce Pay,Ironbridge National Bank,FR0SZJ,Daniel Scott,151241646,8170549141,PRES-MTB-100068,2026-07-13 00:00:00,CHECK_CLEARING,COMPLETED,PASSED,PASSED,PASSED,PASSED,2026-07-13T12:12:32Z,True,2026-07-13T12:12:43Z,2917,30000,False,0,CL-MTB-20260713-6,2026-07-13T12:17:32Z
CHEQUE,POST,CHK-MTB-100029,INDIVIDUAL,IND-0003,EXTERNAL_INDIVIDUAL,EXT-P-2294,CREDIT,,,,,,,,,,,,,,,,,,,,,,,,,,,,,,,,,,,,,,,,,,,,,,,,,,2026-07-26T17:27:21Z,2026-07-27T16:46:21Z,1399,True,False,0,,IDEMP-CHK-MTB-100029,,PASSED,,,,,,3,5,7999.89,4686.16,False,38,10000,0.21,,[],False,,,,,,,,,,,,,,SETTLED,,SETL-CHK-MTB-100029,2026-07-27 00:00:00,,,,,,,,,,,,,,,,,,,,,,,,BREAK,2026-07-29T02:46:21Z,-19.4,False,LEDG-CHK-MTB-100029,2095.7,2076.3,SETL-CHK-MTB-100029,True,False,False,False,,,,,,,,,,,,,,,,,,,,,,,,,,,PASSED,,,[],,,,,True,2026-07-26 00:00:00,0,0,True,2477183770,2,6,False,[],1717.74,,,,,,,,,2095.7,,,,,,,,,,,,,,,,,,,,,,,,,,,,,,,,,,,,,,,,,,,,,,,,,,,ACKNOWLEDGED,,POSTED,2026-07-27 00:00:00,CREDIT,21332.52,23408.82,21332.52,23408.82,,,,,CLEARED,,,,,,,,,,,,,,,,,,,,,,,,,,,,,,,,,,,WCELYM,2095.7,USD,2026-07-26 00:00:00,954652321,2998950352,Meridian Trust Bank,Summit Ridge Bank,OE169J,Deborah Harris,45865729,2477183770,PRES-MTB-100029,2026-07-26 00:00:00,CHECK_CLEARING,COMPLETED,PASSED,PASSED,PASSED,PASSED,2026-07-26T05:27:21Z,True,2026-07-26T05:27:38Z,879,30000,False,0,CL-MTB-20260726-2,2026-07-26T05:32:21Z
CHEQUE,POST,CHK-MTB-100026,INDIVIDUAL,IND-0013,EXTERNAL_INDIVIDUAL,EXT-P-1444,CREDIT,,,,,,,,,,,,,,,,,,,,,,,,,,,,,,,,,,,,,,,,,,,,,,,,,,2026-08-04T01:05:21Z,2026-08-04T02:22:21Z,77,True,False,0,,IDEMP-CHK-MTB-100026,,PASSED,,,,,,1,3,35548.33,12443.2,False,33,10000,1.464,,[],False,,,,,,,,,,,,,,SETTLED,,SETL-CHK-MTB-100026,2026-08-04 00:00:00,,,,,,,,,,,,,,,,,,,,,,,,MATCHED,2026-08-05T12:22:21Z,0,True,LEDG-CHK-MTB-100026,14643.14,14643.14,SETL-CHK-MTB-100026,False,False,False,False,,,,,,,,,,,,,,,,,,,,,,,,,,,PASSED,,,[],,,,,False,2024-05-22 00:00:00,53,804,False,9478232828,2,2,False,[],12114.52,,,,,,,,,14643.14,,,,,,,,,,,,,,,,,,,,,,,,,,,,,,,,,,,,,,,,,,,,,,,,,,,ACKNOWLEDGED,,POSTED,2026-08-04 00:00:00,CREDIT,12377.66,27020.8,12377.66,27020.8,,,,,CLEARED,,,,,,,,,,,,,,,,,,,,,,,,,,,,,,,,,,,XXMSLE,14643.14,USD,2026-08-04 00:00:00,443582147,2411755318,Meridian Trust Bank,Summit Ridge Bank,NBY1JO,Amanda Perez,809287636,9478232828,PRES-MTB-100026,2026-08-04 00:00:00,CHECK_CLEARING,COMPLETED,PASSED,PASSED,PASSED,PASSED,2026-08-04T00:05:21Z,True,2026-08-04T00:05:25Z,3588,30000,False,91,CL-MTB-20260804-8,2026-08-04T00:10:21Z
CHEQUE,POST,CHK-MTB-100067,MERCHANT,MERCH-003,EXTERNAL_INDIVIDUAL,EXT-P-3851,CREDIT,,,,,,,,,,,,,,,,,,,,,,,,,,,,,,,,,,,,,,,,,,,,,,,,,,2026-08-03T01:03:02Z,2026-08-03T02:08:02Z,65,True,False,0,,IDEMP-CHK-MTB-100067,,PASSED,,,,,,2,8,4895.71,2614.69,False,41,10000,0.17,,[],False,,,,,,,,,,,,,,SETTLED,,SETL-CHK-MTB-100067,2026-08-03 00:00:00,,,,,,,,,,,,,,,,,,,,,,,,NOT_YET_RECONCILED,,0,True,LEDG-CHK-MTB-100067,1697.88,1697.88,SETL-CHK-MTB-100067,False,False,False,False,,,,,,,,,,,,,,,,,,,,,,,,,,,PASSED,,,[],,,,,True,2026-08-02 00:00:00,0,0,False,8738977431,3,6,False,[],1533.34,,,,,,,,,1697.88,,,,,,,,,,,,,,,,,,,,,,,,,,,,,,,,,,,,,,,,,,,,,,,,,,,ACKNOWLEDGED,,POSTED,2026-08-03 00:00:00,CREDIT,49183.12,50881,49183.12,50881,,,,,CLEARED,,,,,,,,,,,,,,,,,,,,,,,,,,,,,,,,,,,MTCXIN,1697.88,USD,2026-08-02 00:00:00,297446686,8112126311,Northstar Payment Solutions,Cascade Point Bank,FEC2GB,Charles Jackson,705022590,8738977431,PRES-MTB-100067,2026-08-02 00:00:00,CHECK_CLEARING,COMPLETED,PASSED,PASSED,PASSED,PASSED,2026-08-02T21:03:02Z,True,2026-08-02T21:03:10Z,951,30000,False,0,CL-MTB-20260802-7,2026-08-02T21:08:02Z
CHEQUE,POST,CHK-MTB-100025,INDIVIDUAL,IND-0094,EXTERNAL_INDIVIDUAL,EXT-P-2897,CREDIT,,,,,,,,,,,,,,,,,,,,,,,,,,,,,,,,,,,,,,,,,,,,,,,,,,2026-07-31T21:39:44Z,2026-07-31T21:54:44Z,15,True,False,0,,IDEMP-CHK-MTB-100025,,PASSED,,,,,,1,2,48000.35,22880.27,False,25,10000,1.36,,[],False,,,,,,,,,,,,,,SETTLED,,SETL-CHK-MTB-100025,2026-07-31 00:00:00,,,,,,,,,,,,,,,,,,,,,,,,MATCHED,2026-08-01T04:54:44Z,0,True,LEDG-CHK-MTB-100025,13595.09,13595.09,SETL-CHK-MTB-100025,False,False,False,False,,,,,,,,,,,,,,,,,,,,,,,,,,,PASSED,,,[],,,,,False,2024-12-16 00:00:00,28,592,False,6639871127,2,3,False,[],17460.16,,,,,,,,,13595.09,,,,,,,,,,,,,,,,,,,,,,,,,,,,,,,,,,,,,,,,,,,,,,,,,,,ACKNOWLEDGED,,POSTED,2026-07-31 00:00:00,CREDIT,6850.52,20445.61,6850.52,20445.61,,,,,CLEARED,,,,,,,,,,,,,,,,,,,,,,,,,,,,,,,,,,,LNYVB1,13595.09,USD,2026-07-31 00:00:00,292221843,6444313846,Meridian Trust Bank,Ironbridge National Bank,RQ8J2M,Amanda Ramirez,221527012,6639871127,PRES-MTB-100025,2026-07-31 00:00:00,CHECK_CLEARING,COMPLETED,PASSED,PASSED,PASSED,PASSED,2026-07-31T20:39:44Z,True,2026-07-31T20:40:00Z,3025,30000,False,51,CL-MTB-20260731-6,2026-07-31T20:44:44Z
CHEQUE,POST,CHK-MTB-100099,MERCHANT,MERCH-002,INDIVIDUAL,IND-0030,CREDIT,,,,,,,,,,,,,,,,,,,,,,,,,,,,,,,,,,,,,,,,,,,,,,,,,,2026-08-17T12:40:54Z,2026-08-17T14:06:54Z,86,True,False,0,,IDEMP-CHK-MTB-100099,,PASSED,,,,,,2,2,3577.7,1499.89,False,22,10000,0.191,,[],False,,,,,,,,,,,,,,SETTLED,,SETL-CHK-MTB-100099,2026-08-17 00:00:00,,,,,,,,,,,,,,,,,,,,,,,,MATCHED,2026-08-18T03:06:54Z,0,True,LEDG-CHK-MTB-100099,1906.79,1906.79,SETL-CHK-MTB-100099,False,False,False,False,,,,,,,,,,,,,,,,,,,,,,,,,,,PASSED,,,[],,,,,False,2025-07-23 00:00:00,39,390,False,6094968993,1,5,False,[],2108.16,,,,,,,,,1906.79,,,,,,,,,,,,,,,,,,,,,,,,,,,,,,,,,,,,,,,,,,,,,,,,,,,ACKNOWLEDGED,,POSTED,2026-08-17 00:00:00,CREDIT,24929.69,26836.48,24929.69,26836.48,,,,,CLEARED,,,,,,,,,,,,,,,,,,,,,,,,,,,,,,,,,,,J2JVUW,1906.79,USD,2026-08-17 00:00:00,94393719,5123580257,Vertex Commerce Pay,Ironbridge National Bank,8T7VC7,Matthew Brown,273540249,6094968993,PRES-MTB-100099,2026-08-17 00:00:00,CHECK_CLEARING,COMPLETED,PASSED,PASSED,PASSED,PASSED,2026-08-17T11:40:54Z,True,2026-08-17T11:40:55Z,2135,30000,False,0,CL-MTB-20260817-2,2026-08-17T11:45:54Z
CHEQUE,POST,CHK-MTB-100089,MERCHANT,MERCH-004,EXTERNAL_INDIVIDUAL,EXT-P-2525,CREDIT,,,,,,,,,,,,,,,,,,,,,,,,,,,,,,,,,,,,,,,,,,,,,,,,,,2026-07-07T10:32:31Z,2026-07-07T11:57:31Z,85,True,False,0,,IDEMP-CHK-MTB-100089,,PASSED,,,,,,5,9,638.76,478.94,False,48,10000,0.03,,[],False,,,,,,,,,,,,,,SETTLED,,SETL-CHK-MTB-100089,2026-07-07 00:00:00,,,,,,,,,,,,,,,,,,,,,,,,MATCHED,2026-07-07T13:57:31Z,0,True,LEDG-CHK-MTB-100089,303.1,303.1,SETL-CHK-MTB-100089,False,False,False,False,,,,,,,,,,,,,,,,,,,,,,,,,,,PASSED,,,[],,,,,True,2026-07-07 00:00:00,0,0,False,1479283932,2,5,False,[],288.35,,,,,,,,,303.1,,,,,,,,,,,,,,,,,,,,,,,,,,,,,,,,,,,,,,,,,,,,,,,,,,,ACKNOWLEDGED,,POSTED,2026-07-07 00:00:00,CREDIT,32319.59,32622.69,32319.59,32622.69,,,,,CLEARED,,,,,,,,,,,,,,,,,,,,,,,,,,,,,,,,,,,BG3HX4,303.1,USD,2026-07-07 00:00:00,217048689,3061977058,Vertex Commerce Pay,Ironbridge National Bank,HYVRYU,Rebecca Jones,427632121,1479283932,PRES-MTB-100089,2026-07-07 00:00:00,CHECK_CLEARING,COMPLETED,PASSED,PASSED,PASSED,PASSED,2026-07-07T06:32:31Z,True,2026-07-07T06:32:41Z,3955,30000,False,0,CL-MTB-20260707-3,2026-07-07T06:37:31Z
CHEQUE,POST,CHK-MTB-100090,MERCHANT,MERCH-010,EXTERNAL_INDIVIDUAL,EXT-P-8709,CREDIT,,,,,,,,,,,,,,,,,,,,,,,,,,,,,,,,,,,,,,,,,,,,,,,,,,2026-07-26T18:50:17Z,2026-07-26T19:45:17Z,55,True,False,0,,IDEMP-CHK-MTB-100090,,PASSED,,,,,,1,4,2589.27,1593.91,False,31,10000,0.078,,[],False,,,,,,,,,,,,,,SETTLED,,SETL-CHK-MTB-100090,2026-07-26 00:00:00,,,,,,,,,,,,,,,,,,,,,,,,MATCHED,2026-07-27T10:45:17Z,0,True,LEDG-CHK-MTB-100090,784.74,784.74,SETL-CHK-MTB-100090,False,False,False,False,,,,,,,,,,,,,,,,,,,,,,,,,,,PASSED,,,[],,,,,False,2025-01-01 00:00:00,26,570,False,3388692180,1,3,False,[],739.22,,,,,,,,,784.74,,,,,,,,,,,,,,,,,,,,,,,,,,,,,,,,,,,,,,,,,,,,,,,,,,,ACKNOWLEDGED,,POSTED,2026-07-26 00:00:00,CREDIT,41295.76,42080.5,41295.76,42080.5,,,,,CLEARED,,,,,,,,,,,,,,,,,,,,,,,,,,,,,,,,,,,FWMNCO,784.74,USD,2026-07-25 00:00:00,824723004,4806704660,Vertex Commerce Pay,Cascade Point Bank,NO6J3H,Maria Rodriguez,579024752,3388692180,PRES-MTB-100090,2026-07-25 00:00:00,CHECK_CLEARING,COMPLETED,PASSED,PASSED,PASSED,PASSED,2026-07-25T18:50:17Z,True,2026-07-25T18:50:35Z,3636,30000,False,0,CL-MTB-20260725-6,2026-07-25T18:55:17Z
CHEQUE,POST,CHK-MTB-100054,MERCHANT,MERCH-005,EXTERNAL_INDIVIDUAL,EXT-P-2045,CREDIT,,,,,,,,,,,,,,,,,,,,,,,,,,,,,,,,,,,,,,,,,,,,,,,,,,2026-07-08T00:35:35Z,2026-07-08T01:59:35Z,84,True,False,0,,IDEMP-CHK-MTB-100054,,PASSED,,,,,,3,4,1418.46,627.7,False,28,10000,0.055,,[],False,,,,,,,,,,,,,,SETTLED,,SETL-CHK-MTB-100054,2026-07-08 00:00:00,,,,,,,,,,,,,,,,,,,,,,,,NOT_YET_RECONCILED,,0,True,LEDG-CHK-MTB-100054,554.19,554.19,SETL-CHK-MTB-100054,False,True,False,False,,,,,,,,,,,,,,,,,,,,,,,,,,,PASSED,,,[],,,,,True,2026-07-07 00:00:00,0,0,False,6524362136,5,5,True,[],580.93,,,,,,,,,554.19,,,,,,,,,,,,,,,,,,,,,,,,,,,,,,,,,,,,,,,,,,,,,,,,,,,ACKNOWLEDGED,,POSTED,2026-07-08 00:00:00,CREDIT,48931.96,49486.15,48931.96,49486.15,,,,,CLEARED,,,,,,,,,,,,,,,,,,,,,,,,,,,,,,,,,,,70MZ8B,554.19,USD,2026-07-07 00:00:00,425736505,2260323791,Meridian Trust Bank,Ironbridge National Bank,ME1GY9,Timothy Thomas,826608406,6524362136,PRES-MTB-100054,2026-07-07 00:00:00,CHECK_CLEARING,COMPLETED,PASSED,PASSED,PASSED,PASSED,2026-07-07T00:35:35Z,True,2026-07-07T00:35:54Z,3226,30000,False,0,CL-MTB-20260707-6,2026-07-07T00:40:35Z
CHEQUE,POST,CHK-MTB-100055,MERCHANT,MERCH-010,EXTERNAL_INDIVIDUAL,EXT-P-5351,CREDIT,,,,,,,,,,,,,,,,,,,,,,,,,,,,,,,,,,,,,,,,,,,,,,,,,,2026-07-21T18:12:57Z,2026-07-21T19:34:57Z,82,True,False,0,,IDEMP-CHK-MTB-100055,,PASSED,,,,,,5,8,24218.91,9244.26,False,49,10000,1.009,,[],False,,,,,,,,,,,,,,SETTLED,,SETL-CHK-MTB-100055,2026-07-21 00:00:00,,,,,,,,,,,,,,,,,,,,,,,,MATCHED,2026-07-23T00:34:57Z,0,True,LEDG-CHK-MTB-100055,10089.89,10089.89,SETL-CHK-MTB-100055,False,False,False,False,,,,,,,,,,,,,,,,,,,,,,,,,,,PASSED,,,[],,,,,False,2025-07-24 00:00:00,53,362,False,7780995597,1,1,False,[],11514.93,,,,,,,,,10089.89,,,,,,,,,,,,,,,,,,,,,,,,,,,,,,,,,,,,,,,,,,,,,,,,,,,ACKNOWLEDGED,,POSTED,2026-07-21 00:00:00,CREDIT,32388.76,42478.65,32388.76,42478.65,,,,,CLEARED,,,,,,,,,,,,,,,,,,,,,,,,,,,,,,,,,,,13Z606,10089.89,USD,2026-07-21 00:00:00,871059400,4806704660,Vertex Commerce Pay,Ironbridge National Bank,2O2ZZF,Rebecca Martinez,537113741,7780995597,PRES-MTB-100055,2026-07-21 00:00:00,CHECK_CLEARING,COMPLETED,PASSED,PASSED,PASSED,PASSED,2026-07-21T06:12:57Z,True,2026-07-21T06:13:14Z,4492,30000,False,0,CL-MTB-20260721-1,2026-07-21T06:17:57Z
CHEQUE,POST,CHK-MTB-100077,MERCHANT,MERCH-004,EXTERNAL_INDIVIDUAL,EXT-P-3468,CREDIT,,,,,,,,,,,,,,,,,,,,,,,,,,,,,,,,,,,,,,,,,,,,,,,,,,2026-06-29T05:32:38Z,2026-06-29T06:37:38Z,65,True,False,0,,IDEMP-CHK-MTB-100077,,PASSED,,,,,,2,11,13482.99,4878.35,True,67,10000,0.414,,[],False,,,,,,,,,,,,,,SETTLED,,SETL-CHK-MTB-100077,2026-06-29 00:00:00,,,,,,,,,,,,,,,,,,,,,,,,MATCHED,2026-06-30T08:37:38Z,0,True,LEDG-CHK-MTB-100077,4139.39,4139.39,SETL-CHK-MTB-100077,False,False,True,False,,,,,,,,,,,,,,,,,,,,,,,,,,,PASSED,,,[],,,,,False,2023-05-16 00:00:00,27,1140,False,882033333,1,3,False,[],5122.58,,,,,,,,,4139.39,,,,,,,,,,,,,,,,,,,,,,,,,,,,,,,,,,,,,,,,,,,,,,,,,,,ACKNOWLEDGED,,POSTED,2026-06-29 00:00:00,CREDIT,29044.62,33184.01,29044.62,33184.01,,,,,CLEARED,,,,,,,,,,,,,,,,,,,,,,,,,,,,,,,,,,,AUBJMY,4139.39,USD,2026-06-29 00:00:00,266095150,3061977058,Vertex Commerce Pay,Cascade Point Bank,UTPMBH,Karen Martin,461152477,882033333,PRES-MTB-100077,2026-06-29 00:00:00,CHECK_CLEARING,COMPLETED,PASSED,PASSED,PASSED,PASSED,2026-06-29T01:32:38Z,True,2026-06-29T01:32:39Z,4336,30000,False,91,CL-MTB-20260629-6,2026-06-29T01:37:38Z
CHEQUE,POST,CHK-MTB-100075,MERCHANT,MERCH-007,EXTERNAL_INDIVIDUAL,EXT-P-3802,CREDIT,,,,,,,,,,,,,,,,,,,,,,,,,,,,,,,,,,,,,,,,,,,,,,,,,,2026-08-16T10:34:35Z,2026-08-16T11:53:35Z,79,True,False,0,,IDEMP-CHK-MTB-100075,,PASSED,,,,,,1,8,2213.02,900.92,False,47,10000,0.14,,[],False,,,,,,,,,,,,,,SETTLED,,SETL-CHK-MTB-100075,2026-08-16 00:00:00,,,,,,,,,,,,,,,,,,,,,,,,MATCHED,2026-08-16T14:53:35Z,0,True,LEDG-CHK-MTB-100075,1400.1,1400.1,SETL-CHK-MTB-100075,True,True,False,False,,,,,,,,,,,,,,,,,,,,,,,,,,,PASSED,,,[],,,,,True,2026-08-15 00:00:00,0,0,True,5470274243,5,9,True,[],1734.39,,,,,,,,,1400.1,,,,,,,,,,,,,,,,,,,,,,,,,,,,,,,,,,,,,,,,,,,,,,,,,,,ACKNOWLEDGED,,POSTED,2026-08-16 00:00:00,CREDIT,7154.33,8554.43,7154.33,8554.43,,,,,CLEARED,,,,,,,,,,,,,,,,,,,,,,,,,,,,,,,,,,,8S8W4T,1400.1,USD,2026-08-15 00:00:00,300972497,702250308,BrightLedger Payments,Ironbridge National Bank,O9JK0I,Charles Torres,157593364,5470274243,PRES-MTB-100075,2026-08-15 00:00:00,CHECK_CLEARING,COMPLETED,PASSED,PASSED,PASSED,PASSED,2026-08-15T22:34:35Z,True,2026-08-15T22:34:36Z,4292,30000,False,5,CL-MTB-20260815-3,2026-08-15T22:39:35Z
CHEQUE,POST,CHK-MTB-100007,INDIVIDUAL,IND-0037,EXTERNAL_INDIVIDUAL,EXT-P-6972,CREDIT,,,,,,,,,,,,,,,,,,,,,,,,,,,,,,,,,,,,,,,,,,,,,,,,,,2026-08-11T01:09:14Z,2026-08-11T01:24:14Z,15,True,False,0,,IDEMP-CHK-MTB-100007,,PASSED,,,,,,2,10,3953.99,1443.86,False,55,10000,0.213,,[],False,,,,,,,,,,,,,,SETTLED,,SETL-CHK-MTB-100007,2026-08-11 00:00:00,,,,,,,,,,,,,,,,,,,,,,,,PENDING,2026-08-11T03:24:14Z,0,True,LEDG-CHK-MTB-100007,2132.03,2132.03,SETL-CHK-MTB-100007,False,False,False,False,,,,,,,,,,,,,,,,,,,,,,,,,,,PASSED,,,[],,,,,False,2023-12-14 00:00:00,12,971,False,5046259863,1,3,False,[],2586.61,,,,,,,,,2132.03,,,,,,,,,,,,,,,,,,,,,,,,,,,,,,,,,,,,,,,,,,,,,,,,,,,ACKNOWLEDGED,,POSTED,2026-08-11 00:00:00,CREDIT,19754.77,21886.8,19754.77,21886.8,,,,,CLEARED,,,,,,,,,,,,,,,,,,,,,,,,,,,,,,,,,,,RNVNC0,2132.03,USD,2026-08-11 00:00:00,545092480,3216194873,Meridian Trust Bank,Cascade Point Bank,W5OL09,Michelle Smith,600757401,5046259863,PRES-MTB-100007,2026-08-11 00:00:00,CHECK_CLEARING,COMPLETED,PASSED,PASSED,PASSED,PASSED,2026-08-11T00:09:14Z,True,2026-08-11T00:09:20Z,2579,30000,False,91,CL-MTB-20260811-1,2026-08-11T00:14:14Z
CHEQUE,POST,CHK-MTB-100022,INDIVIDUAL,IND-0058,EXTERNAL_INDIVIDUAL,EXT-P-3098,CREDIT,,,,,,,,,,,,,,,,,,,,,,,,,,,,,,,,,,,,,,,,,,,,,,,,,,2026-07-11T23:15:19Z,2026-07-11T23:25:19Z,10,True,False,0,,IDEMP-CHK-MTB-100022,,PASSED,,,,,,3,5,12060.2,8640.21,False,26,10000,0.419,,[],False,,,,,,,,,,,,,,SETTLED,,SETL-CHK-MTB-100022,2026-07-11 00:00:00,,,,,,,,,,,,,,,,,,,,,,,,MATCHED,2026-07-12T19:25:19Z,0,True,LEDG-CHK-MTB-100022,4188.29,4188.29,SETL-CHK-MTB-100022,False,False,False,False,,,,,,,,,,,,,,,,,,,,,,,,,,,PASSED,,,[],,,,,False,2024-05-04 00:00:00,51,798,False,6206517768,1,2,False,[],3705.82,,,,,,,,,4188.29,,,,,,,,,,,,,,,,,,,,,,,,,,,,,,,,,,,,,,,,,,,,,,,,,,,ACKNOWLEDGED,,POSTED,2026-07-11 00:00:00,CREDIT,15062.66,19250.95,15062.66,19250.95,,,,,CLEARED,,,,,,,,,,,,,,,,,,,,,,,,,,,,,,,,,,,K95I2L,4188.29,USD,2026-07-11 00:00:00,441958874,4821736612,Meridian Trust Bank,Ironbridge National Bank,11V5EW,Donna Thompson,715311677,6206517768,PRES-MTB-100022,2026-07-11 00:00:00,CHECK_CLEARING,COMPLETED,PASSED,PASSED,DEGRADED,PASSED,2026-07-11T19:15:19Z,True,2026-07-11T19:15:36Z,2080,30000,False,51,CL-MTB-20260711-8,2026-07-11T19:20:19Z
CHEQUE,POST,CHK-MTB-100033,INDIVIDUAL,IND-0023,EXTERNAL_INDIVIDUAL,EXT-P-3292,DEBIT,,,,,,,,,,,,,,,,,,,,,,,,,,,,,,,,,,,,,,,,,,,,,,,,,,2026-07-14T00:09:39Z,2026-07-14T01:25:39Z,76,True,False,0,,IDEMP-CHK-MTB-100033,,PASSED,,,,,,3,3,6010.91,3418.86,False,26,10000,0.216,,[],False,,,,,,,,,,,,,,SETTLED,,SETL-CHK-MTB-100033,2026-07-14 00:00:00,,,,,,,,,,,,,,,,,,,,,,,,NOT_YET_RECONCILED,,0,True,LEDG-CHK-MTB-100033,2164.04,2164.04,SETL-CHK-MTB-100033,False,False,False,False,,,,,,,,,,,,,,,,,,,,,,,,,,,PASSED,,,[],,,,,False,2023-06-07 00:00:00,41,1132,False,2546087320,1,5,False,[],2069.36,,,,,,,,,2164.04,,,,,,,,,,,,,,,,,,,,,,,,,,,,,,,,,,,,,,,,,,,,,,,,,,,ACKNOWLEDGED,,POSTED,2026-07-14 00:00:00,DEBIT,40657.6,38493.56,40657.6,38493.56,,,,,CLEARED,,,,,,,,,,,,,,,,,,,,,,,,,,,,,,,,,,,Z7APXN,2164.04,USD,2026-07-13 00:00:00,325680827,16593766,Meridian Trust Bank,Cascade Point Bank,JC9N7N,Richard Allen,157127778,2546087320,PRES-MTB-100033,2026-07-13 00:00:00,CHECK_CLEARING,COMPLETED,PASSED,PASSED,PASSED,PASSED,2026-07-13T12:09:39Z,True,2026-07-13T12:09:43Z,2584,30000,False,0,CL-MTB-20260713-6,2026-07-13T12:14:39Z
