rail,settlement_stage,transaction_id,entity_type,entity_id,counterparty_type,counterparty_id,credit_debit_indicator,cheque.cheque_number,cheque.amount,cheque.currency,cheque.issue_date,cheque.micr.routing_number,cheque.micr.account_number,cheque.micr.onboarded_by,cheque.micr.issuer_bank,cheque.micr.serial_number,payee.payee_name,payee.depositary_bank.bofd_routing_number,payee.depositary_bank.depositor_account_number,presentment.presentment_id,presentment.presentment_date,presentment.clearing_channel,presentment.status,validation.micr_validation,validation.amount_validation,validation.image_quality,validation.signature_verification,validation.fraud_review,validation.format_validation_details.format_validation_status,validation.format_validation_details.rejection_code,validation.format_validation_details.rejection_reason,validation.format_validation_details.field_level_errors,clearing_network_response.request_timestamp,clearing_network_response.response_received,clearing_network_response.response_timestamp,clearing_network_response.response_time_ms,clearing_network_response.expected_response_sla_ms,clearing_network_response.network_timeout_flag,clearing_network_response.response_code,file_batch_tracking.cash_letter_id,file_batch_tracking.file_ack_status,file_batch_tracking.file_ack_timestamp,file_batch_tracking.expected_settlement_timestamp,file_batch_tracking.actual_settlement_timestamp,file_batch_tracking.settlement_lag_minutes,file_batch_tracking.file_reached_settlement,retry_control.is_retry,retry_control.retry_count,retry_control.original_transaction_id,retry_control.idempotency_key,retry_control.retry_reason,retry_control.duplicate_check_status,fraud_risk_indicators.new_payee_risk.is_new_payee,fraud_risk_indicators.new_payee_risk.payee_account_first_seen_date,fraud_risk_indicators.new_payee_risk.prior_transaction_count_with_payee,fraud_risk_indicators.new_payee_risk.payee_relationship_age_days,fraud_risk_indicators.new_payee_risk.new_payee_risk_flag,fraud_risk_indicators.funnel_account_detection.beneficiary_account_number,fraud_risk_indicators.funnel_account_detection.distinct_originating_accounts_24h,fraud_risk_indicators.funnel_account_detection.distinct_originating_accounts_7d,fraud_risk_indicators.funnel_account_detection.funnel_account_flag,fraud_risk_indicators.funnel_account_detection.related_transaction_ids,fraud_risk_indicators.velocity_checks.transaction_count_1h,fraud_risk_indicators.velocity_checks.transaction_count_24h,fraud_risk_indicators.velocity_checks.cumulative_amount_24h,fraud_risk_indicators.velocity_checks.velocity_baseline_avg_24h,fraud_risk_indicators.velocity_checks.velocity_threshold_breached,fraud_risk_indicators.velocity_checks.velocity_score,fraud_risk_indicators.structuring_detection.reporting_threshold_amount,fraud_risk_indicators.structuring_detection.amount_to_threshold_ratio,fraud_risk_indicators.structuring_detection.aggregate_amount_24h_same_originator,fraud_risk_indicators.structuring_detection.related_transactions_24h,fraud_risk_indicators.structuring_detection.structuring_flag,settlement.status,settlement.settlement_date,settlement.settlement_amount,settlement.settlement_reference,account_posting.status,account_posting.posting_date,account_posting.account_entry_type,account_posting.ledger_balance.before,account_posting.ledger_balance.after,account_posting.available_balance.before,account_posting.available_balance.after,reconciliation.reconciliation_status,reconciliation.reconciliation_timestamp,reconciliation.variance_amount,reconciliation.amount_match,reconciliation.ledger_transaction_id,reconciliation.network_settlement_amount,reconciliation.ledger_posted_amount,reconciliation.network_settlement_reference,payment.payment_id,payment.transaction_id,payment.rail,payment.network,payment.message_type,payment.status,message.message_id,message.instruction_id,message.end_to_end_id,message.received_timestamp,debtor.name,debtor.account_number,debtor.bank.issuer_name,debtor.bank.routing_number,creditor.name,creditor.account_number,creditor.bank.issuer_name,creditor.bank.routing_number,creditor.bank.onboarded_by,amount.value,amount.currency,remittance.information,remittance.reference,validation.message_validation,validation.participant_validation,validation.account_validation,validation.duplicate_check,risk_compliance.fraud_status,risk_compliance.sanctions_status,risk_compliance.aml_status,risk_compliance.compliance_status,network_response_control.request_timestamp,network_response_control.response_received,network_response_control.response_timestamp,network_response_control.response_time_ms,network_response_control.expected_response_sla_ms,network_response_control.network_timeout_flag,network_response_control.response_code,processing.decision,processing.settlement_status,processing.posting_status,originating_bank.name,originating_bank.bank_role,originating_bank.routing_number,originator.name,originator.identification,originator.account_number,originator.onboarded_by,originator.issuer_bank,receiver.name,receiver.account_number,receiver.account_type,receiver.routing_number,merchant_id,payment.transaction_code,payment.credit_debit,payment.amount,payment.currency,payment.effective_entry_date,payment.company_entry_description,ach_batch.batch_id,ach_batch.sec_code,ach_batch.service_class_code,ach_batch.batch_number,ach_file.file_id,ach_file.file_creation_date,ach_file.file_creation_time,ach_file.file_id_modifier,trace.trace_number,trace.original_trace_number,validation.routing_validation,validation.format_validation,file_batch_tracking.batch_status,settlement.expected_settlement_date,timestamps.received_at,timestamps.validated_at,timestamps.settled_at,timestamps.posted_at,payment.transaction_type,payment.created_at,payment.transaction_date,payment.payment_method.type,payment.payment_method.card_brand,payment.payment_method.card_number_masked,payment.payment_method.card_funding,payment.payment_method.card_category,merchant.merchant_id,merchant.legal_name,merchant.merchant_name,merchant.merchant_location.city,merchant.merchant_location.state,merchant.merchant_location.postal_code,merchant.merchant_location.country,transaction.amount,transaction.currency,transaction.authorization.status,transaction.authorization.authorization_code,transaction.authorization.authorization_timestamp,transaction.entry.entry_mode,transaction.entry.channel,references.trace_number,references.reference_id,references.order_id,processing.authorization_status,processing.capture_status,processing.reconciliation_status,risk.fraud_status,risk.cvv_result,risk.avs_result,format_validation_details.format_validation_status,format_validation_details.rejection_code,format_validation_details.rejection_reason,format_validation_details.field_level_errors,file_batch_tracking.settlement_batch_id,fraud_risk_indicators.new_merchant_risk.is_new_merchant,fraud_risk_indicators.new_merchant_risk.merchant_first_seen_date,fraud_risk_indicators.new_merchant_risk.prior_transaction_count_with_merchant,fraud_risk_indicators.new_merchant_risk.merchant_relationship_age_days,fraud_risk_indicators.new_merchant_risk.new_merchant_risk_flag,fraud_risk_indicators.structuring_detection.aggregate_amount_24h_same_card,payment_processor_name,merchant.payment_processor_name,wire_id,network.network,network.message_type,network.received_timestamp,network.settlement_status,identifiers.uetr,identifiers.imad,identifiers.message_id,identifiers.instruction_id,identifiers.transaction_id,identifiers.end_to_end_id,payment.value_date,debtor.address.street,debtor.address.city,debtor.address.state,debtor.address.postal_code,debtor.address.country,debtor_agent.issuer_bank,debtor_agent.routing_number,creditor.onboarded_by,creditor.address.city,creditor.address.state,creditor.address.country,creditor_agent.name,creditor_agent.routing_number,processing.account_validation,processing.sanctions_screening,processing.aml_screening,processing.fraud_screening,processing.compliance_status,audit.received_timestamp
FEDNOW,PRE,FN-MTB-100328,INDIVIDUAL,IND-0071,EXTERNAL_INDIVIDUAL,EXT-P-9821,CREDIT,,,,,,,,,,,,,,,,,,,,,,PASSED,,,[],,,,,,,,,,,,,,,False,0,,IDEMP-FN-MTB-100328,,PASSED,False,2024-06-18 00:00:00,52,740,False,5554035420,2,3,False,[],3,3,259.03,111.28,False,30,10000,0.008,92.7,[],False,,,,,,,,,,,,NOT_APPLICABLE,,,,,,,,MTB-IP-20260628-40624,FN-MTB-100328,FEDNOW,FEDERAL_RESERVE_FEDNOW,pacs.008,IN_PROCESS,MSG-FN-202606284069,INS-FN-849910,E2E-FN-665684363,2026-06-28T15:29:46Z,Andrew Thompson,5523014482,Cascade Point Bank,8580377,George Hernandez,5554035420,Meridian Trust Bank,MTB0000001,Meridian Trust Bank,77.1,USD,Invoice payment,INV-53168,PASSED,PASSED,PASSED,PASSED,PASSED,PASSED,PASSED,PASSED,2026-06-28T15:29:46Z,True,2026-06-28T15:29:51Z,3729,10000,False,0,ACCEPT,PENDING,PENDING,,,,,,,,,,,,,,,,,,,,,,,,,,,,,,,,,,,,,,,,,,,,,,,,,,,,,,,,,,,,,,,,,,,,,,,,,,,,,,,,,,,,,,,,,,,,,,,,,,,,,,,,,,,,,,,,
FEDNOW,PRE,FN-MTB-100337,INDIVIDUAL,IND-0073,EXTERNAL_INDIVIDUAL,EXT-P-7579,CREDIT,,,,,,,,,,,,,,,,,,,,,,PASSED,,,[],,,,,,,,,,,,,,,False,0,,IDEMP-FN-MTB-100337,,PASSED,False,2024-06-02 00:00:00,54,775,False,3719878466,1,5,False,[],5,12,947.07,441.48,True,60,10000,0.054,567.58,[],False,,,,,,,,,,,,NOT_APPLICABLE,,,,,,,,MTB-IP-20260717-96575,FN-MTB-100337,FEDNOW,FEDERAL_RESERVE_FEDNOW,pacs.008,IN_PROCESS,MSG-FN-202607174280,INS-FN-286638,E2E-FN-122606888,2026-07-17T23:09:14Z,Kimberly Jones,3596387716,Summit Ridge Bank,953105460,Susan Johnson,3719878466,Meridian Trust Bank,MTB0000001,Meridian Trust Bank,542.9,USD,P2P transfer,INV-84138,PASSED,PASSED,PASSED,PASSED,PASSED,PASSED,PASSED,PASSED,2026-07-17T23:09:14Z,True,2026-07-17T23:09:22Z,683,10000,False,0,ACCEPT,PENDING,PENDING,,,,,,,,,,,,,,,,,,,,,,,,,,,,,,,,,,,,,,,,,,,,,,,,,,,,,,,,,,,,,,,,,,,,,,,,,,,,,,,,,,,,,,,,,,,,,,,,,,,,,,,,,,,,,,,,
FEDNOW,PRE,FN-MTB-100325,INDIVIDUAL,IND-0030,EXTERNAL_INDIVIDUAL,EXT-P-3652,CREDIT,,,,,,,,,,,,,,,,,,,,,,PASSED,,,[],,,,,,,,,,,,,,,False,0,,IDEMP-FN-MTB-100325,,PASSED,False,2024-04-04 00:00:00,52,838,False,6094968993,2,3,False,[],1,1,34414.84,21896.08,False,13,10000,1.978,23906.61,[],False,,,,,,,,,,,,NOT_APPLICABLE,,,,,,,,MTB-IP-20260721-69781,FN-MTB-100325,FEDNOW,FEDERAL_RESERVE_FEDNOW,pacs.008,IN_PROCESS,MSG-FN-202607211981,INS-FN-884215,E2E-FN-978746393,2026-07-21T23:46:11Z,James Lopez,9854270607,Ironbridge National Bank,664652842,Matthew Brown,6094968993,Meridian Trust Bank,MTB0000001,Meridian Trust Bank,19784.08,USD,P2P transfer,INV-30698,PASSED,PASSED,PASSED,PASSED,PASSED,PASSED,PASSED,PASSED,2026-07-21T23:46:11Z,True,2026-07-21T23:46:21Z,188,10000,False,5,ACCEPT,PENDING,PENDING,,,,,,,,,,,,,,,,,,,,,,,,,,,,,,,,,,,,,,,,,,,,,,,,,,,,,,,,,,,,,,,,,,,,,,,,,,,,,,,,,,,,,,,,,,,,,,,,,,,,,,,,,,,,,,,,
FEDNOW,PRE,FN-MTB-100350,INDIVIDUAL,IND-0003,EXTERNAL_INDIVIDUAL,EXT-P-1408,CREDIT,,,,,,,,,,,,,,,,,,,,,,PASSED,,,[],,,,,,,,,,,,,,,False,0,,IDEMP-FN-MTB-100350,,PASSED,False,2024-01-31 00:00:00,6,908,False,2998950352,5,8,True,[],1,10,34590.54,19980.08,False,52,10000,1.597,16633.09,[],False,,,,,,,,,,,,NOT_APPLICABLE,,,,,,,,MTB-IP-20260727-73743,FN-MTB-100350,FEDNOW,FEDERAL_RESERVE_FEDNOW,pacs.008,IN_PROCESS,MSG-FN-202607274345,INS-FN-733285,E2E-FN-923227451,2026-07-27T05:16:53Z,Matthew Flores,6143175553,Cascade Point Bank,321315071,Nancy Sanchez,2998950352,Meridian Trust Bank,MTB0000001,Meridian Trust Bank,15972.7,USD,P2P transfer,INV-82654,PASSED,PASSED,PASSED,PASSED,PASSED,PASSED,PASSED,PASSED,2026-07-27T05:16:53Z,True,2026-07-27T05:16:55Z,496,10000,False,0,ACCEPT,PENDING,PENDING,,,,,,,,,,,,,,,,,,,,,,,,,,,,,,,,,,,,,,,,,,,,,,,,,,,,,,,,,,,,,,,,,,,,,,,,,,,,,,,,,,,,,,,,,,,,,,,,,,,,,,,,,,,,,,,,
FEDNOW,PRE,FN-MTB-100400,MERCHANT,MERCH-010,EXTERNAL_INDIVIDUAL,EXT-P-3818,CREDIT,,,,,,,,,,,,,,,,,,,,,,PASSED,,,[],,,,,,,,,,,,,,,False,0,,IDEMP-FN-MTB-100400,,PASSED,True,2026-08-15 00:00:00,0,0,False,4806704660,3,3,False,[],3,6,74147.69,27942.57,False,46,10000,2.47,20741.37,[],False,,,,,,,,,,,,NOT_APPLICABLE,,,,,,,,MTB-IP-20260815-52045,FN-MTB-100400,FEDNOW,FEDERAL_RESERVE_FEDNOW,pacs.008,IN_PROCESS,MSG-FN-202608156447,INS-FN-342858,E2E-FN-408661601,2026-08-15T11:17:31Z,David Jones,5457881256,Cascade Point Bank,994289603,Wrenfield Pharmacy Group,4806704660,Meridian Trust Bank,MTB0000001,Vertex Commerce Pay,24699.84,USD,Vendor settlement,INV-49768,PASSED,PASSED,PASSED,PASSED,PASSED,PASSED,PASSED,PASSED,2026-08-15T11:17:31Z,True,2026-08-15T11:17:35Z,4231,10000,False,0,ACCEPT,PENDING,PENDING,,,,,,,,,,,,,,,,,,,,,,,,,,,,,,,,,,,,,,,,,,,,,,,,,,,,,,,,,,,,,,,,,,,,,,,,,,,,,,,,,,,,,,,,,,,,,,,,,,,,,,,,,,,,,,,,
FEDNOW,PRE,FN-MTB-100338,INDIVIDUAL,IND-0032,INDIVIDUAL,IND-0082,CREDIT,,,,,,,,,,,,,,,,,,,,,,PASSED,,,[],,,,,,,,,,,,,,,False,0,,IDEMP-FN-MTB-100338,,PASSED,False,2023-06-21 00:00:00,2,1126,False,1898877603,1,4,False,[],1,6,2582.8,1191.68,False,35,10000,0.084,994.58,[],False,,,,,,,,,,,,NOT_APPLICABLE,,,,,,,,MTB-IP-20260721-50697,FN-MTB-100338,FEDNOW,FEDERAL_RESERVE_FEDNOW,pacs.008,IN_PROCESS,MSG-FN-202607213282,INS-FN-943894,E2E-FN-585007425,2026-07-21T02:32:46Z,Donna Nguyen,1966677558,Ironbridge National Bank,191894200,Richard Clark,1898877603,Meridian Trust Bank,MTB0000001,Meridian Trust Bank,840.2,USD,Vendor settlement,INV-91844,PASSED,PASSED,PASSED,PASSED,PASSED,PASSED,PASSED,PASSED,2026-07-21T02:32:46Z,True,2026-07-21T02:32:54Z,2701,10000,False,0,ACCEPT,PENDING,PENDING,,,,,,,,,,,,,,,,,,,,,,,,,,,,,,,,,,,,,,,,,,,,,,,,,,,,,,,,,,,,,,,,,,,,,,,,,,,,,,,,,,,,,,,,,,,,,,,,,,,,,,,,,,,,,,,,
FEDNOW,PRE,FN-MTB-100370,MERCHANT,MERCH-009,INDIVIDUAL,IND-0080,CREDIT,,,,,,,,,,,,,,,,,,,,,,PASSED,,,[],,,,,,,,,,,,,,,False,0,,IDEMP-FN-MTB-100370,,PASSED,False,2023-10-12 00:00:00,5,1036,False,9446335263,1,3,False,[],2,12,16203.66,8502.69,False,58,10000,0.911,13165.14,[],False,,,,,,,,,,,,NOT_APPLICABLE,,,,,,,,MTB-IP-20260813-24823,FN-MTB-100370,FEDNOW,FEDERAL_RESERVE_FEDNOW,pacs.008,IN_PROCESS,MSG-FN-202608139024,INS-FN-284579,E2E-FN-572578733,2026-08-13T22:04:20Z,Emily Anderson,8611366363,Summit Ridge Bank,633379651,Copperfield Building Supply,9446335263,Meridian Trust Bank,MTB0000001,Northstar Payment Solutions,9107.43,USD,Invoice payment,INV-24858,PASSED,PASSED,PASSED,PASSED,PASSED,PASSED,PASSED,PASSED,2026-08-13T22:04:20Z,True,2026-08-13T22:04:21Z,3192,10000,False,0,ACCEPT,PENDING,PENDING,,,,,,,,,,,,,,,,,,,,,,,,,,,,,,,,,,,,,,,,,,,,,,,,,,,,,,,,,,,,,,,,,,,,,,,,,,,,,,,,,,,,,,,,,,,,,,,,,,,,,,,,,,,,,,,,
FEDNOW,PRE,FN-MTB-100361,MERCHANT,MERCH-008,EXTERNAL_INDIVIDUAL,EXT-P-8916,CREDIT,,,,,,,,,,,,,,,,,,,,,,PASSED,,,[],,,,,,,,,,,,,,,False,0,,IDEMP-FN-MTB-100361,,PASSED,False,2025-07-26 00:00:00,46,369,False,454372367,3,5,False,[],1,5,72939.95,29201.52,False,35,10000,1.745,16784.55,[],False,,,,,,,,,,,,NOT_APPLICABLE,,,,,,,,MTB-IP-20260730-17451,FN-MTB-100361,FEDNOW,FEDERAL_RESERVE_FEDNOW,pacs.008,IN_PROCESS,MSG-FN-202607302132,INS-FN-321845,E2E-FN-140063358,2026-07-30T02:48:13Z,Lisa Moore,7674184463,Ironbridge National Bank,260392506,Amberlane Textiles Co,454372367,Meridian Trust Bank,MTB0000001,BrightLedger Payments,17445.67,USD,P2P transfer,INV-45970,PASSED,PASSED,PASSED,PASSED,PASSED,PASSED,PASSED,PASSED,2026-07-30T02:48:13Z,True,2026-07-30T02:48:16Z,3539,10000,False,0,ACCEPT,PENDING,PENDING,,,,,,,,,,,,,,,,,,,,,,,,,,,,,,,,,,,,,,,,,,,,,,,,,,,,,,,,,,,,,,,,,,,,,,,,,,,,,,,,,,,,,,,,,,,,,,,,,,,,,,,,,,,,,,,,
FEDNOW,PRE,FN-MTB-100323,INDIVIDUAL,IND-0025,EXTERNAL_INDIVIDUAL,EXT-P-9628,CREDIT,,,,,,,,,,,,,,,,,,,,,,PASSED,,,[],,,,,,,,,,,,,,,False,0,,IDEMP-FN-MTB-100323,,PASSED,True,2026-08-14 00:00:00,0,0,True,9374062971,1,5,False,[],2,2,32292.55,25765.77,False,14,10000,0.974,8246.4,[],False,,,,,,,,,,,,NOT_APPLICABLE,,,,,,,,MTB-IP-20260814-55492,FN-MTB-100323,FEDNOW,FEDERAL_RESERVE_FEDNOW,pacs.008,IN_PROCESS,MSG-FN-202608147591,INS-FN-430648,E2E-FN-264045590,2026-08-14T06:54:51Z,David Anderson,1510752707,Cascade Point Bank,675370138,Mark Jackson,9374062971,Meridian Trust Bank,MTB0000001,Meridian Trust Bank,9742.37,USD,Vendor settlement,INV-85569,PASSED,PASSED,PASSED,PASSED,PASSED,PASSED,PASSED,PASSED,2026-08-14T06:54:51Z,True,2026-08-14T06:54:56Z,603,10000,False,51,ACCEPT,PENDING,PENDING,,,,,,,,,,,,,,,,,,,,,,,,,,,,,,,,,,,,,,,,,,,,,,,,,,,,,,,,,,,,,,,,,,,,,,,,,,,,,,,,,,,,,,,,,,,,,,,,,,,,,,,,,,,,,,,,
FEDNOW,PRE,FN-MTB-100377,MERCHANT,MERCH-001,EXTERNAL_INDIVIDUAL,EXT-P-6514,CREDIT,,,,,,,,,,,,,,,,,,,,,,PASSED,,,[],,,,,,,,,,,,,,,False,0,,IDEMP-FN-MTB-100377,,PASSED,False,2023-12-25 00:00:00,54,971,False,2813398050,3,6,False,[],1,7,70909.35,28341,False,46,10000,1.766,19751.22,[],False,,,,,,,,,,,,NOT_APPLICABLE,,,,,,,,MTB-IP-20260822-37581,FN-MTB-100377,FEDNOW,FEDERAL_RESERVE_FEDNOW,pacs.008,IN_PROCESS,MSG-FN-202608223620,INS-FN-850953,E2E-FN-547435901,2026-08-22T10:57:22Z,Timothy Robinson,5084219666,Summit Ridge Bank,542993519,Bluepeak Hardware Supply,2813398050,Meridian Trust Bank,MTB0000001,Meridian Trust Bank,17660.7,USD,P2P transfer,INV-44949,PASSED,PASSED,PASSED,PASSED,PASSED,PASSED,PASSED,PASSED,2026-08-22T10:57:22Z,True,2026-08-22T10:57:31Z,1732,10000,False,5,ACCEPT,PENDING,PENDING,,,,,,,,,,,,,,,,,,,,,,,,,,,,,,,,,,,,,,,,,,,,,,,,,,,,,,,,,,,,,,,,,,,,,,,,,,,,,,,,,,,,,,,,,,,,,,,,,,,,,,,,,,,,,,,,
FEDNOW,PRE,FN-MTB-100394,MERCHANT,MERCH-008,INDIVIDUAL,IND-0024,CREDIT,,,,,,,,,,,,,,,,,,,,,,PASSED,,,[],,,,,,,,,,,,,,,False,0,,IDEMP-FN-MTB-100394,,PASSED,False,2024-03-26 00:00:00,45,855,False,454372367,5,7,True,[],1,3,31739.29,10818.89,False,27,10000,1.608,19531.85,[],False,,,,,,,,,,,,NOT_APPLICABLE,,,,,,,,MTB-IP-20260729-76344,FN-MTB-100394,FEDNOW,FEDERAL_RESERVE_FEDNOW,pacs.008,IN_PROCESS,MSG-FN-202607296250,INS-FN-808736,E2E-FN-706539336,2026-07-29T20:13:30Z,Stephanie Williams,9324986869,Cascade Point Bank,527878548,Amberlane Textiles Co,454372367,Meridian Trust Bank,MTB0000001,BrightLedger Payments,16077.69,USD,Vendor settlement,INV-51274,PASSED,PASSED,PASSED,PASSED,PASSED,PASSED,PASSED,PASSED,2026-07-29T20:13:30Z,True,2026-07-29T20:13:40Z,4127,10000,False,0,ACCEPT,PENDING,PENDING,,,,,,,,,,,,,,,,,,,,,,,,,,,,,,,,,,,,,,,,,,,,,,,,,,,,,,,,,,,,,,,,,,,,,,,,,,,,,,,,,,,,,,,,,,,,,,,,,,,,,,,,,,,,,,,,
FEDNOW,PRE,FN-MTB-100357,MERCHANT,MERCH-002,EXTERNAL_INDIVIDUAL,EXT-P-4630,CREDIT,,,,,,,,,,,,,,,,,,,,,,PASSED,,,[],,,,,,,,,,,,,,,False,0,,IDEMP-FN-MTB-100357,,PASSED,True,2026-06-27 00:00:00,0,0,True,5123580257,1,4,False,[],2,7,48714.45,40353.93,False,35,10000,2.162,25596.45,[],False,,,,,,,,,,,,NOT_APPLICABLE,,,,,,,,MTB-IP-20260627-72626,FN-MTB-100357,FEDNOW,FEDERAL_RESERVE_FEDNOW,pacs.008,IN_PROCESS,MSG-FN-202606276909,INS-FN-495915,E2E-FN-231958723,2026-06-27T07:06:30Z,Ashley King,5204898363,Summit Ridge Bank,215526650,Crestline Office Outfitters,5123580257,Meridian Trust Bank,MTB0000001,Vertex Commerce Pay,21618.66,USD,P2P transfer,INV-72128,PASSED,PASSED,PASSED,PASSED,PASSED,PASSED,PASSED,PASSED,2026-06-27T07:06:30Z,True,2026-06-27T07:06:31Z,3944,10000,False,0,ACCEPT,PENDING,PENDING,,,,,,,,,,,,,,,,,,,,,,,,,,,,,,,,,,,,,,,,,,,,,,,,,,,,,,,,,,,,,,,,,,,,,,,,,,,,,,,,,,,,,,,,,,,,,,,,,,,,,,,,,,,,,,,,
FEDNOW,PRE,FN-MTB-100373,MERCHANT,MERCH-003,EXTERNAL_INDIVIDUAL,EXT-P-7163,CREDIT,,,,,,,,,,,,,,,,,,,,,,PASSED,,,[],,,,,,,,,,,,,,,False,0,,IDEMP-FN-MTB-100373,,PASSED,False,2025-03-30 00:00:00,40,458,False,8112126311,1,3,False,[],1,7,50310.14,27448.38,False,38,10000,2.28,24048.83,[],False,,,,,,,,,,,,NOT_APPLICABLE,,,,,,,,MTB-IP-20260701-41569,FN-MTB-100373,FEDNOW,FEDERAL_RESERVE_FEDNOW,pacs.008,IN_PROCESS,MSG-FN-202607016978,INS-FN-869882,E2E-FN-303394876,2026-07-01T05:41:26Z,Carol Robinson,9046579105,Cascade Point Bank,350660105,Harbor & Vine Grocers,8112126311,Meridian Trust Bank,MTB0000001,Northstar Payment Solutions,22802.38,USD,Vendor settlement,INV-66906,PASSED,PASSED,PASSED,PASSED,PASSED,PASSED,PASSED,PASSED,2026-07-01T05:41:26Z,True,2026-07-01T05:41:31Z,2333,10000,False,0,ACCEPT,PENDING,PENDING,,,,,,,,,,,,,,,,,,,,,,,,,,,,,,,,,,,,,,,,,,,,,,,,,,,,,,,,,,,,,,,,,,,,,,,,,,,,,,,,,,,,,,,,,,,,,,,,,,,,,,,,,,,,,,,,
FEDNOW,PRE,FN-MTB-100321,INDIVIDUAL,IND-0096,EXTERNAL_INDIVIDUAL,EXT-P-5212,CREDIT,,,,,,,,,,,,,,,,,,,,,,PASSED,,,[],,,,,,,,,,,,,,,False,0,,IDEMP-FN-MTB-100321,,PASSED,False,2023-05-01 00:00:00,5,1189,False,5507439922,1,4,False,[],1,5,1319.72,668.83,False,39,10000,0.038,321.22,[],False,,,,,,,,,,,,NOT_APPLICABLE,,,,,,,,MTB-IP-20260802-62590,FN-MTB-100321,FEDNOW,FEDERAL_RESERVE_FEDNOW,pacs.008,IN_PROCESS,MSG-FN-202608023669,INS-FN-941521,E2E-FN-614728872,2026-08-02T18:00:30Z,Andrew Lopez,6518629872,Ironbridge National Bank,264108046,Laura Jackson,5507439922,Meridian Trust Bank,MTB0000001,Meridian Trust Bank,383.8,USD,P2P transfer,INV-76974,PASSED,PASSED,PASSED,PASSED,PASSED,PASSED,PASSED,PASSED,2026-08-02T18:00:30Z,True,2026-08-02T18:00:39Z,304,10000,False,51,ACCEPT,PENDING,PENDING,,,,,,,,,,,,,,,,,,,,,,,,,,,,,,,,,,,,,,,,,,,,,,,,,,,,,,,,,,,,,,,,,,,,,,,,,,,,,,,,,,,,,,,,,,,,,,,,,,,,,,,,,,,,,,,,
FEDNOW,PRE,FN-MTB-100356,MERCHANT,MERCH-010,EXTERNAL_INDIVIDUAL,EXT-P-3040,CREDIT,,,,,,,,,,,,,,,,,,,,,,FAILED,E317,Amount field exceeds allowed decimal precision,['E317'],,,,,,,,,,,,,,,False,0,,IDEMP-FN-MTB-100356,,PASSED,False,2024-09-23 00:00:00,12,681,False,4806704660,5,8,False,[],1,4,35128.24,14440.65,False,28,10000,1.436,18086.95,[],False,,,,,,,,,,,,NOT_APPLICABLE,,,,,,,,MTB-IP-20260805-90293,FN-MTB-100356,FEDNOW,FEDERAL_RESERVE_FEDNOW,pacs.008,IN_PROCESS,MSG-FN-202608056046,INS-FN-235588,E2E-FN-579775956,2026-08-05T20:21:49Z,Robert Miller,8094814360,Cascade Point Bank,889218613,Wrenfield Pharmacy Group,4806704660,Meridian Trust Bank,MTB0000001,Vertex Commerce Pay,14356.69,USD,Vendor settlement,INV-19372,FAILED,PASSED,PASSED,PASSED,PASSED,PASSED,PASSED,PASSED,2026-08-05T20:21:49Z,True,2026-08-05T20:21:59Z,798,10000,False,0,REJECT,PENDING,PENDING,,,,,,,,,,,,,,,,,,,,,,,,,,,,,,,,,,,,,,,,,,,,,,,,,,,,,,,,,,,,,,,,,,,,,,,,,,,,,,,,,,,,,,,,,,,,,,,,,,,,,,,,,,,,,,,,
FEDNOW,PRE,FN-MTB-100318,INDIVIDUAL,IND-0092,INDIVIDUAL,IND-0059,CREDIT,,,,,,,,,,,,,,,,,,,,,,PASSED,,,[],,,,,,,,,,,,,,,False,0,,IDEMP-FN-MTB-100318,,PASSED,True,2026-08-06 00:00:00,0,0,True,2524482775,3,4,False,[],1,6,78866.57,52934.95,False,34,10000,2.139,19316.6,[],False,,,,,,,,,,,,NOT_APPLICABLE,,,,,,,,MTB-IP-20260806-22887,FN-MTB-100318,FEDNOW,FEDERAL_RESERVE_FEDNOW,pacs.008,IN_PROCESS,MSG-FN-202608068299,INS-FN-230151,E2E-FN-817464764,2026-08-06T19:19:37Z,Donna Gonzalez,8945186273,Cascade Point Bank,853104441,Amanda Clark,2524482775,Meridian Trust Bank,MTB0000001,Meridian Trust Bank,21390.58,USD,Invoice payment,INV-67512,PASSED,PASSED,PASSED,PASSED,PASSED,PASSED,PASSED,PASSED,2026-08-06T19:19:37Z,True,2026-08-06T19:19:41Z,1169,10000,False,51,ACCEPT,PENDING,PENDING,,,,,,,,,,,,,,,,,,,,,,,,,,,,,,,,,,,,,,,,,,,,,,,,,,,,,,,,,,,,,,,,,,,,,,,,,,,,,,,,,,,,,,,,,,,,,,,,,,,,,,,,,,,,,,,,
FEDNOW,PRE,FN-MTB-100364,MERCHANT,MERCH-002,INDIVIDUAL,IND-0097,CREDIT,,,,,,,,,,,,,,,,,,,,,,PASSED,,,[],,,,,,,,,,,,,,,False,0,,IDEMP-FN-MTB-100364,,PASSED,False,2025-12-01 00:00:00,40,234,False,5123580257,1,3,False,[],1,2,30260.16,20408.44,False,19,10000,0.765,6873.67,[],False,,,,,,,,,,,,NOT_APPLICABLE,,,,,,,,MTB-IP-20260723-21137,FN-MTB-100364,FEDNOW,FEDERAL_RESERVE_FEDNOW,pacs.008,IN_PROCESS,MSG-FN-202607235684,INS-FN-469068,E2E-FN-542316827,2026-07-23T20:40:16Z,Linda Jones,2038646560,Summit Ridge Bank,33737043,Crestline Office Outfitters,5123580257,Meridian Trust Bank,MTB0000001,Vertex Commerce Pay,7646.58,USD,Vendor settlement,INV-70462,PASSED,PASSED,PASSED,PASSED,PASSED,PASSED,PASSED,PASSED,2026-07-23T20:40:16Z,True,2026-07-23T20:40:21Z,3673,10000,False,0,ACCEPT,PENDING,PENDING,,,,,,,,,,,,,,,,,,,,,,,,,,,,,,,,,,,,,,,,,,,,,,,,,,,,,,,,,,,,,,,,,,,,,,,,,,,,,,,,,,,,,,,,,,,,,,,,,,,,,,,,,,,,,,,,
FEDNOW,PRE,FN-MTB-100381,MERCHANT,MERCH-005,EXTERNAL_INDIVIDUAL,EXT-P-1313,CREDIT,,,,,,,,,,,,,,,,,,,,,,PASSED,,,[],,,,,,,,,,,,,,,False,0,,IDEMP-FN-MTB-100381,,PASSED,False,2024-06-22 00:00:00,38,738,False,2260323791,8,9,True,[],5,8,1092.73,532.55,False,45,10000,0.044,384.86,[],False,,,,,,,,,,,,NOT_APPLICABLE,,,,,,,,MTB-IP-20260630-76523,FN-MTB-100381,FEDNOW,FEDERAL_RESERVE_FEDNOW,pacs.008,IN_PROCESS,MSG-FN-202606305857,INS-FN-983518,E2E-FN-567075461,2026-06-30T12:47:18Z,James Brown,9216174439,Cascade Point Bank,634004917,Solstice Digital Print,2260323791,Meridian Trust Bank,MTB0000001,Meridian Trust Bank,437,USD,P2P transfer,INV-20759,PASSED,PASSED,PASSED,PASSED,PASSED,PASSED,PASSED,PASSED,2026-06-30T12:47:18Z,True,2026-06-30T12:47:19Z,3139,10000,False,0,ACCEPT,PENDING,PENDING,,,,,,,,,,,,,,,,,,,,,,,,,,,,,,,,,,,,,,,,,,,,,,,,,,,,,,,,,,,,,,,,,,,,,,,,,,,,,,,,,,,,,,,,,,,,,,,,,,,,,,,,,,,,,,,,
FEDNOW,PRE,FN-MTB-100383,MERCHANT,MERCH-008,EXTERNAL_INDIVIDUAL,EXT-P-9446,CREDIT,,,,,,,,,,,,,,,,,,,,,,PASSED,,,[],,,,,,,,,,,,,,,False,0,,IDEMP-FN-MTB-100383,,PASSED,False,2024-12-08 00:00:00,1,596,False,454372367,5,8,True,[],1,9,60199.94,39789.33,False,44,10000,2.394,21134.83,[],False,,,,,,,,,,,,NOT_APPLICABLE,,,,,,,,MTB-IP-20260727-18687,FN-MTB-100383,FEDNOW,FEDERAL_RESERVE_FEDNOW,pacs.008,IN_PROCESS,MSG-FN-202607274386,INS-FN-305769,E2E-FN-748949051,2026-07-27T13:39:22Z,Barbara Allen,4566467649,Cascade Point Bank,612659591,Amberlane Textiles Co,454372367,Meridian Trust Bank,MTB0000001,BrightLedger Payments,23939.1,USD,P2P transfer,INV-38620,PASSED,PASSED,PASSED,PASSED,PASSED,PASSED,PASSED,PASSED,2026-07-27T13:39:22Z,True,2026-07-27T13:39:31Z,2696,10000,False,0,ACCEPT,PENDING,PENDING,,,,,,,,,,,,,,,,,,,,,,,,,,,,,,,,,,,,,,,,,,,,,,,,,,,,,,,,,,,,,,,,,,,,,,,,,,,,,,,,,,,,,,,,,,,,,,,,,,,,,,,,,,,,,,,,
FEDNOW,PRE,FN-MTB-100336,INDIVIDUAL,IND-0001,EXTERNAL_INDIVIDUAL,EXT-P-4313,CREDIT,,,,,,,,,,,,,,,,,,,,,,PASSED,,,[],,,,,,,,,,,,,,,False,0,,IDEMP-FN-MTB-100336,,PASSED,False,2024-09-26 00:00:00,35,694,False,5581265757,1,3,False,[],5,6,1794.82,1231.15,False,37,10000,0.056,463.29,[],False,,,,,,,,,,,,NOT_APPLICABLE,,,,,,,,MTB-IP-20260821-32797,FN-MTB-100336,FEDNOW,FEDERAL_RESERVE_FEDNOW,pacs.008,IN_PROCESS,MSG-FN-202608215882,INS-FN-942258,E2E-FN-680802826,2026-08-21T17:55:31Z,Andrew Thompson,9211060492,Summit Ridge Bank,160324219,Karen Lee,5581265757,Meridian Trust Bank,MTB0000001,Meridian Trust Bank,559.44,USD,Invoice payment,INV-92715,PASSED,PASSED,PASSED,PASSED,PASSED,PASSED,PASSED,PASSED,2026-08-21T17:55:31Z,True,2026-08-21T17:55:35Z,1783,10000,False,5,ACCEPT,PENDING,PENDING,,,,,,,,,,,,,,,,,,,,,,,,,,,,,,,,,,,,,,,,,,,,,,,,,,,,,,,,,,,,,,,,,,,,,,,,,,,,,,,,,,,,,,,,,,,,,,,,,,,,,,,,,,,,,,,,
FEDNOW,PRE,FN-MTB-100352,MERCHANT,MERCH-004,EXTERNAL_INDIVIDUAL,EXT-P-2287,CREDIT,,,,,,,,,,,,,,,,,,,,,,PASSED,,,[],,,,,,,,,,,,,,,False,0,,IDEMP-FN-MTB-100352,,PASSED,False,2024-11-27 00:00:00,2,605,False,3061977058,1,3,False,[],1,4,6500.32,2828.9,False,35,10000,0.158,1330.92,[],False,,,,,,,,,,,,NOT_APPLICABLE,,,,,,,,MTB-IP-20260725-81697,FN-MTB-100352,FEDNOW,FEDERAL_RESERVE_FEDNOW,pacs.008,IN_PROCESS,MSG-FN-202607257302,INS-FN-628597,E2E-FN-315845690,2026-07-25T21:06:38Z,Matthew Brown,7550978252,Cascade Point Bank,495518109,Pinehollow Auto Parts,3061977058,Meridian Trust Bank,MTB0000001,Vertex Commerce Pay,1576.93,USD,P2P transfer,INV-17420,PASSED,PASSED,PASSED,PASSED,PASSED,PASSED,PASSED,PASSED,2026-07-25T21:06:38Z,True,2026-07-25T21:06:48Z,3666,10000,False,0,ACCEPT,PENDING,PENDING,,,,,,,,,,,,,,,,,,,,,,,,,,,,,,,,,,,,,,,,,,,,,,,,,,,,,,,,,,,,,,,,,,,,,,,,,,,,,,,,,,,,,,,,,,,,,,,,,,,,,,,,,,,,,,,,
FEDNOW,PRE,FN-MTB-100372,MERCHANT,MERCH-007,INDIVIDUAL,IND-0057,CREDIT,,,,,,,,,,,,,,,,,,,,,,PASSED,,,[],,,,,,,,,,,,,,,False,0,,IDEMP-FN-MTB-100372,,PASSED,True,2026-07-04 00:00:00,0,0,False,702250308,5,8,True,[],5,7,17365.19,8583.54,False,38,10000,0.427,3683.79,[],False,,,,,,,,,,,,NOT_APPLICABLE,,,,,,,,MTB-IP-20260704-99392,FN-MTB-100372,FEDNOW,FEDERAL_RESERVE_FEDNOW,pacs.008,IN_PROCESS,MSG-FN-202607042957,INS-FN-613523,E2E-FN-783563598,2026-07-04T05:48:37Z,Carol Wilson,3587432379,Ironbridge National Bank,399702812,Fernbrook Electronics,702250308,Meridian Trust Bank,MTB0000001,BrightLedger Payments,4267.35,USD,Invoice payment,INV-25913,PASSED,PASSED,PASSED,PASSED,PASSED,PASSED,PASSED,PASSED,2026-07-04T05:48:37Z,True,2026-07-04T05:48:41Z,1693,10000,False,0,ACCEPT,PENDING,PENDING,,,,,,,,,,,,,,,,,,,,,,,,,,,,,,,,,,,,,,,,,,,,,,,,,,,,,,,,,,,,,,,,,,,,,,,,,,,,,,,,,,,,,,,,,,,,,,,,,,,,,,,,,,,,,,,,
FEDNOW,PRE,FN-MTB-100358,MERCHANT,MERCH-001,EXTERNAL_INDIVIDUAL,EXT-P-2948,CREDIT,,,,,,,,,,,,,,,,,,,,,,PASSED,,,[],,,,,,,,,,,,,,,False,0,,IDEMP-FN-MTB-100358,,PASSED,False,2024-12-01 00:00:00,27,630,False,2813398050,3,6,False,[],1,7,57139.07,30935.26,False,46,10000,1.435,16126.24,[],False,,,,,,,,,,,,NOT_APPLICABLE,,,,,,,,MTB-IP-20260823-55286,FN-MTB-100358,FEDNOW,FEDERAL_RESERVE_FEDNOW,pacs.008,IN_PROCESS,MSG-FN-202608235059,INS-FN-240794,E2E-FN-735436536,2026-08-23T12:18:50Z,Cynthia Smith,9846686647,Summit Ridge Bank,522996015,Bluepeak Hardware Supply,2813398050,Meridian Trust Bank,MTB0000001,Meridian Trust Bank,14353.45,USD,P2P transfer,INV-27174,PASSED,PASSED,PASSED,PASSED,PASSED,PASSED,PASSED,PASSED,2026-08-23T12:18:50Z,True,2026-08-23T12:18:53Z,568,10000,False,0,ACCEPT,PENDING,PENDING,,,,,,,,,,,,,,,,,,,,,,,,,,,,,,,,,,,,,,,,,,,,,,,,,,,,,,,,,,,,,,,,,,,,,,,,,,,,,,,,,,,,,,,,,,,,,,,,,,,,,,,,,,,,,,,,
FEDNOW,PRE,FN-MTB-100398,MERCHANT,MERCH-001,EXTERNAL_INDIVIDUAL,EXT-P-1405,CREDIT,,,,,,,,,,,,,,,,,,,,,,PASSED,,,[],,,,,,,,,,,,,,,False,0,,IDEMP-FN-MTB-100398,,PASSED,False,2025-08-29 00:00:00,57,337,False,2813398050,1,2,False,[],1,3,27821.65,18160.85,False,21,10000,0.701,5907.24,[],False,,,,,,,,,,,,NOT_APPLICABLE,,,,,,,,MTB-IP-20260801-26062,FN-MTB-100398,FEDNOW,FEDERAL_RESERVE_FEDNOW,pacs.008,IN_PROCESS,MSG-FN-202608015560,INS-FN-109720,E2E-FN-803815157,2026-08-01T11:18:05Z,Jason Hernandez,943711298,Summit Ridge Bank,338153797,Bluepeak Hardware Supply,2813398050,Meridian Trust Bank,MTB0000001,Meridian Trust Bank,7012.31,USD,Vendor settlement,INV-85780,PASSED,PASSED,PASSED,PASSED,PASSED,PASSED,PASSED,PASSED,2026-08-01T11:18:05Z,True,2026-08-01T11:18:13Z,1446,10000,False,5,ACCEPT,PENDING,PENDING,,,,,,,,,,,,,,,,,,,,,,,,,,,,,,,,,,,,,,,,,,,,,,,,,,,,,,,,,,,,,,,,,,,,,,,,,,,,,,,,,,,,,,,,,,,,,,,,,,,,,,,,,,,,,,,,
FEDNOW,PRE,FN-MTB-100334,INDIVIDUAL,IND-0012,EXTERNAL_INDIVIDUAL,EXT-P-8241,CREDIT,,,,,,,,,,,,,,,,,,,,,,PASSED,,,[],,,,,,,,,,,,,,,False,0,,IDEMP-FN-MTB-100334,,PASSED,False,2023-12-05 00:00:00,41,975,False,1357947125,1,1,False,[],1,8,46758.24,18290.31,False,45,10000,1.156,9755.05,[],False,,,,,,,,,,,,NOT_APPLICABLE,,,,,,,,MTB-IP-20260806-62225,FN-MTB-100334,FEDNOW,FEDERAL_RESERVE_FEDNOW,pacs.008,IN_PROCESS,MSG-FN-202608062195,INS-FN-275370,E2E-FN-540504045,2026-08-06T17:06:21Z,Rebecca Flores,664584,Cascade Point Bank,653618288,Betty Thompson,1357947125,Meridian Trust Bank,MTB0000001,Meridian Trust Bank,11560.35,USD,Invoice payment,INV-37456,PASSED,PASSED,PASSED,PASSED,PASSED,PASSED,PASSED,PASSED,2026-08-06T17:06:21Z,True,2026-08-06T17:06:23Z,1546,10000,False,51,ACCEPT,PENDING,PENDING,,,,,,,,,,,,,,,,,,,,,,,,,,,,,,,,,,,,,,,,,,,,,,,,,,,,,,,,,,,,,,,,,,,,,,,,,,,,,,,,,,,,,,,,,,,,,,,,,,,,,,,,,,,,,,,,
FEDNOW,PRE,FN-MTB-100339,INDIVIDUAL,IND-0077,EXTERNAL_INDIVIDUAL,EXT-P-7750,CREDIT,,,,,,,,,,,,,,,,,,,,,,PASSED,,,[],,,,,,,,,,,,,,,False,0,,IDEMP-FN-MTB-100339,,PASSED,True,2026-08-01 00:00:00,0,0,False,1634242160,1,1,False,[],2,2,13149.01,8125.69,False,20,10000,0.35,3063.77,[],False,,,,,,,,,,,,NOT_APPLICABLE,,,,,,,,MTB-IP-20260801-42457,FN-MTB-100339,FEDNOW,FEDERAL_RESERVE_FEDNOW,pacs.008,IN_PROCESS,MSG-FN-202608016734,INS-FN-134402,E2E-FN-597756605,2026-08-01T04:50:51Z,Joshua Martinez,7928978353,Summit Ridge Bank,977907827,Karen Jones,1634242160,Meridian Trust Bank,MTB0000001,Meridian Trust Bank,3496.28,USD,Invoice payment,INV-27095,PASSED,PASSED,PASSED,PASSED,PASSED,PASSED,PASSED,PASSED,2026-08-01T04:50:51Z,True,2026-08-01T04:50:52Z,3826,10000,False,5,ACCEPT,PENDING,PENDING,,,,,,,,,,,,,,,,,,,,,,,,,,,,,,,,,,,,,,,,,,,,,,,,,,,,,,,,,,,,,,,,,,,,,,,,,,,,,,,,,,,,,,,,,,,,,,,,,,,,,,,,,,,,,,,,
FEDNOW,PRE,FN-MTB-100324,INDIVIDUAL,IND-0047,EXTERNAL_INDIVIDUAL,EXT-P-7365,CREDIT,,,,,,,,,,,,,,,,,,,,,,PASSED,,,[],,,,,,,,,,,,,,,False,0,,IDEMP-FN-MTB-100324,,PASSED,False,2026-04-25 00:00:00,2,68,False,7999633628,2,5,False,[],1,10,4566.8,1657.44,False,55,10000,0.239,2470.21,[],False,,,,,,,,,,,,NOT_APPLICABLE,,,,,,,,MTB-IP-20260702-16447,FN-MTB-100324,FEDNOW,FEDERAL_RESERVE_FEDNOW,pacs.008,IN_PROCESS,MSG-FN-202607027532,INS-FN-655828,E2E-FN-160429990,2026-07-02T20:55:15Z,Amanda Moore,9219855777,Cascade Point Bank,684827123,Barbara Scott,7999633628,Meridian Trust Bank,MTB0000001,Meridian Trust Bank,2390.7,USD,Invoice payment,INV-27017,PASSED,PASSED,PASSED,PASSED,PASSED,PASSED,PASSED,PASSED,2026-07-02T20:55:15Z,True,2026-07-02T20:55:24Z,2962,10000,False,0,ACCEPT,PENDING,PENDING,,,,,,,,,,,,,,,,,,,,,,,,,,,,,,,,,,,,,,,,,,,,,,,,,,,,,,,,,,,,,,,,,,,,,,,,,,,,,,,,,,,,,,,,,,,,,,,,,,,,,,,,,,,,,,,,
FEDNOW,PRE,FN-MTB-100322,INDIVIDUAL,IND-0100,EXTERNAL_INDIVIDUAL,EXT-P-4918,CREDIT,,,,,,,,,,,,,,,,,,,,,,PASSED,,,[],,,,,,,,,,,,,,,False,0,,IDEMP-FN-MTB-100322,,PASSED,False,2025-08-21 00:00:00,2,333,False,1304584672,1,3,False,[],1,11,4611.85,2708.8,False,59,10000,0.164,1875.28,[],False,,,,,,,,,,,,NOT_APPLICABLE,,,,,,,,MTB-IP-20260720-70400,FN-MTB-100322,FEDNOW,FEDERAL_RESERVE_FEDNOW,pacs.008,IN_PROCESS,MSG-FN-202607204086,INS-FN-109881,E2E-FN-764391060,2026-07-20T16:08:00Z,Carol Robinson,4811741882,Cascade Point Bank,69914588,Betty Wright,1304584672,Meridian Trust Bank,MTB0000001,Meridian Trust Bank,1640.7,USD,P2P transfer,INV-42615,PASSED,PASSED,PASSED,PASSED,PASSED,PASSED,PASSED,PASSED,2026-07-20T16:08:00Z,True,2026-07-20T16:08:03Z,3825,10000,False,5,ACCEPT,PENDING,PENDING,,,,,,,,,,,,,,,,,,,,,,,,,,,,,,,,,,,,,,,,,,,,,,,,,,,,,,,,,,,,,,,,,,,,,,,,,,,,,,,,,,,,,,,,,,,,,,,,,,,,,,,,,,,,,,,,
FEDNOW,PRE,FN-MTB-100306,INDIVIDUAL,IND-0031,EXTERNAL_INDIVIDUAL,EXT-P-2379,CREDIT,,,,,,,,,,,,,,,,,,,,,,PASSED,,,[],,,,,,,,,,,,,,,False,0,,IDEMP-FN-MTB-100306,,PASSED,False,2023-06-23 00:00:00,26,1124,False,5283448863,1,1,False,[],3,4,1518.84,845.45,False,34,10000,0.105,1132.08,[],False,,,,,,,,,,,,NOT_APPLICABLE,,,,,,,,MTB-IP-20260721-66395,FN-MTB-100306,FEDNOW,FEDERAL_RESERVE_FEDNOW,pacs.008,IN_PROCESS,MSG-FN-202607216577,INS-FN-811079,E2E-FN-554286906,2026-07-21T23:51:37Z,Jason Ramirez,1747298896,Summit Ridge Bank,91382696,Kimberly Anderson,5283448863,Meridian Trust Bank,MTB0000001,Meridian Trust Bank,1047.59,USD,P2P transfer,INV-26314,PASSED,PASSED,PASSED,PASSED,PASSED,PASSED,PASSED,PASSED,2026-07-21T23:51:37Z,True,2026-07-21T23:51:44Z,4080,10000,False,51,ACCEPT,PENDING,PENDING,,,,,,,,,,,,,,,,,,,,,,,,,,,,,,,,,,,,,,,,,,,,,,,,,,,,,,,,,,,,,,,,,,,,,,,,,,,,,,,,,,,,,,,,,,,,,,,,,,,,,,,,,,,,,,,,
FEDNOW,PRE,FN-MTB-100514,MERCHANT,MERCH-006,EXTERNAL_INDIVIDUAL,EXT-P-7167,CREDIT,,,,,,,,,,,,,,,,,,,,,,PASSED,,,[],,,,,,,,,,,,,,,True,1,FN-MTB-100390,IDEMP-FN-MTB-100390,,FLAGGED,False,2026-05-27 00:00:00,26,49,False,3264421990,2,6,False,[],1,9,1822.29,705.55,False,49,10000,0.06,669.52,[],False,,,,,,,,,,,,NOT_APPLICABLE,,,,,,,,MTB-IP-20260715-60457,FN-MTB-100514,FEDNOW,FEDERAL_RESERVE_FEDNOW,pacs.008,IN_PROCESS,MSG-FN-202607154624,INS-FN-549094,E2E-FN-989871856,2026-07-15T13:41:37Z,George Clark,6275384712,Ironbridge National Bank,388200909,Redgate Wholesale Foods,3264421990,Meridian Trust Bank,MTB0000001,Meridian Trust Bank,596.29,USD,Vendor settlement,INV-49778,PASSED,PASSED,PASSED,PASSED,PASSED,PASSED,PASSED,PASSED,2026-07-15T13:41:37Z,True,2026-07-15T13:41:40Z,877,10000,False,0,ACCEPT,PENDING,PENDING,,,,,,,,,,,,,,,,,,,,,,,,,,,,,,,,,,,,,,,,,,,,,,,,,,,,,,,,,,,,,,,,,,,,,,,,,,,,,,,,,,,,,,,,,,,,,,,,,,,,,,,,,,,,,,,,
FEDNOW,PRE,FN-MTB-100363,MERCHANT,MERCH-007,EXTERNAL_INDIVIDUAL,EXT-P-1095,CREDIT,,,,,,,,,,,,,,,,,,,,,,PASSED,,,[],,,,,,,,,,,,,,,False,0,,IDEMP-FN-MTB-100363,,PASSED,False,2025-09-03 00:00:00,12,326,False,702250308,3,6,False,[],1,2,96234.59,72431.44,False,16,10000,2.4,24987.49,[],False,,,,,,,,,,,,NOT_APPLICABLE,,,,,,,,MTB-IP-20260726-62000,FN-MTB-100363,FEDNOW,FEDERAL_RESERVE_FEDNOW,pacs.008,IN_PROCESS,MSG-FN-202607263712,INS-FN-421686,E2E-FN-919778431,2026-07-26T21:37:05Z,Edward Hernandez,8684585823,Cascade Point Bank,324028120,Fernbrook Electronics,702250308,Meridian Trust Bank,MTB0000001,BrightLedger Payments,24004.21,USD,Vendor settlement,INV-59823,PASSED,PASSED,PASSED,PASSED,PASSED,PASSED,PASSED,PASSED,2026-07-26T21:37:05Z,True,2026-07-26T21:37:14Z,3458,10000,False,5,ACCEPT,PENDING,PENDING,,,,,,,,,,,,,,,,,,,,,,,,,,,,,,,,,,,,,,,,,,,,,,,,,,,,,,,,,,,,,,,,,,,,,,,,,,,,,,,,,,,,,,,,,,,,,,,,,,,,,,,,,,,,,,,,
FEDNOW,PRE,FN-MTB-100369,MERCHANT,MERCH-008,EXTERNAL_INDIVIDUAL,EXT-P-9467,CREDIT,,,,,,,,,,,,,,,,,,,,,,PASSED,,,[],,,,,,,,,,,,,,,False,0,,IDEMP-FN-MTB-100369,,PASSED,False,2024-12-01 00:00:00,55,616,False,454372367,5,6,True,[],2,10,3610.51,1824.83,False,58,10000,0.13,1471.86,[],False,,,,,,,,,,,,NOT_APPLICABLE,,,,,,,,MTB-IP-20260809-35732,FN-MTB-100369,FEDNOW,FEDERAL_RESERVE_FEDNOW,pacs.008,IN_PROCESS,MSG-FN-202608094976,INS-FN-920670,E2E-FN-751219467,2026-08-09T16:58:32Z,Joseph Lee,697552860,Summit Ridge Bank,990179544,Amberlane Textiles Co,454372367,Meridian Trust Bank,MTB0000001,BrightLedger Payments,1298.25,USD,Vendor settlement,INV-12017,PASSED,PASSED,PASSED,PASSED,PASSED,PASSED,PASSED,PASSED,2026-08-09T16:58:32Z,True,2026-08-09T16:58:35Z,4048,10000,False,51,ACCEPT,PENDING,PENDING,,,,,,,,,,,,,,,,,,,,,,,,,,,,,,,,,,,,,,,,,,,,,,,,,,,,,,,,,,,,,,,,,,,,,,,,,,,,,,,,,,,,,,,,,,,,,,,,,,,,,,,,,,,,,,,,
FEDNOW,PRE,FN-MTB-100329,INDIVIDUAL,IND-0084,EXTERNAL_INDIVIDUAL,EXT-P-2108,CREDIT,,,,,,,,,,,,,,,,,,,,,,PASSED,,,[],,,,,,,,,,,,,,,False,0,,IDEMP-FN-MTB-100329,,PASSED,False,2026-01-22 00:00:00,1,187,False,5383925378,1,4,False,[],5,6,58415.61,19656.76,False,38,10000,2.481,29768.06,[],False,,,,,,,,,,,,NOT_APPLICABLE,,,,,,,,MTB-IP-20260728-57616,FN-MTB-100329,FEDNOW,FEDERAL_RESERVE_FEDNOW,pacs.008,IN_PROCESS,MSG-FN-202607282185,INS-FN-410159,E2E-FN-477428491,2026-07-28T12:52:33Z,Thomas Scott,7303931702,Cascade Point Bank,158288357,James Clark,5383925378,Meridian Trust Bank,MTB0000001,Meridian Trust Bank,24807.16,USD,Invoice payment,INV-66308,PASSED,PASSED,PASSED,PASSED,PASSED,PASSED,PASSED,PASSED,2026-07-28T12:52:33Z,True,2026-07-28T12:52:35Z,1697,10000,False,91,ACCEPT,PENDING,PENDING,,,,,,,,,,,,,,,,,,,,,,,,,,,,,,,,,,,,,,,,,,,,,,,,,,,,,,,,,,,,,,,,,,,,,,,,,,,,,,,,,,,,,,,,,,,,,,,,,,,,,,,,,,,,,,,,
FEDNOW,PRE,FN-MTB-100349,INDIVIDUAL,IND-0034,INDIVIDUAL,IND-0083,CREDIT,,,,,,,,,,,,,,,,,,,,,,PASSED,,,[],,,,,,,,,,,,,,,False,0,,IDEMP-FN-MTB-100349,,PASSED,False,2025-05-11 00:00:00,40,435,False,9113537618,2,5,False,[],2,11,1271.73,918.38,False,58,10000,0.125,1101.12,[],False,,,,,,,,,,,,NOT_APPLICABLE,,,,,,,,MTB-IP-20260720-88585,FN-MTB-100349,FEDNOW,FEDERAL_RESERVE_FEDNOW,pacs.008,IN_PROCESS,MSG-FN-202607209540,INS-FN-895396,E2E-FN-693164103,2026-07-20T01:14:32Z,Thomas Wright,8958863975,Ironbridge National Bank,750036879,Amanda Hernandez,9113537618,Meridian Trust Bank,MTB0000001,Meridian Trust Bank,1254.32,USD,Vendor settlement,INV-46144,PASSED,PASSED,PASSED,PASSED,PASSED,PASSED,PASSED,PASSED,2026-07-20T01:14:32Z,True,2026-07-20T01:14:37Z,3853,10000,False,91,ACCEPT,PENDING,PENDING,,,,,,,,,,,,,,,,,,,,,,,,,,,,,,,,,,,,,,,,,,,,,,,,,,,,,,,,,,,,,,,,,,,,,,,,,,,,,,,,,,,,,,,,,,,,,,,,,,,,,,,,,,,,,,,,
FEDNOW,PRE,FN-MTB-100319,INDIVIDUAL,IND-0007,EXTERNAL_INDIVIDUAL,EXT-P-7276,CREDIT,,,,,,,,,,,,,,,,,,,,,,PASSED,,,[],,,,,,,,,,,,,,,False,0,,IDEMP-FN-MTB-100319,,PASSED,False,2026-06-12 00:00:00,55,31,False,6799249566,3,7,False,[],1,6,5899.88,2505.4,False,36,10000,0.309,3783.11,[],False,,,,,,,,,,,,NOT_APPLICABLE,,,,,,,,MTB-IP-20260713-88772,FN-MTB-100319,FEDNOW,FEDERAL_RESERVE_FEDNOW,pacs.008,IN_PROCESS,MSG-FN-202607136299,INS-FN-470895,E2E-FN-303439469,2026-07-13T13:55:03Z,Sandra Wright,3631086144,Cascade Point Bank,88281169,Karen Robinson,6799249566,Meridian Trust Bank,MTB0000001,Meridian Trust Bank,3090.32,USD,Vendor settlement,INV-32270,PASSED,PASSED,PASSED,PASSED,PASSED,PASSED,PASSED,PASSED,2026-07-13T13:55:03Z,True,2026-07-13T13:55:07Z,4272,10000,False,5,ACCEPT,PENDING,PENDING,,,,,,,,,,,,,,,,,,,,,,,,,,,,,,,,,,,,,,,,,,,,,,,,,,,,,,,,,,,,,,,,,,,,,,,,,,,,,,,,,,,,,,,,,,,,,,,,,,,,,,,,,,,,,,,,
FEDNOW,PRE,FN-MTB-100391,MERCHANT,MERCH-009,EXTERNAL_INDIVIDUAL,EXT-P-2191,CREDIT,,,,,,,,,,,,,,,,,,,,,,PASSED,,,[],,,,,,,,,,,,,,,False,0,,IDEMP-FN-MTB-100391,,PASSED,False,2024-06-08 00:00:00,51,765,False,9446335263,3,3,False,[],1,1,1879.86,1307,False,19,10000,0.071,645.75,[],False,,,,,,,,,,,,NOT_APPLICABLE,,,,,,,,MTB-IP-20260713-11752,FN-MTB-100391,FEDNOW,FEDERAL_RESERVE_FEDNOW,pacs.008,IN_PROCESS,MSG-FN-202607131911,INS-FN-199310,E2E-FN-682685479,2026-07-13T21:22:03Z,Thomas Moore,6269125035,Ironbridge National Bank,171287897,Copperfield Building Supply,9446335263,Meridian Trust Bank,MTB0000001,Northstar Payment Solutions,712.67,USD,Invoice payment,INV-12075,PASSED,PASSED,PASSED,PASSED,PASSED,PASSED,PASSED,PASSED,2026-07-13T21:22:03Z,True,2026-07-13T21:22:11Z,1739,10000,False,5,ACCEPT,PENDING,PENDING,,,,,,,,,,,,,,,,,,,,,,,,,,,,,,,,,,,,,,,,,,,,,,,,,,,,,,,,,,,,,,,,,,,,,,,,,,,,,,,,,,,,,,,,,,,,,,,,,,,,,,,,,,,,,,,,
FEDNOW,PRE,FN-MTB-100331,INDIVIDUAL,IND-0026,EXTERNAL_INDIVIDUAL,EXT-P-6003,CREDIT,,,,,,,,,,,,,,,,,,,,,,PASSED,,,[],,,,,,,,,,,,,,,False,0,,IDEMP-FN-MTB-100331,,PASSED,False,2025-12-12 00:00:00,28,245,False,3953571611,5,7,True,[],1,6,3486.01,2115.62,False,34,10000,0.158,1434.62,[],False,,,,,,,,,,,,NOT_APPLICABLE,,,,,,,,MTB-IP-20260814-81644,FN-MTB-100331,FEDNOW,FEDERAL_RESERVE_FEDNOW,pacs.008,IN_PROCESS,MSG-FN-202608149167,INS-FN-495845,E2E-FN-334324879,2026-08-14T09:29:29Z,Andrew Young,291130890,Cascade Point Bank,445482864,Kathleen Clark,3953571611,Meridian Trust Bank,MTB0000001,Meridian Trust Bank,1575.99,USD,Vendor settlement,INV-56334,PASSED,PASSED,PASSED,PASSED,PASSED,PASSED,PASSED,PASSED,2026-08-14T09:29:29Z,False,,,10000,True,,ACCEPT,PENDING,PENDING,,,,,,,,,,,,,,,,,,,,,,,,,,,,,,,,,,,,,,,,,,,,,,,,,,,,,,,,,,,,,,,,,,,,,,,,,,,,,,,,,,,,,,,,,,,,,,,,,,,,,,,,,,,,,,,,
FEDNOW,PRE,FN-MTB-100351,MERCHANT,MERCH-010,EXTERNAL_INDIVIDUAL,EXT-P-2973,CREDIT,,,,,,,,,,,,,,,,,,,,,,PASSED,,,[],,,,,,,,,,,,,,,False,0,,IDEMP-FN-MTB-100351,,PASSED,False,2024-10-28 00:00:00,11,642,False,4806704660,1,3,False,[],1,10,1583.32,688.84,False,51,10000,0.048,447.34,[],False,,,,,,,,,,,,NOT_APPLICABLE,,,,,,,,MTB-IP-20260801-66374,FN-MTB-100351,FEDNOW,FEDERAL_RESERVE_FEDNOW,pacs.008,IN_PROCESS,MSG-FN-202608019515,INS-FN-131828,E2E-FN-179773797,2026-08-01T02:50:11Z,Nancy Martinez,224711437,Cascade Point Bank,10412811,Wrenfield Pharmacy Group,4806704660,Meridian Trust Bank,MTB0000001,Vertex Commerce Pay,479.87,USD,Vendor settlement,INV-99066,PASSED,PASSED,PASSED,PASSED,PASSED,PASSED,PASSED,PASSED,2026-08-01T02:50:11Z,True,2026-08-01T02:50:15Z,2989,10000,False,51,ACCEPT,PENDING,PENDING,,,,,,,,,,,,,,,,,,,,,,,,,,,,,,,,,,,,,,,,,,,,,,,,,,,,,,,,,,,,,,,,,,,,,,,,,,,,,,,,,,,,,,,,,,,,,,,,,,,,,,,,,,,,,,,,
FEDNOW,PRE,FN-MTB-100389,MERCHANT,MERCH-010,EXTERNAL_INDIVIDUAL,EXT-P-1573,CREDIT,,,,,,,,,,,,,,,,,,,,,,PASSED,,,[],,,,,,,,,,,,,,,False,0,,IDEMP-FN-MTB-100389,,PASSED,False,2025-10-16 00:00:00,4,269,False,4806704660,1,1,False,[],2,8,3764.3,1367.1,False,54,10000,0.105,1354.8,[],False,,,,,,,,,,,,NOT_APPLICABLE,,,,,,,,MTB-IP-20260712-25767,FN-MTB-100389,FEDNOW,FEDERAL_RESERVE_FEDNOW,pacs.008,IN_PROCESS,MSG-FN-202607124151,INS-FN-175605,E2E-FN-527275368,2026-07-12T03:03:14Z,Susan Clark,3356998446,Summit Ridge Bank,931343754,Wrenfield Pharmacy Group,4806704660,Meridian Trust Bank,MTB0000001,Vertex Commerce Pay,1051.56,USD,Vendor settlement,INV-99096,PASSED,PASSED,PASSED,PASSED,PASSED,PASSED,PASSED,PASSED,2026-07-12T03:03:14Z,True,2026-07-12T03:03:19Z,1825,10000,False,5,ACCEPT,PENDING,PENDING,,,,,,,,,,,,,,,,,,,,,,,,,,,,,,,,,,,,,,,,,,,,,,,,,,,,,,,,,,,,,,,,,,,,,,,,,,,,,,,,,,,,,,,,,,,,,,,,,,,,,,,,,,,,,,,,
FEDNOW,PRE,FN-MTB-100387,MERCHANT,MERCH-002,EXTERNAL_INDIVIDUAL,EXT-P-1121,CREDIT,,,,,,,,,,,,,,,,,,,,,,PASSED,,,[],,,,,,,,,,,,,,,False,0,,IDEMP-FN-MTB-100387,,PASSED,False,2025-07-05 00:00:00,11,383,False,5123580257,3,3,False,[],1,1,7869.68,3641.42,False,17,10000,0.207,2591,[],False,,,,,,,,,,,,NOT_APPLICABLE,,,,,,,,MTB-IP-20260723-55777,FN-MTB-100387,FEDNOW,FEDERAL_RESERVE_FEDNOW,pacs.008,IN_PROCESS,MSG-FN-202607234352,INS-FN-920040,E2E-FN-552788393,2026-07-23T08:40:29Z,Robert Martinez,421153339,Summit Ridge Bank,873230910,Crestline Office Outfitters,5123580257,Meridian Trust Bank,MTB0000001,Vertex Commerce Pay,2070.15,USD,Invoice payment,INV-92377,PASSED,PASSED,PASSED,PASSED,PASSED,PASSED,PASSED,PASSED,2026-07-23T08:40:29Z,True,2026-07-23T08:40:32Z,3747,10000,False,0,ACCEPT,PENDING,PENDING,,,,,,,,,,,,,,,,,,,,,,,,,,,,,,,,,,,,,,,,,,,,,,,,,,,,,,,,,,,,,,,,,,,,,,,,,,,,,,,,,,,,,,,,,,,,,,,,,,,,,,,,,,,,,,,,
FEDNOW,PRE,FN-MTB-100396,MERCHANT,MERCH-004,EXTERNAL_INDIVIDUAL,EXT-P-6536,CREDIT,,,,,,,,,,,,,,,,,,,,,,PASSED,,,[],,,,,,,,,,,,,,,False,0,,IDEMP-FN-MTB-100396,,PASSED,False,2023-12-07 00:00:00,44,950,False,3061977058,8,12,False,[],3,12,8339.62,3892.27,False,58,10000,0.426,5333.43,[],False,,,,,,,,,,,,NOT_APPLICABLE,,,,,,,,MTB-IP-20260714-38253,FN-MTB-100396,FEDNOW,FEDERAL_RESERVE_FEDNOW,pacs.008,IN_PROCESS,MSG-FN-202607145177,INS-FN-720597,E2E-FN-644724625,2026-07-14T02:13:11Z,Lisa Taylor,5878951838,Ironbridge National Bank,204211015,Pinehollow Auto Parts,3061977058,Meridian Trust Bank,MTB0000001,Vertex Commerce Pay,4259.82,USD,P2P transfer,INV-17725,PASSED,PASSED,PASSED,PASSED,PASSED,PASSED,PASSED,PASSED,2026-07-14T02:13:11Z,True,2026-07-14T02:13:18Z,1949,10000,False,0,ACCEPT,PENDING,PENDING,,,,,,,,,,,,,,,,,,,,,,,,,,,,,,,,,,,,,,,,,,,,,,,,,,,,,,,,,,,,,,,,,,,,,,,,,,,,,,,,,,,,,,,,,,,,,,,,,,,,,,,,,,,,,,,,
FEDNOW,PRE,FN-MTB-100379,MERCHANT,MERCH-001,EXTERNAL_INDIVIDUAL,EXT-P-9093,CREDIT,,,,,,,,,,,,,,,,,,,,,,PASSED,,,[],,,,,,,,,,,,,,,False,0,,IDEMP-FN-MTB-100379,,PASSED,False,2023-11-26 00:00:00,20,970,False,2813398050,8,8,True,[],1,8,14676.94,6949.45,False,46,10000,0.774,6467.52,[],False,,,,,,,,,,,,NOT_APPLICABLE,,,,,,,,MTB-IP-20260723-98517,FN-MTB-100379,FEDNOW,FEDERAL_RESERVE_FEDNOW,pacs.008,IN_PROCESS,MSG-FN-202607238907,INS-FN-111094,E2E-FN-743116289,2026-07-23T03:18:53Z,Timothy Thompson,7872292644,Ironbridge National Bank,50828090,Bluepeak Hardware Supply,2813398050,Meridian Trust Bank,MTB0000001,Meridian Trust Bank,7741.37,USD,P2P transfer,INV-19104,PASSED,PASSED,PASSED,PASSED,PASSED,PASSED,PASSED,PASSED,2026-07-23T03:18:53Z,True,2026-07-23T03:18:57Z,956,10000,False,0,ACCEPT,PENDING,PENDING,,,,,,,,,,,,,,,,,,,,,,,,,,,,,,,,,,,,,,,,,,,,,,,,,,,,,,,,,,,,,,,,,,,,,,,,,,,,,,,,,,,,,,,,,,,,,,,,,,,,,,,,,,,,,,,,
FEDNOW,PRE,FN-MTB-100355,MERCHANT,MERCH-010,EXTERNAL_INDIVIDUAL,EXT-P-8492,CREDIT,,,,,,,,,,,,,,,,,,,,,,PASSED,,,[],,,,,,,,,,,,,,,False,0,,IDEMP-FN-MTB-100355,,PASSED,False,2025-03-12 00:00:00,59,495,False,4806704660,1,2,False,[],5,7,10154.52,6079.54,False,43,10000,0.967,19650.7,[],True,,,,,,,,,,,,NOT_APPLICABLE,,,,,,,,MTB-IP-20260720-46819,FN-MTB-100355,FEDNOW,FEDERAL_RESERVE_FEDNOW,pacs.008,IN_PROCESS,MSG-FN-202607207974,INS-FN-595748,E2E-FN-791317160,2026-07-20T00:05:31Z,Linda Thompson,6190664679,Ironbridge National Bank,673234340,Wrenfield Pharmacy Group,4806704660,Meridian Trust Bank,MTB0000001,Vertex Commerce Pay,9667.38,USD,Invoice payment,INV-23535,PASSED,PASSED,PASSED,PASSED,PASSED,PASSED,PASSED,PASSED,2026-07-20T00:05:31Z,True,2026-07-20T00:05:38Z,2433,10000,False,91,ACCEPT,PENDING,PENDING,,,,,,,,,,,,,,,,,,,,,,,,,,,,,,,,,,,,,,,,,,,,,,,,,,,,,,,,,,,,,,,,,,,,,,,,,,,,,,,,,,,,,,,,,,,,,,,,,,,,,,,,,,,,,,,,
FEDNOW,PRE,FN-MTB-100380,MERCHANT,MERCH-005,EXTERNAL_INDIVIDUAL,EXT-P-9203,CREDIT,,,,,,,,,,,,,,,,,,,,,,PASSED,,,[],,,,,,,,,,,,,,,False,0,,IDEMP-FN-MTB-100380,,PASSED,False,2023-11-09 00:00:00,17,990,False,2260323791,3,6,False,[],3,10,284.85,102.77,False,57,10000,0.008,92.46,[],False,,,,,,,,,,,,NOT_APPLICABLE,,,,,,,,MTB-IP-20260726-34646,FN-MTB-100380,FEDNOW,FEDERAL_RESERVE_FEDNOW,pacs.008,IN_PROCESS,MSG-FN-202607263680,INS-FN-119663,E2E-FN-405245414,2026-07-26T02:40:51Z,Jason Thompson,7712376387,Summit Ridge Bank,57505501,Solstice Digital Print,2260323791,Meridian Trust Bank,MTB0000001,Meridian Trust Bank,78.7,USD,Vendor settlement,INV-12779,PASSED,PASSED,PASSED,PASSED,PASSED,PASSED,PASSED,PASSED,2026-07-26T02:40:51Z,False,,,10000,True,,ACCEPT,PENDING,PENDING,,,,,,,,,,,,,,,,,,,,,,,,,,,,,,,,,,,,,,,,,,,,,,,,,,,,,,,,,,,,,,,,,,,,,,,,,,,,,,,,,,,,,,,,,,,,,,,,,,,,,,,,,,,,,,,,
FEDNOW,PRE,FN-MTB-100348,INDIVIDUAL,IND-0069,EXTERNAL_INDIVIDUAL,EXT-P-4173,CREDIT,,,,,,,,,,,,,,,,,,,,,,PASSED,,,[],,,,,,,,,,,,,,,False,0,,IDEMP-FN-MTB-100348,,PASSED,False,2025-12-09 00:00:00,15,206,False,3894960981,3,5,False,[],5,15,2667.83,1406.36,True,69,10000,0.086,1041.24,[],False,,,,,,,,,,,,NOT_APPLICABLE,,,,,,,,MTB-IP-20260703-21665,FN-MTB-100348,FEDNOW,FEDERAL_RESERVE_FEDNOW,pacs.008,IN_PROCESS,MSG-FN-202607034414,INS-FN-611492,E2E-FN-279135864,2026-07-03T13:36:06Z,Laura Hill,6265164050,Ironbridge National Bank,415378210,Melissa Williams,3894960981,Meridian Trust Bank,MTB0000001,Meridian Trust Bank,857.94,USD,Invoice payment,INV-28461,PASSED,PASSED,PASSED,PASSED,PASSED,PASSED,PASSED,PASSED,2026-07-03T13:36:06Z,True,2026-07-03T13:36:07Z,339,10000,False,0,ACCEPT,PENDING,PENDING,,,,,,,,,,,,,,,,,,,,,,,,,,,,,,,,,,,,,,,,,,,,,,,,,,,,,,,,,,,,,,,,,,,,,,,,,,,,,,,,,,,,,,,,,,,,,,,,,,,,,,,,,,,,,,,,
FEDNOW,PRE,FN-MTB-100332,INDIVIDUAL,IND-0098,EXTERNAL_INDIVIDUAL,EXT-P-7215,CREDIT,,,,,,,,,,,,,,,,,,,,,,PASSED,,,[],,,,,,,,,,,,,,,False,0,,IDEMP-FN-MTB-100332,,PASSED,False,2023-12-02 00:00:00,16,994,False,8260179870,2,5,False,[],5,7,23195.65,13402.95,False,46,10000,1.174,13698.34,[],False,,,,,,,,,,,,NOT_APPLICABLE,,,,,,,,MTB-IP-20260822-45806,FN-MTB-100332,FEDNOW,FEDERAL_RESERVE_FEDNOW,pacs.008,IN_PROCESS,MSG-FN-202608222261,INS-FN-124111,E2E-FN-679562118,2026-08-22T04:56:24Z,Sandra Flores,7212247101,Summit Ridge Bank,65523528,William Miller,8260179870,Meridian Trust Bank,MTB0000001,Meridian Trust Bank,11737.36,USD,Vendor settlement,INV-56946,PASSED,PASSED,PASSED,PASSED,PASSED,PASSED,PASSED,PASSED,2026-08-22T04:56:24Z,True,2026-08-22T04:56:32Z,4286,10000,False,0,ACCEPT,PENDING,PENDING,,,,,,,,,,,,,,,,,,,,,,,,,,,,,,,,,,,,,,,,,,,,,,,,,,,,,,,,,,,,,,,,,,,,,,,,,,,,,,,,,,,,,,,,,,,,,,,,,,,,,,,,,,,,,,,,
FEDNOW,PRE,FN-MTB-100313,INDIVIDUAL,IND-0050,EXTERNAL_INDIVIDUAL,EXT-P-8596,CREDIT,,,,,,,,,,,,,,,,,,,,,,PASSED,,,[],,,,,,,,,,,,,,,False,0,,IDEMP-FN-MTB-100313,,PASSED,False,2026-04-16 00:00:00,32,124,False,3331981298,2,5,False,[],1,8,76968.79,29592.53,False,49,10000,1.846,22326.69,[],False,,,,,,,,,,,,NOT_APPLICABLE,,,,,,,,MTB-IP-20260818-46769,FN-MTB-100313,FEDNOW,FEDERAL_RESERVE_FEDNOW,pacs.008,IN_PROCESS,MSG-FN-202608187168,INS-FN-811819,E2E-FN-452048462,2026-08-18T07:05:02Z,Rebecca Anderson,5479459082,Cascade Point Bank,453474299,Amanda Hill,3331981298,Meridian Trust Bank,MTB0000001,Meridian Trust Bank,18464.51,USD,Invoice payment,INV-52056,PASSED,PASSED,PASSED,PASSED,PASSED,PASSED,PASSED,PASSED,2026-08-18T07:05:02Z,True,2026-08-18T07:05:03Z,1785,10000,False,91,ACCEPT,PENDING,PENDING,,,,,,,,,,,,,,,,,,,,,,,,,,,,,,,,,,,,,,,,,,,,,,,,,,,,,,,,,,,,,,,,,,,,,,,,,,,,,,,,,,,,,,,,,,,,,,,,,,,,,,,,,,,,,,,,
FEDNOW,PRE,FN-MTB-100366,MERCHANT,MERCH-004,EXTERNAL_INDIVIDUAL,EXT-P-5772,CREDIT,,,,,,,,,,,,,,,,,,,,,,PASSED,,,[],,,,,,,,,,,,,,,False,0,,IDEMP-FN-MTB-100366,,PASSED,False,2024-05-20 00:00:00,55,784,False,3061977058,5,8,True,[],1,6,170.79,83.43,False,44,10000,0.013,106.1,[],False,,,,,,,,,,,,NOT_APPLICABLE,,,,,,,,MTB-IP-20260713-52882,FN-MTB-100366,FEDNOW,FEDERAL_RESERVE_FEDNOW,pacs.008,IN_PROCESS,MSG-FN-202607139811,INS-FN-583124,E2E-FN-391884183,2026-07-13T22:07:03Z,Joshua Young,7434469834,Summit Ridge Bank,928042745,Pinehollow Auto Parts,3061977058,Meridian Trust Bank,MTB0000001,Vertex Commerce Pay,130.65,USD,P2P transfer,INV-49198,PASSED,PASSED,PASSED,PASSED,PASSED,PASSED,PASSED,PASSED,2026-07-13T22:07:03Z,False,,,10000,True,,ACCEPT,PENDING,PENDING,,,,,,,,,,,,,,,,,,,,,,,,,,,,,,,,,,,,,,,,,,,,,,,,,,,,,,,,,,,,,,,,,,,,,,,,,,,,,,,,,,,,,,,,,,,,,,,,,,,,,,,,,,,,,,,,
FEDNOW,PRE,FN-MTB-100375,MERCHANT,MERCH-007,EXTERNAL_INDIVIDUAL,EXT-P-5893,CREDIT,,,,,,,,,,,,,,,,,,,,,,PASSED,,,[],,,,,,,,,,,,,,,False,0,,IDEMP-FN-MTB-100375,,PASSED,False,2025-09-04 00:00:00,59,331,False,702250308,1,1,False,[],3,12,3218.5,2001.82,True,63,10000,0.193,1626.19,[],False,,,,,,,,,,,,NOT_APPLICABLE,,,,,,,,MTB-IP-20260801-45506,FN-MTB-100375,FEDNOW,FEDERAL_RESERVE_FEDNOW,pacs.008,IN_PROCESS,MSG-FN-202608018321,INS-FN-360968,E2E-FN-244721639,2026-08-01T14:00:54Z,Andrew Sanchez,2344750186,Cascade Point Bank,80057767,Fernbrook Electronics,702250308,Meridian Trust Bank,MTB0000001,BrightLedger Payments,1931.15,USD,Invoice payment,INV-43795,PASSED,PASSED,PASSED,PASSED,PASSED,PASSED,PASSED,PASSED,2026-08-01T14:00:54Z,True,2026-08-01T14:01:00Z,415,10000,False,91,ACCEPT,PENDING,PENDING,,,,,,,,,,,,,,,,,,,,,,,,,,,,,,,,,,,,,,,,,,,,,,,,,,,,,,,,,,,,,,,,,,,,,,,,,,,,,,,,,,,,,,,,,,,,,,,,,,,,,,,,,,,,,,,,
FEDNOW,PRE,FN-MTB-100517,INDIVIDUAL,IND-0083,EXTERNAL_INDIVIDUAL,EXT-P-2468,CREDIT,,,,,,,,,,,,,,,,,,,,,,PASSED,,,[],,,,,,,,,,,,,,,True,2,FN-MTB-100314,IDEMP-FN-MTB-100314,,PASSED,True,2026-07-12 00:00:00,0,0,False,8958863975,3,3,False,[],3,7,13151.39,10459.62,False,39,10000,0.576,5019.9,[],False,,,,,,,,,,,,NOT_APPLICABLE,,,,,,,,MTB-IP-20260712-87273,FN-MTB-100517,FEDNOW,FEDERAL_RESERVE_FEDNOW,pacs.008,IN_PROCESS,MSG-FN-202607129328,INS-FN-831985,E2E-FN-222206203,2026-07-12T14:57:10Z,Joshua Anderson,2363509101,Ironbridge National Bank,629483224,Thomas Wright,8958863975,Meridian Trust Bank,MTB0000001,Meridian Trust Bank,5759.45,USD,P2P transfer,INV-74751,PASSED,PASSED,PASSED,PASSED,PASSED,PASSED,PASSED,PASSED,2026-07-12T14:57:10Z,True,2026-07-12T14:57:16Z,4455,10000,False,51,ACCEPT,PENDING,PENDING,,,,,,,,,,,,,,,,,,,,,,,,,,,,,,,,,,,,,,,,,,,,,,,,,,,,,,,,,,,,,,,,,,,,,,,,,,,,,,,,,,,,,,,,,,,,,,,,,,,,,,,,,,,,,,,,
FEDNOW,PRE,FN-MTB-100384,MERCHANT,MERCH-007,EXTERNAL_INDIVIDUAL,EXT-P-1340,CREDIT,,,,,,,,,,,,,,,,,,,,,,PASSED,,,[],,,,,,,,,,,,,,,False,0,,IDEMP-FN-MTB-100384,,PASSED,False,2025-12-01 00:00:00,60,229,False,702250308,1,3,False,[],2,6,10016.64,6777.19,False,35,10000,0.946,10763.69,[],False,,,,,,,,,,,,NOT_APPLICABLE,,,,,,,,MTB-IP-20260718-46945,FN-MTB-100384,FEDNOW,FEDERAL_RESERVE_FEDNOW,pacs.008,IN_PROCESS,MSG-FN-202607182556,INS-FN-704388,E2E-FN-607700519,2026-07-18T11:03:09Z,William Wright,7280730752,Cascade Point Bank,443809617,Fernbrook Electronics,702250308,Meridian Trust Bank,MTB0000001,BrightLedger Payments,9456.14,USD,Vendor settlement,INV-37891,PASSED,PASSED,PASSED,PASSED,PASSED,PASSED,PASSED,PASSED,2026-07-18T11:03:09Z,True,2026-07-18T11:03:15Z,269,10000,False,0,ACCEPT,PENDING,PENDING,,,,,,,,,,,,,,,,,,,,,,,,,,,,,,,,,,,,,,,,,,,,,,,,,,,,,,,,,,,,,,,,,,,,,,,,,,,,,,,,,,,,,,,,,,,,,,,,,,,,,,,,,,,,,,,,
FEDNOW,PRE,FN-MTB-100312,INDIVIDUAL,IND-0045,EXTERNAL_INDIVIDUAL,EXT-P-9119,CREDIT,,,,,,,,,,,,,,,,,,,,,,PASSED,,,[],,,,,,,,,,,,,,,False,0,,IDEMP-FN-MTB-100312,,PASSED,False,2025-01-20 00:00:00,54,576,False,7563517919,8,10,True,[],2,9,17052.59,7886.89,False,48,10000,0.721,6223.46,[],False,,,,,,,,,,,,NOT_APPLICABLE,,,,,,,,MTB-IP-20260819-52954,FN-MTB-100312,FEDNOW,FEDERAL_RESERVE_FEDNOW,pacs.008,IN_PROCESS,MSG-FN-202608191063,INS-FN-693299,E2E-FN-772185638,2026-08-19T05:06:53Z,George Thompson,6669771415,Ironbridge National Bank,612015185,Kathleen Wilson,7563517919,Meridian Trust Bank,MTB0000001,Meridian Trust Bank,7209.94,USD,Invoice payment,INV-16840,PASSED,PASSED,PASSED,PASSED,PASSED,PASSED,PASSED,PASSED,2026-08-19T05:06:53Z,True,2026-08-19T05:06:55Z,2381,10000,False,0,ACCEPT,PENDING,PENDING,,,,,,,,,,,,,,,,,,,,,,,,,,,,,,,,,,,,,,,,,,,,,,,,,,,,,,,,,,,,,,,,,,,,,,,,,,,,,,,,,,,,,,,,,,,,,,,,,,,,,,,,,,,,,,,,
FEDNOW,PRE,FN-MTB-100311,INDIVIDUAL,IND-0048,EXTERNAL_INDIVIDUAL,EXT-P-9700,CREDIT,,,,,,,,,,,,,,,,,,,,,,PASSED,,,[],,,,,,,,,,,,,,,False,0,,IDEMP-FN-MTB-100311,,PASSED,True,2026-07-31 00:00:00,0,0,False,6143843573,1,3,False,[],3,13,568.61,190.88,False,66,10000,0.021,236.09,[],False,,,,,,,,,,,,NOT_APPLICABLE,,,,,,,,MTB-IP-20260731-64802,FN-MTB-100311,FEDNOW,FEDERAL_RESERVE_FEDNOW,pacs.008,IN_PROCESS,MSG-FN-202607316197,INS-FN-697124,E2E-FN-335914374,2026-07-31T10:54:51Z,Karen Hill,5897541429,Cascade Point Bank,375388741,Charles Williams,6143843573,Meridian Trust Bank,MTB0000001,Meridian Trust Bank,213.37,USD,Vendor settlement,INV-63830,PASSED,PASSED,PASSED,PASSED,PASSED,PASSED,PASSED,PASSED,2026-07-31T10:54:51Z,True,2026-07-31T10:54:57Z,1956,10000,False,5,ACCEPT,PENDING,PENDING,,,,,,,,,,,,,,,,,,,,,,,,,,,,,,,,,,,,,,,,,,,,,,,,,,,,,,,,,,,,,,,,,,,,,,,,,,,,,,,,,,,,,,,,,,,,,,,,,,,,,,,,,,,,,,,,
FEDNOW,PRE,FN-MTB-100340,INDIVIDUAL,IND-0027,EXTERNAL_INDIVIDUAL,EXT-P-2611,CREDIT,,,,,,,,,,,,,,,,,,,,,,PASSED,,,[],,,,,,,,,,,,,,,False,0,,IDEMP-FN-MTB-100340,,PASSED,False,2023-04-29 00:00:00,8,1192,False,6605332421,1,2,False,[],2,2,36617.74,15328.74,False,26,10000,0.855,10888.8,[],False,,,,,,,,,,,,NOT_APPLICABLE,,,,,,,,MTB-IP-20260803-74182,FN-MTB-100340,FEDNOW,FEDERAL_RESERVE_FEDNOW,pacs.008,IN_PROCESS,MSG-FN-202608039732,INS-FN-612968,E2E-FN-713397994,2026-08-03T14:31:06Z,Ronald Martin,4359628253,Ironbridge National Bank,847640217,Anthony Hill,6605332421,Meridian Trust Bank,MTB0000001,Meridian Trust Bank,8545.81,USD,Invoice payment,INV-97782,PASSED,PASSED,PASSED,PASSED,PASSED,PASSED,PASSED,PASSED,2026-08-03T14:31:06Z,True,2026-08-03T14:31:08Z,3463,10000,False,0,ACCEPT,PENDING,PENDING,,,,,,,,,,,,,,,,,,,,,,,,,,,,,,,,,,,,,,,,,,,,,,,,,,,,,,,,,,,,,,,,,,,,,,,,,,,,,,,,,,,,,,,,,,,,,,,,,,,,,,,,,,,,,,,,
FEDNOW,PRE,FN-MTB-100519,MERCHANT,MERCH-004,EXTERNAL_INDIVIDUAL,EXT-P-5772,CREDIT,,,,,,,,,,,,,,,,,,,,,,PASSED,,,[],,,,,,,,,,,,,,,True,2,FN-MTB-100366,IDEMP-FN-MTB-100366,,FLAGGED,False,2024-05-20 00:00:00,55,784,False,3061977058,5,8,True,[],1,6,170.79,83.43,False,44,10000,0.013,106.1,[],False,,,,,,,,,,,,NOT_APPLICABLE,,,,,,,,MTB-IP-20260713-52882,FN-MTB-100519,FEDNOW,FEDERAL_RESERVE_FEDNOW,pacs.008,IN_PROCESS,MSG-FN-202607139811,INS-FN-583124,E2E-FN-391884183,2026-07-13T22:07:03Z,Joshua Young,7434469834,Summit Ridge Bank,928042745,Pinehollow Auto Parts,3061977058,Meridian Trust Bank,MTB0000001,Vertex Commerce Pay,130.65,USD,P2P transfer,INV-49198,PASSED,PASSED,PASSED,PASSED,PASSED,PASSED,PASSED,PASSED,2026-07-13T22:07:03Z,False,,,10000,True,,ACCEPT,PENDING,PENDING,,,,,,,,,,,,,,,,,,,,,,,,,,,,,,,,,,,,,,,,,,,,,,,,,,,,,,,,,,,,,,,,,,,,,,,,,,,,,,,,,,,,,,,,,,,,,,,,,,,,,,,,,,,,,,,,
FEDNOW,PRE,FN-MTB-100301,INDIVIDUAL,IND-0061,EXTERNAL_INDIVIDUAL,EXT-P-6461,CREDIT,,,,,,,,,,,,,,,,,,,,,,PASSED,,,[],,,,,,,,,,,,,,,False,0,,IDEMP-FN-MTB-100301,,PASSED,False,2026-01-30 00:00:00,58,201,False,3264385502,3,3,False,[],1,6,5581.88,2105.69,False,37,10000,0.227,2196.1,[],False,,,,,,,,,,,,NOT_APPLICABLE,,,,,,,,MTB-IP-20260819-97749,FN-MTB-100301,FEDNOW,FEDERAL_RESERVE_FEDNOW,pacs.008,IN_PROCESS,MSG-FN-202608192963,INS-FN-546819,E2E-FN-841024134,2026-08-19T16:28:14Z,Patricia Wright,8447376563,Ironbridge National Bank,895296115,Linda Scott,3264385502,Meridian Trust Bank,MTB0000001,Meridian Trust Bank,2269.39,USD,P2P transfer,INV-86026,PASSED,PASSED,PASSED,PASSED,PASSED,PASSED,PASSED,PASSED,2026-08-19T16:28:14Z,True,2026-08-19T16:28:21Z,2291,10000,False,0,ACCEPT,PENDING,PENDING,,,,,,,,,,,,,,,,,,,,,,,,,,,,,,,,,,,,,,,,,,,,,,,,,,,,,,,,,,,,,,,,,,,,,,,,,,,,,,,,,,,,,,,,,,,,,,,,,,,,,,,,,,,,,,,,
FEDNOW,PRE,FN-MTB-100303,INDIVIDUAL,IND-0089,EXTERNAL_INDIVIDUAL,EXT-P-3942,CREDIT,,,,,,,,,,,,,,,,,,,,,,PASSED,,,[],,,,,,,,,,,,,,,False,0,,IDEMP-FN-MTB-100303,,PASSED,False,2026-01-25 00:00:00,23,153,False,4430016252,1,4,False,[],5,14,36991.64,16820.39,True,67,10000,0.902,11635.28,[],False,,,,,,,,,,,,NOT_APPLICABLE,,,,,,,,MTB-IP-20260627-71550,FN-MTB-100303,FEDNOW,FEDERAL_RESERVE_FEDNOW,pacs.008,IN_PROCESS,MSG-FN-202606278831,INS-FN-337888,E2E-FN-123559267,2026-06-27T02:56:46Z,Anthony Hernandez,4482037386,Ironbridge National Bank,610820054,David Lewis,4430016252,Meridian Trust Bank,MTB0000001,Meridian Trust Bank,9020.7,USD,Vendor settlement,INV-55151,PASSED,PASSED,PASSED,PASSED,PASSED,PASSED,PASSED,PASSED,2026-06-27T02:56:46Z,False,,,10000,True,,ACCEPT,PENDING,PENDING,,,,,,,,,,,,,,,,,,,,,,,,,,,,,,,,,,,,,,,,,,,,,,,,,,,,,,,,,,,,,,,,,,,,,,,,,,,,,,,,,,,,,,,,,,,,,,,,,,,,,,,,,,,,,,,,
FEDNOW,PRE,FN-MTB-100376,MERCHANT,MERCH-007,EXTERNAL_INDIVIDUAL,EXT-P-7809,CREDIT,,,,,,,,,,,,,,,,,,,,,,FAILED,E204,Invalid SEC/transaction code,['E204'],,,,,,,,,,,,,,,False,0,,IDEMP-FN-MTB-100376,,PASSED,False,2025-10-30 00:00:00,7,265,False,702250308,1,2,False,[],1,8,5186.4,2836.31,False,51,10000,0.184,2327.24,[],False,,,,,,,,,,,,NOT_APPLICABLE,,,,,,,,MTB-IP-20260722-31800,FN-MTB-100376,FEDNOW,FEDERAL_RESERVE_FEDNOW,pacs.008,IN_PROCESS,MSG-FN-202607226630,INS-FN-241072,E2E-FN-730739850,2026-07-22T08:47:14Z,Edward Gonzalez,40867361,Summit Ridge Bank,860319317,Fernbrook Electronics,702250308,Meridian Trust Bank,MTB0000001,BrightLedger Payments,1844.65,USD,P2P transfer,INV-97127,FAILED,PASSED,PASSED,PASSED,PASSED,PASSED,PASSED,PASSED,2026-07-22T08:47:14Z,True,2026-07-22T08:47:21Z,3114,10000,False,5,REJECT,PENDING,PENDING,,,,,,,,,,,,,,,,,,,,,,,,,,,,,,,,,,,,,,,,,,,,,,,,,,,,,,,,,,,,,,,,,,,,,,,,,,,,,,,,,,,,,,,,,,,,,,,,,,,,,,,,,,,,,,,,
FEDNOW,PRE,FN-MTB-100330,INDIVIDUAL,IND-0031,EXTERNAL_INDIVIDUAL,EXT-P-3210,CREDIT,,,,,,,,,,,,,,,,,,,,,,PASSED,,,[],,,,,,,,,,,,,,,False,0,,IDEMP-FN-MTB-100330,,PASSED,False,2025-06-07 00:00:00,30,428,False,5283448863,2,5,False,[],1,6,274.03,111.4,False,44,10000,0.015,164.2,[],False,,,,,,,,,,,,NOT_APPLICABLE,,,,,,,,MTB-IP-20260809-71123,FN-MTB-100330,FEDNOW,FEDERAL_RESERVE_FEDNOW,pacs.008,IN_PROCESS,MSG-FN-202608095080,INS-FN-891720,E2E-FN-990651959,2026-08-09T15:35:52Z,Maria Walker,8635178434,Cascade Point Bank,633904715,Kimberly Anderson,5283448863,Meridian Trust Bank,MTB0000001,Meridian Trust Bank,151.31,USD,P2P transfer,INV-21316,PASSED,PASSED,PASSED,PASSED,PASSED,PASSED,PASSED,PASSED,2026-08-09T15:35:52Z,True,2026-08-09T15:35:54Z,4055,10000,False,0,ACCEPT,PENDING,PENDING,,,,,,,,,,,,,,,,,,,,,,,,,,,,,,,,,,,,,,,,,,,,,,,,,,,,,,,,,,,,,,,,,,,,,,,,,,,,,,,,,,,,,,,,,,,,,,,,,,,,,,,,,,,,,,,,
FEDNOW,PRE,FN-MTB-100304,INDIVIDUAL,IND-0024,EXTERNAL_INDIVIDUAL,EXT-P-1597,CREDIT,,,,,,,,,,,,,,,,,,,,,,PASSED,,,[],,,,,,,,,,,,,,,False,0,,IDEMP-FN-MTB-100304,,PASSED,False,2025-06-08 00:00:00,4,410,False,9324986869,3,4,False,[],1,7,47892.02,21585.8,False,45,10000,2.085,21997.6,[],False,,,,,,,,,,,,NOT_APPLICABLE,,,,,,,,MTB-IP-20260723-40752,FN-MTB-100304,FEDNOW,FEDERAL_RESERVE_FEDNOW,pacs.008,IN_PROCESS,MSG-FN-202607239026,INS-FN-941814,E2E-FN-228358266,2026-07-23T03:47:56Z,David Garcia,8283636512,Summit Ridge Bank,935469056,Stephanie Williams,9324986869,Meridian Trust Bank,MTB0000001,Meridian Trust Bank,20850.33,USD,Invoice payment,INV-55628,PASSED,PASSED,PASSED,PASSED,PASSED,PASSED,PASSED,PASSED,2026-07-23T03:47:56Z,True,2026-07-23T03:48:06Z,1653,10000,False,0,ACCEPT,PENDING,PENDING,,,,,,,,,,,,,,,,,,,,,,,,,,,,,,,,,,,,,,,,,,,,,,,,,,,,,,,,,,,,,,,,,,,,,,,,,,,,,,,,,,,,,,,,,,,,,,,,,,,,,,,,,,,,,,,,
FEDNOW,PRE,FN-MTB-100345,INDIVIDUAL,IND-0098,EXTERNAL_INDIVIDUAL,EXT-P-3962,CREDIT,,,,,,,,,,,,,,,,,,,,,,PASSED,,,[],,,,,,,,,,,,,,,False,0,,IDEMP-FN-MTB-100345,,PASSED,False,2025-07-27 00:00:00,25,364,False,8260179870,1,4,False,[],1,4,11199.92,9058.95,False,29,10000,0.394,4704.61,[],False,,,,,,,,,,,,NOT_APPLICABLE,,,,,,,,MTB-IP-20260726-47365,FN-MTB-100345,FEDNOW,FEDERAL_RESERVE_FEDNOW,pacs.008,IN_PROCESS,MSG-FN-202607268879,INS-FN-786025,E2E-FN-875474335,2026-07-26T13:02:52Z,Cynthia Jackson,8973691745,Cascade Point Bank,343390680,William Miller,8260179870,Meridian Trust Bank,MTB0000001,Meridian Trust Bank,3938.98,USD,Invoice payment,INV-86027,PASSED,PASSED,PASSED,PASSED,PASSED,PASSED,PASSED,PASSED,2026-07-26T13:02:52Z,True,2026-07-26T13:02:55Z,3888,10000,False,0,ACCEPT,PENDING,PENDING,,,,,,,,,,,,,,,,,,,,,,,,,,,,,,,,,,,,,,,,,,,,,,,,,,,,,,,,,,,,,,,,,,,,,,,,,,,,,,,,,,,,,,,,,,,,,,,,,,,,,,,,,,,,,,,,
FEDNOW,PRE,FN-MTB-100397,MERCHANT,MERCH-002,INDIVIDUAL,IND-0025,CREDIT,,,,,,,,,,,,,,,,,,,,,,PASSED,,,[],,,,,,,,,,,,,,,False,0,,IDEMP-FN-MTB-100397,,PASSED,False,2025-12-02 00:00:00,30,242,False,5123580257,1,1,False,[],3,6,7105.92,3285.45,False,43,10000,0.213,2067.22,[],False,,,,,,,,,,,,NOT_APPLICABLE,,,,,,,,MTB-IP-20260801-11020,FN-MTB-100397,FEDNOW,FEDERAL_RESERVE_FEDNOW,pacs.008,IN_PROCESS,MSG-FN-202608013651,INS-FN-757882,E2E-FN-832878317,2026-08-01T18:04:16Z,Mark Jackson,9374062971,Ironbridge National Bank,391570882,Crestline Office Outfitters,5123580257,Meridian Trust Bank,MTB0000001,Vertex Commerce Pay,2127.09,USD,Vendor settlement,INV-57512,PASSED,PASSED,PASSED,PASSED,PASSED,PASSED,PASSED,PASSED,2026-08-01T18:04:16Z,True,2026-08-01T18:04:26Z,3104,10000,False,0,ACCEPT,PENDING,PENDING,,,,,,,,,,,,,,,,,,,,,,,,,,,,,,,,,,,,,,,,,,,,,,,,,,,,,,,,,,,,,,,,,,,,,,,,,,,,,,,,,,,,,,,,,,,,,,,,,,,,,,,,,,,,,,,,
FEDNOW,PRE,FN-MTB-100382,MERCHANT,MERCH-004,INDIVIDUAL,IND-0019,CREDIT,,,,,,,,,,,,,,,,,,,,,,PASSED,,,[],,,,,,,,,,,,,,,False,0,,IDEMP-FN-MTB-100382,,PASSED,False,2025-12-19 00:00:00,5,202,False,3061977058,1,3,False,[],2,5,95000.01,39178.92,False,37,10000,2.311,18713.35,[],False,,,,,,,,,,,,NOT_APPLICABLE,,,,,,,,MTB-IP-20260709-59536,FN-MTB-100382,FEDNOW,FEDERAL_RESERVE_FEDNOW,pacs.008,IN_PROCESS,MSG-FN-202607092643,INS-FN-377098,E2E-FN-521481094,2026-07-09T07:39:01Z,Amanda Moore,8829864786,Summit Ridge Bank,461386707,Pinehollow Auto Parts,3061977058,Meridian Trust Bank,MTB0000001,Vertex Commerce Pay,23112.98,USD,P2P transfer,INV-83235,PASSED,PASSED,PASSED,PASSED,PASSED,PASSED,PASSED,PASSED,2026-07-09T07:39:01Z,True,2026-07-09T07:39:02Z,834,10000,False,0,ACCEPT,PENDING,PENDING,,,,,,,,,,,,,,,,,,,,,,,,,,,,,,,,,,,,,,,,,,,,,,,,,,,,,,,,,,,,,,,,,,,,,,,,,,,,,,,,,,,,,,,,,,,,,,,,,,,,,,,,,,,,,,,,
FEDNOW,PRE,FN-MTB-100360,MERCHANT,MERCH-003,EXTERNAL_INDIVIDUAL,EXT-P-3258,CREDIT,,,,,,,,,,,,,,,,,,,,,,FAILED,E450,Missing mandatory field: account_type,['E450'],,,,,,,,,,,,,,,False,0,,IDEMP-FN-MTB-100360,,PASSED,True,2026-07-19 00:00:00,0,0,True,8112126311,1,4,False,[],2,4,5110.15,2469.63,False,32,10000,0.13,1638.6,[],False,,,,,,,,,,,,NOT_APPLICABLE,,,,,,,,MTB-IP-20260719-31984,FN-MTB-100360,FEDNOW,FEDERAL_RESERVE_FEDNOW,pacs.008,IN_PROCESS,MSG-FN-202607193978,INS-FN-633631,E2E-FN-596614003,2026-07-19T14:31:56Z,Anthony Sanchez,194064891,Ironbridge National Bank,452409540,Harbor & Vine Grocers,8112126311,Meridian Trust Bank,MTB0000001,Northstar Payment Solutions,1297.39,USD,P2P transfer,INV-82094,FAILED,PASSED,PASSED,PASSED,PASSED,PASSED,PASSED,PASSED,2026-07-19T14:31:56Z,True,2026-07-19T14:31:59Z,3429,10000,False,51,REJECT,PENDING,PENDING,,,,,,,,,,,,,,,,,,,,,,,,,,,,,,,,,,,,,,,,,,,,,,,,,,,,,,,,,,,,,,,,,,,,,,,,,,,,,,,,,,,,,,,,,,,,,,,,,,,,,,,,,,,,,,,,
FEDNOW,PRE,FN-MTB-100326,INDIVIDUAL,IND-0019,INDIVIDUAL,IND-0028,CREDIT,,,,,,,,,,,,,,,,,,,,,,PASSED,,,[],,,,,,,,,,,,,,,False,0,,IDEMP-FN-MTB-100326,,PASSED,False,2023-07-06 00:00:00,58,1121,False,8829864786,2,5,False,[],1,4,21852.52,12535.59,False,30,10000,0.962,14506.53,[],False,,,,,,,,,,,,NOT_APPLICABLE,,,,,,,,MTB-IP-20260731-50963,FN-MTB-100326,FEDNOW,FEDERAL_RESERVE_FEDNOW,pacs.008,IN_PROCESS,MSG-FN-202607316289,INS-FN-785460,E2E-FN-390730634,2026-07-31T22:39:14Z,George Johnson,6963210242,Summit Ridge Bank,311130111,Amanda Moore,8829864786,Meridian Trust Bank,MTB0000001,Meridian Trust Bank,9616.19,USD,Invoice payment,INV-58423,PASSED,PASSED,PASSED,PASSED,PASSED,PASSED,PASSED,PASSED,2026-07-31T22:39:14Z,True,2026-07-31T22:39:23Z,2021,10000,False,0,ACCEPT,PENDING,PENDING,,,,,,,,,,,,,,,,,,,,,,,,,,,,,,,,,,,,,,,,,,,,,,,,,,,,,,,,,,,,,,,,,,,,,,,,,,,,,,,,,,,,,,,,,,,,,,,,,,,,,,,,,,,,,,,,
FEDNOW,PRE,FN-MTB-100310,INDIVIDUAL,IND-0050,EXTERNAL_INDIVIDUAL,EXT-P-1632,CREDIT,,,,,,,,,,,,,,,,,,,,,,PASSED,,,[],,,,,,,,,,,,,,,False,0,,IDEMP-FN-MTB-100310,,PASSED,False,2025-04-30 00:00:00,47,426,False,3331981298,5,9,False,[],1,3,5740.71,3635.5,False,21,10000,0.14,1655.43,[],False,,,,,,,,,,,,NOT_APPLICABLE,,,,,,,,MTB-IP-20260630-42958,FN-MTB-100310,FEDNOW,FEDERAL_RESERVE_FEDNOW,pacs.008,IN_PROCESS,MSG-FN-202606309488,INS-FN-568929,E2E-FN-272670727,2026-06-30T03:02:24Z,David Jackson,2591669008,Cascade Point Bank,964152698,Amanda Hill,3331981298,Meridian Trust Bank,MTB0000001,Meridian Trust Bank,1395.61,USD,Vendor settlement,INV-47270,PASSED,PASSED,PASSED,PASSED,PASSED,PASSED,PASSED,PASSED,2026-06-30T03:02:24Z,True,2026-06-30T03:02:28Z,2183,10000,False,0,ACCEPT,PENDING,PENDING,,,,,,,,,,,,,,,,,,,,,,,,,,,,,,,,,,,,,,,,,,,,,,,,,,,,,,,,,,,,,,,,,,,,,,,,,,,,,,,,,,,,,,,,,,,,,,,,,,,,,,,,,,,,,,,,
FEDNOW,PRE,FN-MTB-100302,INDIVIDUAL,IND-0054,EXTERNAL_INDIVIDUAL,EXT-P-3319,CREDIT,,,,,,,,,,,,,,,,,,,,,,PASSED,,,[],,,,,,,,,,,,,,,False,0,,IDEMP-FN-MTB-100302,,PASSED,False,2026-03-10 00:00:00,3,162,False,1167646993,1,5,False,[],1,6,4181.3,2004.06,False,34,10000,0.3,3808.4,[],False,,,,,,,,,,,,NOT_APPLICABLE,,,,,,,,MTB-IP-20260819-90609,FN-MTB-100302,FEDNOW,FEDERAL_RESERVE_FEDNOW,pacs.008,IN_PROCESS,MSG-FN-202608195022,INS-FN-607458,E2E-FN-115598242,2026-08-19T08:36:55Z,George Davis,2328545052,Ironbridge National Bank,579540407,George Thompson,1167646993,Meridian Trust Bank,MTB0000001,Meridian Trust Bank,2998.34,USD,Invoice payment,INV-97444,PASSED,PASSED,PASSED,PASSED,PASSED,PASSED,PASSED,PASSED,2026-08-19T08:36:55Z,True,2026-08-19T08:37:02Z,929,10000,False,0,ACCEPT,PENDING,PENDING,,,,,,,,,,,,,,,,,,,,,,,,,,,,,,,,,,,,,,,,,,,,,,,,,,,,,,,,,,,,,,,,,,,,,,,,,,,,,,,,,,,,,,,,,,,,,,,,,,,,,,,,,,,,,,,,
FEDNOW,PRE,FN-MTB-100316,INDIVIDUAL,IND-0047,EXTERNAL_INDIVIDUAL,EXT-P-1723,CREDIT,,,,,,,,,,,,,,,,,,,,,,PASSED,,,[],,,,,,,,,,,,,,,False,0,,IDEMP-FN-MTB-100316,,PASSED,False,2024-11-04 00:00:00,8,601,False,7999633628,8,8,True,[],2,3,18971.78,7978.92,False,25,10000,0.957,15524.8,[],False,,,,,,,,,,,,NOT_APPLICABLE,,,,,,,,MTB-IP-20260628-39647,FN-MTB-100316,FEDNOW,FEDERAL_RESERVE_FEDNOW,pacs.008,IN_PROCESS,MSG-FN-202606286631,INS-FN-783622,E2E-FN-459464961,2026-06-28T10:40:16Z,Steven Lee,2056996607,Summit Ridge Bank,105943467,Barbara Scott,7999633628,Meridian Trust Bank,MTB0000001,Meridian Trust Bank,9569.27,USD,Invoice payment,INV-63461,PASSED,PASSED,PASSED,PASSED,PASSED,PASSED,PASSED,PASSED,2026-06-28T10:40:16Z,True,2026-06-28T10:40:22Z,3445,10000,False,0,ACCEPT,PENDING,PENDING,,,,,,,,,,,,,,,,,,,,,,,,,,,,,,,,,,,,,,,,,,,,,,,,,,,,,,,,,,,,,,,,,,,,,,,,,,,,,,,,,,,,,,,,,,,,,,,,,,,,,,,,,,,,,,,,
FEDNOW,PRE,FN-MTB-100333,INDIVIDUAL,IND-0015,INDIVIDUAL,IND-0005,CREDIT,,,,,,,,,,,,,,,,,,,,,,PASSED,,,[],,,,,,,,,,,,,,,False,0,,IDEMP-FN-MTB-100333,,PASSED,False,2026-01-20 00:00:00,33,166,False,9446152642,1,3,False,[],3,4,3314.03,1320.62,False,31,10000,0.163,1714.17,[],False,,,,,,,,,,,,NOT_APPLICABLE,,,,,,,,MTB-IP-20260705-59859,FN-MTB-100333,FEDNOW,FEDERAL_RESERVE_FEDNOW,pacs.008,IN_PROCESS,MSG-FN-202607057162,INS-FN-278570,E2E-FN-272327884,2026-07-05T20:30:14Z,Karen Ramirez,5764924945,Cascade Point Bank,143406213,Steven Lee,9446152642,Meridian Trust Bank,MTB0000001,Meridian Trust Bank,1627.12,USD,Vendor settlement,INV-52919,PASSED,PASSED,PASSED,PASSED,PASSED,PASSED,PASSED,PASSED,2026-07-05T20:30:14Z,True,2026-07-05T20:30:21Z,2981,10000,False,5,ACCEPT,PENDING,PENDING,,,,,,,,,,,,,,,,,,,,,,,,,,,,,,,,,,,,,,,,,,,,,,,,,,,,,,,,,,,,,,,,,,,,,,,,,,,,,,,,,,,,,,,,,,,,,,,,,,,,,,,,,,,,,,,,
FEDNOW,PRE,FN-MTB-100395,MERCHANT,MERCH-008,EXTERNAL_INDIVIDUAL,EXT-P-9038,CREDIT,,,,,,,,,,,,,,,,,,,,,,PASSED,,,[],,,,,,,,,,,,,,,False,0,,IDEMP-FN-MTB-100395,,PASSED,False,2024-07-07 00:00:00,10,741,False,454372367,2,2,False,[],1,8,26114.07,10644.94,False,46,10000,0.668,6980.27,[],False,,,,,,,,,,,,NOT_APPLICABLE,,,,,,,,MTB-IP-20260718-19268,FN-MTB-100395,FEDNOW,FEDERAL_RESERVE_FEDNOW,pacs.008,IN_PROCESS,MSG-FN-202607188324,INS-FN-847775,E2E-FN-127434467,2026-07-18T01:28:30Z,Kathleen Lopez,2620601508,Cascade Point Bank,982308636,Amberlane Textiles Co,454372367,Meridian Trust Bank,MTB0000001,BrightLedger Payments,6676.37,USD,Vendor settlement,INV-47479,PASSED,PASSED,PASSED,PASSED,PASSED,PASSED,PASSED,PASSED,2026-07-18T01:28:30Z,True,2026-07-18T01:28:40Z,3880,10000,False,51,ACCEPT,PENDING,PENDING,,,,,,,,,,,,,,,,,,,,,,,,,,,,,,,,,,,,,,,,,,,,,,,,,,,,,,,,,,,,,,,,,,,,,,,,,,,,,,,,,,,,,,,,,,,,,,,,,,,,,,,,,,,,,,,,
FEDNOW,PRE,FN-MTB-100371,MERCHANT,MERCH-005,EXTERNAL_INDIVIDUAL,EXT-P-3535,CREDIT,,,,,,,,,,,,,,,,,,,,,,PASSED,,,[],,,,,,,,,,,,,,,False,0,,IDEMP-FN-MTB-100371,,PASSED,False,2024-05-14 00:00:00,22,818,False,2260323791,5,8,True,[],3,12,3415.58,2037.02,False,60,10000,0.117,1496.6,[],False,,,,,,,,,,,,NOT_APPLICABLE,,,,,,,,MTB-IP-20260810-43529,FN-MTB-100371,FEDNOW,FEDERAL_RESERVE_FEDNOW,pacs.008,IN_PROCESS,MSG-FN-202608105566,INS-FN-875853,E2E-FN-578766215,2026-08-10T08:32:09Z,Cynthia Rodriguez,1953981905,Cascade Point Bank,373462394,Solstice Digital Print,2260323791,Meridian Trust Bank,MTB0000001,Meridian Trust Bank,1172.42,USD,P2P transfer,INV-29308,PASSED,PASSED,PASSED,PASSED,PASSED,PASSED,PASSED,PASSED,2026-08-10T08:32:09Z,True,2026-08-10T08:32:12Z,1976,10000,False,0,ACCEPT,PENDING,PENDING,,,,,,,,,,,,,,,,,,,,,,,,,,,,,,,,,,,,,,,,,,,,,,,,,,,,,,,,,,,,,,,,,,,,,,,,,,,,,,,,,,,,,,,,,,,,,,,,,,,,,,,,,,,,,,,,
FEDNOW,PRE,FN-MTB-100386,MERCHANT,MERCH-002,INDIVIDUAL,IND-0083,CREDIT,,,,,,,,,,,,,,,,,,,,,,PASSED,,,[],,,,,,,,,,,,,,,False,0,,IDEMP-FN-MTB-100386,,PASSED,False,2025-07-31 00:00:00,41,382,False,5123580257,2,5,False,[],1,5,194.27,117.26,False,38,10000,0.013,145.01,[],False,,,,,,,,,,,,NOT_APPLICABLE,,,,,,,,MTB-IP-20260817-87688,FN-MTB-100386,FEDNOW,FEDERAL_RESERVE_FEDNOW,pacs.008,IN_PROCESS,MSG-FN-202608174859,INS-FN-873470,E2E-FN-255075331,2026-08-17T04:07:08Z,Thomas Wright,8958863975,Ironbridge National Bank,473278736,Crestline Office Outfitters,5123580257,Meridian Trust Bank,MTB0000001,Vertex Commerce Pay,130.95,USD,Invoice payment,INV-97331,PASSED,PASSED,PASSED,PASSED,PASSED,PASSED,PASSED,PASSED,2026-08-17T04:07:08Z,True,2026-08-17T04:07:12Z,2677,10000,False,5,ACCEPT,PENDING,PENDING,,,,,,,,,,,,,,,,,,,,,,,,,,,,,,,,,,,,,,,,,,,,,,,,,,,,,,,,,,,,,,,,,,,,,,,,,,,,,,,,,,,,,,,,,,,,,,,,,,,,,,,,,,,,,,,,
FEDNOW,PRE,FN-MTB-100327,INDIVIDUAL,IND-0075,EXTERNAL_INDIVIDUAL,EXT-P-6616,CREDIT,,,,,,,,,,,,,,,,,,,,,,PASSED,,,[],,,,,,,,,,,,,,,False,0,,IDEMP-FN-MTB-100327,,PASSED,False,2025-07-24 00:00:00,51,390,False,218955917,1,2,False,[],1,11,24311.45,16155.52,True,53,10000,1.194,13480.15,[],False,,,,,,,,,,,,NOT_APPLICABLE,,,,,,,,MTB-IP-20260818-38326,FN-MTB-100327,FEDNOW,FEDERAL_RESERVE_FEDNOW,pacs.008,IN_PROCESS,MSG-FN-202608184015,INS-FN-141785,E2E-FN-787627731,2026-08-18T20:44:38Z,Cynthia Martinez,9002338693,Ironbridge National Bank,300914868,Cynthia Nguyen,218955917,Meridian Trust Bank,MTB0000001,Meridian Trust Bank,11940.8,USD,Invoice payment,INV-94593,PASSED,PASSED,PASSED,PASSED,PASSED,PASSED,PASSED,PASSED,2026-08-18T20:44:38Z,True,2026-08-18T20:44:47Z,639,10000,False,51,ACCEPT,PENDING,PENDING,,,,,,,,,,,,,,,,,,,,,,,,,,,,,,,,,,,,,,,,,,,,,,,,,,,,,,,,,,,,,,,,,,,,,,,,,,,,,,,,,,,,,,,,,,,,,,,,,,,,,,,,,,,,,,,,
FEDNOW,PRE,FN-MTB-100390,MERCHANT,MERCH-006,EXTERNAL_INDIVIDUAL,EXT-P-7167,CREDIT,,,,,,,,,,,,,,,,,,,,,,PASSED,,,[],,,,,,,,,,,,,,,False,0,,IDEMP-FN-MTB-100390,,PASSED,False,2026-05-27 00:00:00,26,49,False,3264421990,2,6,False,[],1,9,1822.29,705.55,False,49,10000,0.06,669.52,[],False,,,,,,,,,,,,NOT_APPLICABLE,,,,,,,,MTB-IP-20260715-60457,FN-MTB-100390,FEDNOW,FEDERAL_RESERVE_FEDNOW,pacs.008,IN_PROCESS,MSG-FN-202607154624,INS-FN-549094,E2E-FN-989871856,2026-07-15T13:41:37Z,George Clark,6275384712,Ironbridge National Bank,388200909,Redgate Wholesale Foods,3264421990,Meridian Trust Bank,MTB0000001,Meridian Trust Bank,596.29,USD,Vendor settlement,INV-49778,PASSED,PASSED,PASSED,PASSED,PASSED,PASSED,PASSED,PASSED,2026-07-15T13:41:37Z,True,2026-07-15T13:41:40Z,877,10000,False,0,ACCEPT,PENDING,PENDING,,,,,,,,,,,,,,,,,,,,,,,,,,,,,,,,,,,,,,,,,,,,,,,,,,,,,,,,,,,,,,,,,,,,,,,,,,,,,,,,,,,,,,,,,,,,,,,,,,,,,,,,,,,,,,,,
FEDNOW,PRE,FN-MTB-100343,INDIVIDUAL,IND-0020,EXTERNAL_INDIVIDUAL,EXT-P-4838,CREDIT,,,,,,,,,,,,,,,,,,,,,,PASSED,,,[],,,,,,,,,,,,,,,False,0,,IDEMP-FN-MTB-100343,,PASSED,False,2023-05-18 00:00:00,44,1170,False,8367262775,3,7,False,[],1,11,468.26,174.24,True,57,10000,0.012,110.01,[],False,,,,,,,,,,,,NOT_APPLICABLE,,,,,,,,MTB-IP-20260731-58776,FN-MTB-100343,FEDNOW,FEDERAL_RESERVE_FEDNOW,pacs.008,IN_PROCESS,MSG-FN-202607314480,INS-FN-362954,E2E-FN-108231536,2026-07-31T01:58:49Z,James Lewis,618446880,Ironbridge National Bank,51192680,Maria Thompson,8367262775,Meridian Trust Bank,MTB0000001,Meridian Trust Bank,121.22,USD,P2P transfer,INV-81872,PASSED,PASSED,PASSED,PASSED,PASSED,PASSED,PASSED,PASSED,2026-07-31T01:58:49Z,True,2026-07-31T01:58:57Z,2091,10000,False,0,ACCEPT,PENDING,PENDING,,,,,,,,,,,,,,,,,,,,,,,,,,,,,,,,,,,,,,,,,,,,,,,,,,,,,,,,,,,,,,,,,,,,,,,,,,,,,,,,,,,,,,,,,,,,,,,,,,,,,,,,,,,,,,,,
FEDNOW,PRE,FN-MTB-100335,INDIVIDUAL,IND-0076,EXTERNAL_INDIVIDUAL,EXT-P-5873,CREDIT,,,,,,,,,,,,,,,,,,,,,,PASSED,,,[],,,,,,,,,,,,,,,False,0,,IDEMP-FN-MTB-100335,,PASSED,False,2025-10-31 00:00:00,59,250,False,3775249656,1,5,False,[],1,1,432.91,160.36,False,20,10000,0.01,124.97,[],False,,,,,,,,,,,,NOT_APPLICABLE,,,,,,,,MTB-IP-20260708-74134,FN-MTB-100335,FEDNOW,FEDERAL_RESERVE_FEDNOW,pacs.008,IN_PROCESS,MSG-FN-202607083323,INS-FN-248375,E2E-FN-742207108,2026-07-08T08:54:08Z,Kathleen Young,8809339074,Ironbridge National Bank,685699790,James Johnson,3775249656,Meridian Trust Bank,MTB0000001,Meridian Trust Bank,100.77,USD,Vendor settlement,INV-95319,PASSED,PASSED,PASSED,PASSED,PASSED,PASSED,PASSED,PASSED,2026-07-08T08:54:08Z,True,2026-07-08T08:54:18Z,1422,10000,False,51,ACCEPT,PENDING,PENDING,,,,,,,,,,,,,,,,,,,,,,,,,,,,,,,,,,,,,,,,,,,,,,,,,,,,,,,,,,,,,,,,,,,,,,,,,,,,,,,,,,,,,,,,,,,,,,,,,,,,,,,,,,,,,,,,
FEDNOW,PRE,FN-MTB-100353,MERCHANT,MERCH-004,EXTERNAL_INDIVIDUAL,EXT-P-5927,CREDIT,,,,,,,,,,,,,,,,,,,,,,PASSED,,,[],,,,,,,,,,,,,,,False,0,,IDEMP-FN-MTB-100353,,PASSED,False,2024-07-19 00:00:00,20,747,False,3061977058,3,6,False,[],5,11,2094.82,732.3,True,68,10000,0.061,691.97,[],False,,,,,,,,,,,,NOT_APPLICABLE,,,,,,,,MTB-IP-20260805-48514,FN-MTB-100353,FEDNOW,FEDERAL_RESERVE_FEDNOW,pacs.008,IN_PROCESS,MSG-FN-202608059165,INS-FN-786970,E2E-FN-245194294,2026-08-05T00:13:05Z,Andrew Moore,2844631224,Summit Ridge Bank,220109327,Pinehollow Auto Parts,3061977058,Meridian Trust Bank,MTB0000001,Vertex Commerce Pay,608.93,USD,Invoice payment,INV-39570,PASSED,PASSED,PASSED,PASSED,PASSED,PASSED,PASSED,PASSED,2026-08-05T00:13:05Z,False,,,10000,True,,ACCEPT,PENDING,PENDING,,,,,,,,,,,,,,,,,,,,,,,,,,,,,,,,,,,,,,,,,,,,,,,,,,,,,,,,,,,,,,,,,,,,,,,,,,,,,,,,,,,,,,,,,,,,,,,,,,,,,,,,,,,,,,,,
FEDNOW,PRE,FN-MTB-100374,MERCHANT,MERCH-002,EXTERNAL_INDIVIDUAL,EXT-P-2105,CREDIT,,,,,,,,,,,,,,,,,,,,,,PASSED,,,[],,,,,,,,,,,,,,,False,0,,IDEMP-FN-MTB-100374,,PASSED,False,2026-06-27 00:00:00,42,39,False,5123580257,2,4,False,[],2,8,6597.37,2690.71,False,44,10000,0.19,2084.17,[],False,,,,,,,,,,,,NOT_APPLICABLE,,,,,,,,MTB-IP-20260805-55408,FN-MTB-100374,FEDNOW,FEDERAL_RESERVE_FEDNOW,pacs.008,IN_PROCESS,MSG-FN-202608051892,INS-FN-219147,E2E-FN-562480842,2026-08-05T23:39:03Z,Charles Rodriguez,5416504982,Cascade Point Bank,520027526,Crestline Office Outfitters,5123580257,Meridian Trust Bank,MTB0000001,Vertex Commerce Pay,1899.45,USD,Vendor settlement,INV-22341,PASSED,PASSED,PASSED,PASSED,PASSED,PASSED,PASSED,PASSED,2026-08-05T23:39:03Z,True,2026-08-05T23:39:13Z,3711,10000,False,51,ACCEPT,PENDING,PENDING,,,,,,,,,,,,,,,,,,,,,,,,,,,,,,,,,,,,,,,,,,,,,,,,,,,,,,,,,,,,,,,,,,,,,,,,,,,,,,,,,,,,,,,,,,,,,,,,,,,,,,,,,,,,,,,,
FEDNOW,PRE,FN-MTB-100362,MERCHANT,MERCH-006,EXTERNAL_INDIVIDUAL,EXT-P-6893,CREDIT,,,,,,,,,,,,,,,,,,,,,,FAILED,E317,Field length exceeds ISO 20022 limit,['E317'],,,,,,,,,,,,,,,False,0,,IDEMP-FN-MTB-100362,,PASSED,False,2025-02-11 00:00:00,43,502,False,3264421990,1,3,False,[],1,3,21079.93,13591.42,False,22,10000,0.488,5136.04,[],False,,,,,,,,,,,,NOT_APPLICABLE,,,,,,,,MTB-IP-20260628-47216,FN-MTB-100362,FEDNOW,FEDERAL_RESERVE_FEDNOW,pacs.008,IN_PROCESS,MSG-FN-202606288143,INS-FN-301797,E2E-FN-516535895,2026-06-28T02:03:01Z,Melissa Young,1864995021,Cascade Point Bank,920307086,Redgate Wholesale Foods,3264421990,Meridian Trust Bank,MTB0000001,Meridian Trust Bank,4883.9,USD,Vendor settlement,INV-79406,FAILED,PASSED,PASSED,PASSED,PASSED,PASSED,PASSED,PASSED,2026-06-28T02:03:01Z,True,2026-06-28T02:03:05Z,103,10000,False,5,REJECT,PENDING,PENDING,,,,,,,,,,,,,,,,,,,,,,,,,,,,,,,,,,,,,,,,,,,,,,,,,,,,,,,,,,,,,,,,,,,,,,,,,,,,,,,,,,,,,,,,,,,,,,,,,,,,,,,,,,,,,,,,
FEDNOW,PRE,FN-MTB-100378,MERCHANT,MERCH-006,EXTERNAL_INDIVIDUAL,EXT-P-8438,CREDIT,,,,,,,,,,,,,,,,,,,,,,PASSED,,,[],,,,,,,,,,,,,,,False,0,,IDEMP-FN-MTB-100378,,PASSED,False,2026-03-25 00:00:00,13,113,False,3264421990,1,5,False,[],1,2,36255.68,15298,False,24,10000,1.244,15311.22,[],False,,,,,,,,,,,,NOT_APPLICABLE,,,,,,,,MTB-IP-20260716-30875,FN-MTB-100378,FEDNOW,FEDERAL_RESERVE_FEDNOW,pacs.008,IN_PROCESS,MSG-FN-202607162065,INS-FN-557661,E2E-FN-128499653,2026-07-16T13:15:16Z,Betty Jackson,5138518667,Summit Ridge Bank,427045744,Redgate Wholesale Foods,3264421990,Meridian Trust Bank,MTB0000001,Meridian Trust Bank,12435.85,USD,P2P transfer,INV-47183,PASSED,PASSED,PASSED,PASSED,PASSED,PASSED,PASSED,PASSED,2026-07-16T13:15:16Z,True,2026-07-16T13:15:22Z,2268,10000,False,5,ACCEPT,PENDING,PENDING,,,,,,,,,,,,,,,,,,,,,,,,,,,,,,,,,,,,,,,,,,,,,,,,,,,,,,,,,,,,,,,,,,,,,,,,,,,,,,,,,,,,,,,,,,,,,,,,,,,,,,,,,,,,,,,,
FEDNOW,PRE,FN-MTB-100314,INDIVIDUAL,IND-0083,EXTERNAL_INDIVIDUAL,EXT-P-2468,CREDIT,,,,,,,,,,,,,,,,,,,,,,PASSED,,,[],,,,,,,,,,,,,,,False,0,,IDEMP-FN-MTB-100314,,PASSED,True,2026-07-12 00:00:00,0,0,False,8958863975,3,3,False,[],3,7,13151.39,10459.62,False,39,10000,0.576,5019.9,[],False,,,,,,,,,,,,NOT_APPLICABLE,,,,,,,,MTB-IP-20260712-87273,FN-MTB-100314,FEDNOW,FEDERAL_RESERVE_FEDNOW,pacs.008,IN_PROCESS,MSG-FN-202607129328,INS-FN-831985,E2E-FN-222206203,2026-07-12T14:57:10Z,Joshua Anderson,2363509101,Ironbridge National Bank,629483224,Thomas Wright,8958863975,Meridian Trust Bank,MTB0000001,Meridian Trust Bank,5759.45,USD,P2P transfer,INV-74751,PASSED,PASSED,PASSED,PASSED,PASSED,PASSED,PASSED,PASSED,2026-07-12T14:57:10Z,True,2026-07-12T14:57:16Z,4455,10000,False,51,ACCEPT,PENDING,PENDING,,,,,,,,,,,,,,,,,,,,,,,,,,,,,,,,,,,,,,,,,,,,,,,,,,,,,,,,,,,,,,,,,,,,,,,,,,,,,,,,,,,,,,,,,,,,,,,,,,,,,,,,,,,,,,,,
FEDNOW,PRE,FN-MTB-100354,MERCHANT,MERCH-008,EXTERNAL_INDIVIDUAL,EXT-P-8633,CREDIT,,,,,,,,,,,,,,,,,,,,,,PASSED,,,[],,,,,,,,,,,,,,,False,0,,IDEMP-FN-MTB-100354,,PASSED,False,2025-07-28 00:00:00,33,364,False,454372367,2,5,False,[],3,4,1648.46,611.1,False,33,10000,0.149,1378.18,[],False,,,,,,,,,,,,NOT_APPLICABLE,,,,,,,,MTB-IP-20260727-94424,FN-MTB-100354,FEDNOW,FEDERAL_RESERVE_FEDNOW,pacs.008,IN_PROCESS,MSG-FN-202607273475,INS-FN-709670,E2E-FN-129675815,2026-07-27T18:07:13Z,Rebecca Hill,2941950704,Cascade Point Bank,887804041,Amberlane Textiles Co,454372367,Meridian Trust Bank,MTB0000001,BrightLedger Payments,1491.76,USD,Invoice payment,INV-59287,PASSED,PASSED,PASSED,PASSED,PASSED,PASSED,PASSED,PASSED,2026-07-27T18:07:13Z,True,2026-07-27T18:07:22Z,759,10000,False,51,ACCEPT,PENDING,PENDING,,,,,,,,,,,,,,,,,,,,,,,,,,,,,,,,,,,,,,,,,,,,,,,,,,,,,,,,,,,,,,,,,,,,,,,,,,,,,,,,,,,,,,,,,,,,,,,,,,,,,,,,,,,,,,,,
FEDNOW,PRE,FN-MTB-100399,MERCHANT,MERCH-006,INDIVIDUAL,IND-0023,CREDIT,,,,,,,,,,,,,,,,,,,,,,PASSED,,,[],,,,,,,,,,,,,,,False,0,,IDEMP-FN-MTB-100399,,PASSED,False,2023-10-04 00:00:00,42,1030,False,3264421990,2,5,False,[],1,9,3253.56,1853,False,45,10000,0.084,690.49,[],False,,,,,,,,,,,,NOT_APPLICABLE,,,,,,,,MTB-IP-20260730-43525,FN-MTB-100399,FEDNOW,FEDERAL_RESERVE_FEDNOW,pacs.008,IN_PROCESS,MSG-FN-202607305994,INS-FN-811824,E2E-FN-527959658,2026-07-30T06:09:12Z,James Brown,16593766,Summit Ridge Bank,617898912,Redgate Wholesale Foods,3264421990,Meridian Trust Bank,MTB0000001,Meridian Trust Bank,839.97,USD,P2P transfer,INV-52765,PASSED,PASSED,PASSED,PASSED,PASSED,PASSED,PASSED,PASSED,2026-07-30T06:09:12Z,True,2026-07-30T06:09:22Z,1451,10000,False,91,ACCEPT,PENDING,PENDING,,,,,,,,,,,,,,,,,,,,,,,,,,,,,,,,,,,,,,,,,,,,,,,,,,,,,,,,,,,,,,,,,,,,,,,,,,,,,,,,,,,,,,,,,,,,,,,,,,,,,,,,,,,,,,,,
FEDNOW,PRE,FN-MTB-100367,MERCHANT,MERCH-003,INDIVIDUAL,IND-0072,CREDIT,,,,,,,,,,,,,,,,,,,,,,PASSED,,,[],,,,,,,,,,,,,,,False,0,,IDEMP-FN-MTB-100367,,PASSED,True,2026-06-26 00:00:00,0,0,True,8112126311,8,10,True,[],5,13,579.98,405,False,62,10000,0.04,379.84,[],False,,,,,,,,,,,,NOT_APPLICABLE,,,,,,,,MTB-IP-20260626-21296,FN-MTB-100367,FEDNOW,FEDERAL_RESERVE_FEDNOW,pacs.008,IN_PROCESS,MSG-FN-202606263801,INS-FN-152999,E2E-FN-769204471,2026-06-26T09:24:50Z,Mark Scott,612553261,Summit Ridge Bank,346315124,Harbor & Vine Grocers,8112126311,Meridian Trust Bank,MTB0000001,Northstar Payment Solutions,395.35,USD,P2P transfer,INV-44686,PASSED,PASSED,PASSED,PASSED,PASSED,PASSED,PASSED,PASSED,2026-06-26T09:24:50Z,True,2026-06-26T09:24:59Z,2767,10000,False,91,ACCEPT,PENDING,PENDING,,,,,,,,,,,,,,,,,,,,,,,,,,,,,,,,,,,,,,,,,,,,,,,,,,,,,,,,,,,,,,,,,,,,,,,,,,,,,,,,,,,,,,,,,,,,,,,,,,,,,,,,,,,,,,,,
FEDNOW,PRE,FN-MTB-100347,INDIVIDUAL,IND-0081,EXTERNAL_INDIVIDUAL,EXT-P-9977,CREDIT,,,,,,,,,,,,,,,,,,,,,,PASSED,,,[],,,,,,,,,,,,,,,False,0,,IDEMP-FN-MTB-100347,,PASSED,False,2024-07-02 00:00:00,58,736,False,9639250611,2,2,False,[],5,12,18611.62,14305.13,True,60,10000,0.616,6753.87,[],False,,,,,,,,,,,,NOT_APPLICABLE,,,,,,,,MTB-IP-20260708-20839,FN-MTB-100347,FEDNOW,FEDERAL_RESERVE_FEDNOW,pacs.008,IN_PROCESS,MSG-FN-202607084361,INS-FN-838341,E2E-FN-743464514,2026-07-08T05:33:22Z,Ronald Moore,8756597793,Cascade Point Bank,243153206,George Wright,9639250611,Meridian Trust Bank,MTB0000001,Meridian Trust Bank,6157.79,USD,Invoice payment,INV-39215,PASSED,PASSED,PASSED,PASSED,PASSED,PASSED,PASSED,PASSED,2026-07-08T05:33:22Z,True,2026-07-08T05:33:30Z,2160,10000,False,51,ACCEPT,PENDING,PENDING,,,,,,,,,,,,,,,,,,,,,,,,,,,,,,,,,,,,,,,,,,,,,,,,,,,,,,,,,,,,,,,,,,,,,,,,,,,,,,,,,,,,,,,,,,,,,,,,,,,,,,,,,,,,,,,,
FEDNOW,PRE,FN-MTB-100341,INDIVIDUAL,IND-0038,EXTERNAL_INDIVIDUAL,EXT-P-1593,CREDIT,,,,,,,,,,,,,,,,,,,,,,PASSED,,,[],,,,,,,,,,,,,,,False,0,,IDEMP-FN-MTB-100341,,PASSED,False,2025-05-15 00:00:00,22,413,False,6391586450,8,11,True,[],1,5,4506.66,1590.33,False,41,10000,0.128,1043.9,[],False,,,,,,,,,,,,NOT_APPLICABLE,,,,,,,,MTB-IP-20260702-62042,FN-MTB-100341,FEDNOW,FEDERAL_RESERVE_FEDNOW,pacs.008,IN_PROCESS,MSG-FN-202607025957,INS-FN-881180,E2E-FN-412989649,2026-07-02T06:12:14Z,Edward Young,9832658839,Ironbridge National Bank,460087188,Stephanie Martin,6391586450,Meridian Trust Bank,MTB0000001,Meridian Trust Bank,1279.36,USD,P2P transfer,INV-87589,PASSED,PASSED,PASSED,PASSED,PASSED,PASSED,PASSED,PASSED,2026-07-02T06:12:14Z,True,2026-07-02T06:12:19Z,4234,10000,False,51,ACCEPT,PENDING,PENDING,,,,,,,,,,,,,,,,,,,,,,,,,,,,,,,,,,,,,,,,,,,,,,,,,,,,,,,,,,,,,,,,,,,,,,,,,,,,,,,,,,,,,,,,,,,,,,,,,,,,,,,,,,,,,,,,
FEDNOW,PRE,FN-MTB-100393,MERCHANT,MERCH-001,EXTERNAL_INDIVIDUAL,EXT-P-2831,CREDIT,,,,,,,,,,,,,,,,,,,,,,PASSED,,,[],,,,,,,,,,,,,,,False,0,,IDEMP-FN-MTB-100393,,PASSED,True,2026-07-28 00:00:00,0,0,False,2813398050,5,7,False,[],2,3,76.34,45.54,False,26,10000,0.007,58.09,[],False,,,,,,,,,,,,NOT_APPLICABLE,,,,,,,,MTB-IP-20260728-98728,FN-MTB-100393,FEDNOW,FEDERAL_RESERVE_FEDNOW,pacs.008,IN_PROCESS,MSG-FN-202607286045,INS-FN-180396,E2E-FN-508576668,2026-07-28T08:22:57Z,Brian Jones,5197733694,Ironbridge National Bank,120230649,Bluepeak Hardware Supply,2813398050,Meridian Trust Bank,MTB0000001,Meridian Trust Bank,66.83,USD,P2P transfer,INV-53226,PASSED,PASSED,PASSED,PASSED,PASSED,PASSED,PASSED,PASSED,2026-07-28T08:22:57Z,True,2026-07-28T08:22:58Z,2708,10000,False,0,ACCEPT,PENDING,PENDING,,,,,,,,,,,,,,,,,,,,,,,,,,,,,,,,,,,,,,,,,,,,,,,,,,,,,,,,,,,,,,,,,,,,,,,,,,,,,,,,,,,,,,,,,,,,,,,,,,,,,,,,,,,,,,,,
FEDNOW,PRE,FN-MTB-100320,INDIVIDUAL,IND-0013,EXTERNAL_INDIVIDUAL,EXT-P-3632,CREDIT,,,,,,,,,,,,,,,,,,,,,,FAILED,E450,Amount field exceeds allowed decimal precision,['E450'],,,,,,,,,,,,,,,False,0,,IDEMP-FN-MTB-100320,,PASSED,False,2025-10-21 00:00:00,26,302,False,2411755318,2,6,False,[],2,5,12551.13,8353.3,False,36,10000,0.477,4016.99,[],False,,,,,,,,,,,,NOT_APPLICABLE,,,,,,,,MTB-IP-20260819-61499,FN-MTB-100320,FEDNOW,FEDERAL_RESERVE_FEDNOW,pacs.008,IN_PROCESS,MSG-FN-202608192809,INS-FN-822230,E2E-FN-941768939,2026-08-19T09:46:23Z,Ashley Flores,2563046250,Summit Ridge Bank,502373884,Kevin Allen,2411755318,Meridian Trust Bank,MTB0000001,Meridian Trust Bank,4766.76,USD,P2P transfer,INV-61903,FAILED,PASSED,PASSED,PASSED,PASSED,PASSED,PASSED,PASSED,2026-08-19T09:46:23Z,True,2026-08-19T09:46:24Z,3076,10000,False,0,REJECT,PENDING,PENDING,,,,,,,,,,,,,,,,,,,,,,,,,,,,,,,,,,,,,,,,,,,,,,,,,,,,,,,,,,,,,,,,,,,,,,,,,,,,,,,,,,,,,,,,,,,,,,,,,,,,,,,,,,,,,,,,
FEDNOW,PRE,FN-MTB-100368,MERCHANT,MERCH-009,EXTERNAL_INDIVIDUAL,EXT-P-7421,CREDIT,,,,,,,,,,,,,,,,,,,,,,PASSED,,,[],,,,,,,,,,,,,,,False,0,,IDEMP-FN-MTB-100368,,PASSED,True,2026-07-25 00:00:00,0,0,True,9446335263,1,4,False,[],1,3,77437.31,26339.24,False,36,10000,2.023,19155.32,[],False,,,,,,,,,,,,NOT_APPLICABLE,,,,,,,,MTB-IP-20260725-91046,FN-MTB-100368,FEDNOW,FEDERAL_RESERVE_FEDNOW,pacs.008,IN_PROCESS,MSG-FN-202607259346,INS-FN-447627,E2E-FN-337524164,2026-07-25T18:38:16Z,Thomas Rodriguez,2671282454,Cascade Point Bank,576004249,Copperfield Building Supply,9446335263,Meridian Trust Bank,MTB0000001,Northstar Payment Solutions,20227.55,USD,P2P transfer,INV-88257,PASSED,PASSED,PASSED,PASSED,PASSED,PASSED,PASSED,PASSED,2026-07-25T18:38:16Z,True,2026-07-25T18:38:22Z,3544,10000,False,91,ACCEPT,PENDING,PENDING,,,,,,,,,,,,,,,,,,,,,,,,,,,,,,,,,,,,,,,,,,,,,,,,,,,,,,,,,,,,,,,,,,,,,,,,,,,,,,,,,,,,,,,,,,,,,,,,,,,,,,,,,,,,,,,,
FEDNOW,PRE,FN-MTB-100309,INDIVIDUAL,IND-0038,EXTERNAL_INDIVIDUAL,EXT-P-7670,CREDIT,,,,,,,,,,,,,,,,,,,,,,PASSED,,,[],,,,,,,,,,,,,,,False,0,,IDEMP-FN-MTB-100309,,PASSED,True,2026-08-08 00:00:00,0,0,False,6391586450,1,5,False,[],3,10,1392.14,489.84,False,55,10000,0.05,494.76,[],False,,,,,,,,,,,,NOT_APPLICABLE,,,,,,,,MTB-IP-20260808-37271,FN-MTB-100309,FEDNOW,FEDERAL_RESERVE_FEDNOW,pacs.008,IN_PROCESS,MSG-FN-202608088316,INS-FN-636144,E2E-FN-335227137,2026-08-08T14:15:34Z,Amanda Walker,8323114311,Summit Ridge Bank,896294733,Stephanie Martin,6391586450,Meridian Trust Bank,MTB0000001,Meridian Trust Bank,504.95,USD,Vendor settlement,INV-89575,PASSED,PASSED,PASSED,PASSED,PASSED,PASSED,PASSED,PASSED,2026-08-08T14:15:34Z,True,2026-08-08T14:15:38Z,2058,10000,False,0,ACCEPT,PENDING,PENDING,,,,,,,,,,,,,,,,,,,,,,,,,,,,,,,,,,,,,,,,,,,,,,,,,,,,,,,,,,,,,,,,,,,,,,,,,,,,,,,,,,,,,,,,,,,,,,,,,,,,,,,,,,,,,,,,
FEDNOW,PRE,FN-MTB-100317,INDIVIDUAL,IND-0095,EXTERNAL_INDIVIDUAL,EXT-P-1591,CREDIT,,,,,,,,,,,,,,,,,,,,,,PASSED,,,[],,,,,,,,,,,,,,,False,0,,IDEMP-FN-MTB-100317,,PASSED,False,2026-05-04 00:00:00,26,73,False,5373324346,1,2,False,[],2,3,1022.92,523.38,False,29,10000,0.092,943.2,[],False,,,,,,,,,,,,NOT_APPLICABLE,,,,,,,,MTB-IP-20260716-53970,FN-MTB-100317,FEDNOW,FEDERAL_RESERVE_FEDNOW,pacs.008,IN_PROCESS,MSG-FN-202607161561,INS-FN-387648,E2E-FN-338421932,2026-07-16T23:18:47Z,Kathleen Rodriguez,1034442674,Cascade Point Bank,519459670,Deborah Lee,5373324346,Meridian Trust Bank,MTB0000001,Meridian Trust Bank,916.97,USD,P2P transfer,INV-69266,PASSED,PASSED,PASSED,PASSED,PASSED,PASSED,PASSED,PASSED,2026-07-16T23:18:47Z,True,2026-07-16T23:18:55Z,462,10000,False,0,ACCEPT,PENDING,PENDING,,,,,,,,,,,,,,,,,,,,,,,,,,,,,,,,,,,,,,,,,,,,,,,,,,,,,,,,,,,,,,,,,,,,,,,,,,,,,,,,,,,,,,,,,,,,,,,,,,,,,,,,,,,,,,,,
FEDNOW,PRE,FN-MTB-100359,MERCHANT,MERCH-008,EXTERNAL_INDIVIDUAL,EXT-P-1410,CREDIT,,,,,,,,,,,,,,,,,,,,,,PASSED,,,[],,,,,,,,,,,,,,,False,0,,IDEMP-FN-MTB-100359,,PASSED,False,2024-10-11 00:00:00,37,630,False,454372367,1,5,False,[],1,5,4710.81,2218.18,False,40,10000,0.189,2279.92,[],False,,,,,,,,,,,,NOT_APPLICABLE,,,,,,,,MTB-IP-20260703-28977,FN-MTB-100359,FEDNOW,FEDERAL_RESERVE_FEDNOW,pacs.008,IN_PROCESS,MSG-FN-202607033860,INS-FN-720743,E2E-FN-239736113,2026-07-03T12:38:50Z,Maria Hernandez,9617414853,Summit Ridge Bank,540095864,Amberlane Textiles Co,454372367,Meridian Trust Bank,MTB0000001,BrightLedger Payments,1889.25,USD,Invoice payment,INV-59113,PASSED,PASSED,PASSED,PASSED,PASSED,PASSED,PASSED,PASSED,2026-07-03T12:38:50Z,True,2026-07-03T12:38:57Z,1788,10000,False,5,ACCEPT,PENDING,PENDING,,,,,,,,,,,,,,,,,,,,,,,,,,,,,,,,,,,,,,,,,,,,,,,,,,,,,,,,,,,,,,,,,,,,,,,,,,,,,,,,,,,,,,,,,,,,,,,,,,,,,,,,,,,,,,,,
FEDNOW,PRE,FN-MTB-100305,INDIVIDUAL,IND-0002,EXTERNAL_INDIVIDUAL,EXT-P-1277,CREDIT,,,,,,,,,,,,,,,,,,,,,,PASSED,,,[],,,,,,,,,,,,,,,False,0,,IDEMP-FN-MTB-100305,,PASSED,False,2025-10-08 00:00:00,39,313,False,7526184866,5,9,True,[],2,7,412.24,174.26,False,43,10000,0.012,110.45,[],False,,,,,,,,,,,,NOT_APPLICABLE,,,,,,,,MTB-IP-20260817-28586,FN-MTB-100305,FEDNOW,FEDERAL_RESERVE_FEDNOW,pacs.008,IN_PROCESS,MSG-FN-202608175295,INS-FN-264936,E2E-FN-592682883,2026-08-17T05:55:07Z,Richard Taylor,6879804267,Ironbridge National Bank,590096382,Kathleen Young,7526184866,Meridian Trust Bank,MTB0000001,Meridian Trust Bank,117.09,USD,P2P transfer,INV-41563,PASSED,PASSED,PASSED,PASSED,PASSED,PASSED,PASSED,PASSED,2026-08-17T05:55:07Z,True,2026-08-17T05:55:09Z,1514,10000,False,0,ACCEPT,PENDING,PENDING,,,,,,,,,,,,,,,,,,,,,,,,,,,,,,,,,,,,,,,,,,,,,,,,,,,,,,,,,,,,,,,,,,,,,,,,,,,,,,,,,,,,,,,,,,,,,,,,,,,,,,,,,,,,,,,,
FEDNOW,PRE,FN-MTB-100388,MERCHANT,MERCH-002,INDIVIDUAL,IND-0033,CREDIT,,,,,,,,,,,,,,,,,,,,,,PASSED,,,[],,,,,,,,,,,,,,,False,0,,IDEMP-FN-MTB-100388,,PASSED,True,2026-07-02 00:00:00,0,0,False,5123580257,3,5,False,[],1,10,710.14,277.88,False,62,10000,0.025,294.01,[],False,,,,,,,,,,,,NOT_APPLICABLE,,,,,,,,MTB-IP-20260702-31531,FN-MTB-100388,FEDNOW,FEDERAL_RESERVE_FEDNOW,pacs.008,IN_PROCESS,MSG-FN-202607022550,INS-FN-815451,E2E-FN-166106559,2026-07-02T05:59:53Z,Timothy Taylor,1790285593,Cascade Point Bank,140646857,Crestline Office Outfitters,5123580257,Meridian Trust Bank,MTB0000001,Vertex Commerce Pay,252.61,USD,Invoice payment,INV-59643,PASSED,PASSED,PASSED,PASSED,PASSED,PASSED,PASSED,PASSED,2026-07-02T05:59:53Z,True,2026-07-02T05:59:55Z,2445,10000,False,51,ACCEPT,PENDING,PENDING,,,,,,,,,,,,,,,,,,,,,,,,,,,,,,,,,,,,,,,,,,,,,,,,,,,,,,,,,,,,,,,,,,,,,,,,,,,,,,,,,,,,,,,,,,,,,,,,,,,,,,,,,,,,,,,,
FEDNOW,PRE,FN-MTB-100346,INDIVIDUAL,IND-0018,EXTERNAL_INDIVIDUAL,EXT-P-1075,CREDIT,,,,,,,,,,,,,,,,,,,,,,PASSED,,,[],,,,,,,,,,,,,,,False,0,,IDEMP-FN-MTB-100346,,PASSED,False,2023-09-21 00:00:00,28,1027,False,3324744341,3,5,False,[],1,5,20912.61,9440.16,False,35,10000,0.542,5857.68,[],False,,,,,,,,,,,,NOT_APPLICABLE,,,,,,,,MTB-IP-20260714-36440,FN-MTB-100346,FEDNOW,FEDERAL_RESERVE_FEDNOW,pacs.008,IN_PROCESS,MSG-FN-202607146008,INS-FN-846818,E2E-FN-779228879,2026-07-14T20:13:20Z,William Thomas,8788183916,Summit Ridge Bank,748964170,Susan Harris,3324744341,Meridian Trust Bank,MTB0000001,Meridian Trust Bank,5420.82,USD,Vendor settlement,INV-77720,PASSED,PASSED,PASSED,PASSED,PASSED,PASSED,PASSED,PASSED,2026-07-14T20:13:20Z,True,2026-07-14T20:13:30Z,3037,10000,False,0,ACCEPT,PENDING,PENDING,,,,,,,,,,,,,,,,,,,,,,,,,,,,,,,,,,,,,,,,,,,,,,,,,,,,,,,,,,,,,,,,,,,,,,,,,,,,,,,,,,,,,,,,,,,,,,,,,,,,,,,,,,,,,,,,
FEDNOW,PRE,FN-MTB-100385,MERCHANT,MERCH-001,EXTERNAL_INDIVIDUAL,EXT-P-9945,CREDIT,,,,,,,,,,,,,,,,,,,,,,PASSED,,,[],,,,,,,,,,,,,,,False,0,,IDEMP-FN-MTB-100385,,PASSED,False,2023-05-07 00:00:00,13,1195,False,2813398050,1,1,False,[],5,7,18272.35,7075.28,False,48,10000,0.515,5793.22,[],False,,,,,,,,,,,,NOT_APPLICABLE,,,,,,,,MTB-IP-20260814-47131,FN-MTB-100385,FEDNOW,FEDERAL_RESERVE_FEDNOW,pacs.008,IN_PROCESS,MSG-FN-202608147223,INS-FN-917806,E2E-FN-858646143,2026-08-14T00:28:27Z,Barbara Nguyen,8961997182,Cascade Point Bank,25018390,Bluepeak Hardware Supply,2813398050,Meridian Trust Bank,MTB0000001,Meridian Trust Bank,5150,USD,P2P transfer,INV-33377,PASSED,PASSED,PASSED,PASSED,PASSED,PASSED,PASSED,PASSED,2026-08-14T00:28:27Z,True,2026-08-14T00:28:30Z,2690,10000,False,0,ACCEPT,PENDING,PENDING,,,,,,,,,,,,,,,,,,,,,,,,,,,,,,,,,,,,,,,,,,,,,,,,,,,,,,,,,,,,,,,,,,,,,,,,,,,,,,,,,,,,,,,,,,,,,,,,,,,,,,,,,,,,,,,,
FEDNOW,PRE,FN-MTB-100307,INDIVIDUAL,IND-0039,EXTERNAL_INDIVIDUAL,EXT-P-9893,CREDIT,,,,,,,,,,,,,,,,,,,,,,PASSED,,,[],,,,,,,,,,,,,,,False,0,,IDEMP-FN-MTB-100307,,PASSED,True,2026-07-06 00:00:00,0,0,True,8726145386,3,7,False,[],1,8,1392.78,816.95,False,43,10000,0.082,785.26,[],False,,,,,,,,,,,,NOT_APPLICABLE,,,,,,,,MTB-IP-20260706-41897,FN-MTB-100307,FEDNOW,FEDERAL_RESERVE_FEDNOW,pacs.008,IN_PROCESS,MSG-FN-202607064999,INS-FN-473995,E2E-FN-266314470,2026-07-06T23:46:13Z,Emily Allen,4376286460,Ironbridge National Bank,531039908,Kathleen Garcia,8726145386,Meridian Trust Bank,MTB0000001,Meridian Trust Bank,818.22,USD,Vendor settlement,INV-15771,PASSED,PASSED,PASSED,PASSED,PASSED,PASSED,PASSED,PASSED,2026-07-06T23:46:13Z,True,2026-07-06T23:46:14Z,627,10000,False,0,ACCEPT,PENDING,PENDING,,,,,,,,,,,,,,,,,,,,,,,,,,,,,,,,,,,,,,,,,,,,,,,,,,,,,,,,,,,,,,,,,,,,,,,,,,,,,,,,,,,,,,,,,,,,,,,,,,,,,,,,,,,,,,,,
FEDNOW,PRE,FN-MTB-100308,INDIVIDUAL,IND-0008,EXTERNAL_INDIVIDUAL,EXT-P-1277,CREDIT,,,,,,,,,,,,,,,,,,,,,,PASSED,,,[],,,,,,,,,,,,,,,False,0,,IDEMP-FN-MTB-100308,,PASSED,False,2026-03-10 00:00:00,58,114,False,2801898931,5,8,False,[],3,5,46220.21,35788.8,False,31,10000,1.936,22531.07,[],False,,,,,,,,,,,,NOT_APPLICABLE,,,,,,,,MTB-IP-20260702-71498,FN-MTB-100308,FEDNOW,FEDERAL_RESERVE_FEDNOW,pacs.008,IN_PROCESS,MSG-FN-202607026099,INS-FN-917766,E2E-FN-797832951,2026-07-02T16:15:03Z,Edward Thompson,9347041660,Cascade Point Bank,966354407,Emily Ramirez,2801898931,Meridian Trust Bank,MTB0000001,Meridian Trust Bank,19363.81,USD,Vendor settlement,INV-44594,PASSED,PASSED,PASSED,PASSED,PASSED,PASSED,PASSED,PASSED,2026-07-02T16:15:03Z,True,2026-07-02T16:15:10Z,2330,10000,False,91,ACCEPT,PENDING,PENDING,,,,,,,,,,,,,,,,,,,,,,,,,,,,,,,,,,,,,,,,,,,,,,,,,,,,,,,,,,,,,,,,,,,,,,,,,,,,,,,,,,,,,,,,,,,,,,,,,,,,,,,,,,,,,,,,
FEDNOW,PRE,FN-MTB-100315,INDIVIDUAL,IND-0096,EXTERNAL_INDIVIDUAL,EXT-P-8736,CREDIT,,,,,,,,,,,,,,,,,,,,,,PASSED,,,[],,,,,,,,,,,,,,,False,0,,IDEMP-FN-MTB-100315,,PASSED,False,2026-04-15 00:00:00,1,92,False,5507439922,1,3,False,[],1,5,10136.2,3934.49,False,39,10000,0.367,4152.94,[],False,,,,,,,,,,,,NOT_APPLICABLE,,,,,,,,MTB-IP-20260716-56058,FN-MTB-100315,FEDNOW,FEDERAL_RESERVE_FEDNOW,pacs.008,IN_PROCESS,MSG-FN-202607163523,INS-FN-174721,E2E-FN-769896409,2026-07-16T19:53:21Z,Steven Robinson,6153367560,Cascade Point Bank,851660827,Laura Jackson,5507439922,Meridian Trust Bank,MTB0000001,Meridian Trust Bank,3667.01,USD,P2P transfer,INV-51086,PASSED,PASSED,PASSED,PASSED,PASSED,PASSED,PASSED,PASSED,2026-07-16T19:53:21Z,True,2026-07-16T19:53:31Z,3298,10000,False,51,ACCEPT,PENDING,PENDING,,,,,,,,,,,,,,,,,,,,,,,,,,,,,,,,,,,,,,,,,,,,,,,,,,,,,,,,,,,,,,,,,,,,,,,,,,,,,,,,,,,,,,,,,,,,,,,,,,,,,,,,,,,,,,,,
FEDNOW,PRE,FN-MTB-100392,MERCHANT,MERCH-002,EXTERNAL_INDIVIDUAL,EXT-P-3171,CREDIT,,,,,,,,,,,,,,,,,,,,,,PASSED,,,[],,,,,,,,,,,,,,,False,0,,IDEMP-FN-MTB-100392,,PASSED,False,2026-03-04 00:00:00,48,147,False,5123580257,1,2,False,[],1,10,72116.18,39554.33,False,59,10000,1.718,16750.64,[],False,,,,,,,,,,,,NOT_APPLICABLE,,,,,,,,MTB-IP-20260729-70232,FN-MTB-100392,FEDNOW,FEDERAL_RESERVE_FEDNOW,pacs.008,IN_PROCESS,MSG-FN-202607296344,INS-FN-788158,E2E-FN-147754323,2026-07-29T12:31:41Z,Linda Lewis,1073063368,Ironbridge National Bank,326803378,Crestline Office Outfitters,5123580257,Meridian Trust Bank,MTB0000001,Vertex Commerce Pay,17180.72,USD,Vendor settlement,INV-33456,PASSED,PASSED,PASSED,PASSED,PASSED,PASSED,PASSED,PASSED,2026-07-29T12:31:41Z,True,2026-07-29T12:31:45Z,2478,10000,False,51,ACCEPT,PENDING,PENDING,,,,,,,,,,,,,,,,,,,,,,,,,,,,,,,,,,,,,,,,,,,,,,,,,,,,,,,,,,,,,,,,,,,,,,,,,,,,,,,,,,,,,,,,,,,,,,,,,,,,,,,,,,,,,,,,
FEDNOW,PRE,FN-MTB-100342,INDIVIDUAL,IND-0032,EXTERNAL_INDIVIDUAL,EXT-P-9481,CREDIT,,,,,,,,,,,,,,,,,,,,,,PASSED,,,[],,,,,,,,,,,,,,,False,0,,IDEMP-FN-MTB-100342,,PASSED,False,2026-03-20 00:00:00,16,110,False,1898877603,8,8,True,[],1,8,3194.98,1096.48,False,53,10000,0.105,1029.7,[],False,,,,,,,,,,,,NOT_APPLICABLE,,,,,,,,MTB-IP-20260708-34327,FN-MTB-100342,FEDNOW,FEDERAL_RESERVE_FEDNOW,pacs.008,IN_PROCESS,MSG-FN-202607083453,INS-FN-177912,E2E-FN-478196298,2026-07-08T04:51:02Z,Charles Davis,6280776065,Cascade Point Bank,80378999,Richard Clark,1898877603,Meridian Trust Bank,MTB0000001,Meridian Trust Bank,1054.75,USD,Vendor settlement,INV-87502,PASSED,PASSED,PASSED,PASSED,PASSED,PASSED,PASSED,PASSED,2026-07-08T04:51:02Z,True,2026-07-08T04:51:11Z,107,10000,False,0,ACCEPT,PENDING,PENDING,,,,,,,,,,,,,,,,,,,,,,,,,,,,,,,,,,,,,,,,,,,,,,,,,,,,,,,,,,,,,,,,,,,,,,,,,,,,,,,,,,,,,,,,,,,,,,,,,,,,,,,,,,,,,,,,
FEDNOW,PRE,FN-MTB-100344,INDIVIDUAL,IND-0032,EXTERNAL_INDIVIDUAL,EXT-P-7119,CREDIT,,,,,,,,,,,,,,,,,,,,,,PASSED,,,[],,,,,,,,,,,,,,,False,0,,IDEMP-FN-MTB-100344,,PASSED,False,2024-07-08 00:00:00,21,746,False,1898877603,1,5,False,[],3,6,3212.04,2462.35,False,36,10000,0.173,2004.98,[],False,,,,,,,,,,,,NOT_APPLICABLE,,,,,,,,MTB-IP-20260724-77900,FN-MTB-100344,FEDNOW,FEDERAL_RESERVE_FEDNOW,pacs.008,IN_PROCESS,MSG-FN-202607242554,INS-FN-998088,E2E-FN-627067024,2026-07-24T20:23:27Z,Laura Moore,7097058348,Cascade Point Bank,456139431,Richard Clark,1898877603,Meridian Trust Bank,MTB0000001,Meridian Trust Bank,1733.75,USD,Invoice payment,INV-49626,PASSED,PASSED,PASSED,PASSED,PASSED,PASSED,PASSED,PASSED,2026-07-24T20:23:27Z,True,2026-07-24T20:23:31Z,794,10000,False,91,ACCEPT,PENDING,PENDING,,,,,,,,,,,,,,,,,,,,,,,,,,,,,,,,,,,,,,,,,,,,,,,,,,,,,,,,,,,,,,,,,,,,,,,,,,,,,,,,,,,,,,,,,,,,,,,,,,,,,,,,,,,,,,,,
FEDNOW,PRE,FN-MTB-100365,MERCHANT,MERCH-001,INDIVIDUAL,IND-0028,CREDIT,,,,,,,,,,,,,,,,,,,,,,PASSED,,,[],,,,,,,,,,,,,,,False,0,,IDEMP-FN-MTB-100365,,PASSED,False,2023-07-31 00:00:00,49,1104,False,2813398050,1,3,False,[],3,11,4000.05,2092.94,True,57,10000,0.142,1553.79,[],False,,,,,,,,,,,,NOT_APPLICABLE,,,,,,,,MTB-IP-20260808-23174,FN-MTB-100365,FEDNOW,FEDERAL_RESERVE_FEDNOW,pacs.008,IN_PROCESS,MSG-FN-202608085230,INS-FN-431386,E2E-FN-205976884,2026-08-08T12:55:20Z,George Johnson,6963210242,Ironbridge National Bank,10585141,Bluepeak Hardware Supply,2813398050,Meridian Trust Bank,MTB0000001,Meridian Trust Bank,1419.87,USD,Vendor settlement,INV-40884,PASSED,PASSED,PASSED,PASSED,PASSED,PASSED,PASSED,PASSED,2026-08-08T12:55:20Z,True,2026-08-08T12:55:25Z,509,10000,False,0,ACCEPT,PENDING,PENDING,,,,,,,,,,,,,,,,,,,,,,,,,,,,,,,,,,,,,,,,,,,,,,,,,,,,,,,,,,,,,,,,,,,,,,,,,,,,,,,,,,,,,,,,,,,,,,,,,,,,,,,,,,,,,,,,
