rail,settlement_stage,transaction_id,entity_type,entity_id,counterparty_type,counterparty_id,credit_debit_indicator,payment.payment_id,payment.transaction_id,payment.transaction_type,payment.status,payment.created_at,payment.transaction_date,payment.payment_method.type,payment.payment_method.card_brand,payment.payment_method.card_number_masked,payment.payment_method.card_funding,payment.payment_method.card_category,merchant.merchant_id,merchant.legal_name,merchant.merchant_name,merchant.merchant_location.city,merchant.merchant_location.state,merchant.merchant_location.postal_code,merchant.merchant_location.country,transaction.amount,transaction.currency,transaction.authorization.status,transaction.authorization.authorization_code,transaction.authorization.authorization_timestamp,transaction.entry.entry_mode,transaction.entry.channel,references.trace_number,references.reference_id,references.order_id,processing.authorization_status,processing.capture_status,processing.settlement_status,processing.posting_status,processing.reconciliation_status,risk.fraud_status,risk.cvv_result,risk.avs_result,format_validation_details.format_validation_status,format_validation_details.rejection_code,format_validation_details.rejection_reason,format_validation_details.field_level_errors,network_response_control.request_timestamp,network_response_control.response_received,network_response_control.response_timestamp,network_response_control.response_time_ms,network_response_control.expected_response_sla_ms,network_response_control.network_timeout_flag,network_response_control.response_code,file_batch_tracking.settlement_batch_id,file_batch_tracking.batch_status,file_batch_tracking.expected_settlement_timestamp,file_batch_tracking.actual_settlement_timestamp,file_batch_tracking.settlement_lag_minutes,file_batch_tracking.file_reached_settlement,retry_control.is_retry,retry_control.retry_count,retry_control.original_transaction_id,retry_control.idempotency_key,retry_control.retry_reason,retry_control.duplicate_check_status,fraud_risk_indicators.new_merchant_risk.is_new_merchant,fraud_risk_indicators.new_merchant_risk.merchant_first_seen_date,fraud_risk_indicators.new_merchant_risk.prior_transaction_count_with_merchant,fraud_risk_indicators.new_merchant_risk.merchant_relationship_age_days,fraud_risk_indicators.new_merchant_risk.new_merchant_risk_flag,fraud_risk_indicators.velocity_checks.transaction_count_1h,fraud_risk_indicators.velocity_checks.transaction_count_24h,fraud_risk_indicators.velocity_checks.cumulative_amount_24h,fraud_risk_indicators.velocity_checks.velocity_baseline_avg_24h,fraud_risk_indicators.velocity_checks.velocity_threshold_breached,fraud_risk_indicators.velocity_checks.velocity_score,fraud_risk_indicators.structuring_detection.reporting_threshold_amount,fraud_risk_indicators.structuring_detection.amount_to_threshold_ratio,fraud_risk_indicators.structuring_detection.aggregate_amount_24h_same_card,fraud_risk_indicators.structuring_detection.related_transactions_24h,fraud_risk_indicators.structuring_detection.structuring_flag,payment_processor_name,merchant.payment_processor_name,payment.settlement_date,payment.posting_date,merchant.merchant_account.account_type,merchant.merchant_account.routing_number,merchant.merchant_account.issuer_bank,card.card_number_masked,card.card_brand,card.card_funding,card.card_category,card.issuer.name,card.issuer.country,settlement.status,settlement.settlement_batch_id,settlement.settlement_reference,settlement.settlement_date,settlement.settlement_timestamp,settlement.gross_amount,settlement.fees.total,settlement.fees.details,settlement.taxes.amount,settlement.taxes.currency,settlement.net_amount,settlement.settlement_currency,bank_posting.status,bank_posting.posting_id,bank_posting.posting_timestamp,bank_posting.debit_credit_indicator,bank_posting.currency,bank_posting.value_date,bank_posting.ledger_transaction_id,bank_posting.account.account_type,bank_posting.account.routing_number,dispute.status,dispute.chargeback_amount,dispute.currency,bank_posting.posted_amount,merchant.merchant_account.onboarded_by,merchant.merchant_account.account_number,reconciliation.reconciliation_status,reconciliation.reconciliation_timestamp,reconciliation.variance_amount,reconciliation.amount_match,reconciliation.ledger_transaction_id,reconciliation.network_settlement_amount,reconciliation.ledger_posted_amount,reconciliation.network_settlement_reference,fraud_risk_indicators_summary.new_payee_risk_flag,fraud_risk_indicators_summary.funnel_account_flag,fraud_risk_indicators_summary.velocity_threshold_breached,fraud_risk_indicators_summary.structuring_flag,fraud_risk_indicators_summary.new_merchant_risk_flag,bank_posting.account.account_number,payment.rail,payment.network,payment.message_type,message.message_id,message.instruction_id,message.end_to_end_id,message.received_timestamp,debtor.name,debtor.account_number,debtor.bank.issuer_name,debtor.bank.routing_number,creditor.name,creditor.account_number,creditor.bank.issuer_name,creditor.bank.routing_number,creditor.bank.onboarded_by,amount.value,amount.currency,remittance.information,remittance.reference,validation.message_validation,validation.participant_validation,validation.account_validation,validation.duplicate_check,validation.format_validation_details.format_validation_status,validation.format_validation_details.rejection_code,validation.format_validation_details.rejection_reason,validation.format_validation_details.field_level_errors,risk_compliance.fraud_status,risk_compliance.sanctions_status,risk_compliance.aml_status,risk_compliance.compliance_status,fraud_risk_indicators.new_payee_risk.is_new_payee,fraud_risk_indicators.new_payee_risk.payee_account_first_seen_date,fraud_risk_indicators.new_payee_risk.prior_transaction_count_with_payee,fraud_risk_indicators.new_payee_risk.payee_relationship_age_days,fraud_risk_indicators.new_payee_risk.new_payee_risk_flag,fraud_risk_indicators.funnel_account_detection.beneficiary_account_number,fraud_risk_indicators.funnel_account_detection.distinct_originating_accounts_24h,fraud_risk_indicators.funnel_account_detection.distinct_originating_accounts_7d,fraud_risk_indicators.funnel_account_detection.funnel_account_flag,fraud_risk_indicators.funnel_account_detection.related_transaction_ids,fraud_risk_indicators.structuring_detection.aggregate_amount_24h_same_originator,processing.decision,parties.debtor.name,parties.debtor.account_number,parties.debtor.bank_name,parties.creditor.name,parties.creditor.account_number,parties.creditor.bank_name,parties.creditor.onboarded_by,settlement.settlement_amount,posting.status,posting.posting_id,posting.posting_timestamp,posting.value_date,posting.customer_account,posting.credit_debit_indicator,posting.currency,posting.ledger_transaction_id,account.account_number,account.credit_amount,account.debit_amount,account.ledger_balance,account.available_balance,account.onboarded_by,posting.posted_amount,audit.received_timestamp,audit.settled_timestamp,audit.posted_timestamp,audit.completed_timestamp,originating_bank.name,originating_bank.bank_role,originating_bank.routing_number,originator.name,originator.identification,originator.account_number,originator.onboarded_by,originator.issuer_bank,receiver.name,receiver.account_number,receiver.account_type,receiver.routing_number,merchant_id,payment.transaction_code,payment.credit_debit,payment.amount,payment.currency,payment.effective_entry_date,payment.company_entry_description,ach_batch.batch_id,ach_batch.sec_code,ach_batch.service_class_code,ach_batch.batch_number,ach_file.file_id,ach_file.file_creation_date,ach_file.file_creation_time,ach_file.file_id_modifier,trace.trace_number,trace.original_trace_number,validation.routing_validation,validation.format_validation,file_batch_tracking.file_ack_status,settlement.expected_settlement_date,account_posting.status,account_posting.posting_date,account_posting.account_entry_type,account_posting.ledger_balance.before,account_posting.ledger_balance.after,account_posting.available_balance.before,account_posting.available_balance.after,timestamps.received_at,timestamps.validated_at,timestamps.settled_at,timestamps.posted_at,validation.fraud_review,wire_id,network.network,network.message_type,network.received_timestamp,network.settlement_status,identifiers.uetr,identifiers.imad,identifiers.message_id,identifiers.instruction_id,identifiers.transaction_id,identifiers.end_to_end_id,payment.value_date,debtor.address.street,debtor.address.city,debtor.address.state,debtor.address.postal_code,debtor.address.country,debtor_agent.issuer_bank,debtor_agent.routing_number,creditor.onboarded_by,creditor.address.city,creditor.address.state,creditor.address.country,creditor_agent.name,creditor_agent.routing_number,processing.account_validation,processing.sanctions_screening,processing.aml_screening,processing.fraud_screening,processing.compliance_status,settlement.network,settlement.amount,settlement.currency,posting.amount,cheque.cheque_number,cheque.amount,cheque.currency,cheque.issue_date,cheque.micr.routing_number,cheque.micr.account_number,cheque.micr.onboarded_by,cheque.micr.issuer_bank,cheque.micr.serial_number,payee.payee_name,payee.depositary_bank.bofd_routing_number,payee.depositary_bank.depositor_account_number,presentment.presentment_id,presentment.presentment_date,presentment.clearing_channel,presentment.status,validation.micr_validation,validation.amount_validation,validation.image_quality,validation.signature_verification,clearing_network_response.request_timestamp,clearing_network_response.response_received,clearing_network_response.response_timestamp,clearing_network_response.response_time_ms,clearing_network_response.expected_response_sla_ms,clearing_network_response.network_timeout_flag,clearing_network_response.response_code,file_batch_tracking.cash_letter_id,file_batch_tracking.file_ack_timestamp
FEDNOW,POST,FN-MTB-100330,INDIVIDUAL,IND-0031,EXTERNAL_INDIVIDUAL,EXT-P-3210,CREDIT,MTB-IP-20260809-71123,FN-MTB-100330,,COMPLETED,,,,,,,,,,,,,,,,,,,,,,,,,,,PENDING,PENDING,,,,,,,,,2026-08-09T15:35:52Z,True,2026-08-09T15:35:58Z,4055,10000,False,0,,,,,,,False,0,,IDEMP-FN-MTB-100330,,PASSED,,,,,,1,6,274.03,111.4,False,44,10000,0.015,,[],False,,,,,,,,,,,,,,SETTLED,,SETTLE-FN-MTB-100330,,2026-08-09T15:35:58Z,,,,,,,USD,,,,,,,,,,,,,,,,NOT_YET_RECONCILED,,0,True,LEDG-FN-MTB-100330,151.31,151.31,SETTLE-FN-MTB-100330,False,False,False,False,,,FEDNOW,FEDERAL_RESERVE_FEDNOW,pacs.008,MSG-FN-202608095080,INS-FN-891720,E2E-FN-990651959,2026-08-09T15:35:52Z,Maria Walker,8635178434,Cascade Point Bank,633904715,Kimberly Anderson,5283448863,Meridian Trust Bank,MTB0000001,Meridian Trust Bank,151.31,USD,P2P transfer,INV-21316,PASSED,PASSED,PASSED,PASSED,PASSED,,,[],PASSED,PASSED,PASSED,PASSED,False,2025-06-07 00:00:00,30,428,False,5283448863,2,5,False,[],164.2,ACCEPT,Maria Walker,8635178434,Cascade Point Bank,Kimberly Anderson,5283448863,Meridian Trust Bank,Meridian Trust Bank,151.31,POSTED,POST-MTB-668779,2026-08-09T15:36:08Z,2026-08-09 00:00:00,5283448863,CREDIT,USD,LEDG-FN-MTB-100330,5283448863,151.31,0,14309.16,14309.16,Meridian Trust Bank,151.31,2026-08-09T15:35:52Z,2026-08-09T15:35:58Z,2026-08-09T15:36:08Z,2026-08-09T15:36:08Z,,,,,,,,,,,,,,,,,,,,,,,,,,,,,,,,,,,,,,,,,,,,,,,,,,,,,,,,,,,,,,,,,,,,,,,,,,,,,,,,,,,,,,,,,,,,,,,,,,,,,,,,,,,,
FEDNOW,POST,FN-MTB-100375,MERCHANT,MERCH-007,EXTERNAL_INDIVIDUAL,EXT-P-5893,CREDIT,MTB-IP-20260801-45506,FN-MTB-100375,,COMPLETED,,,,,,,,,,,,,,,,,,,,,,,,,,,PENDING,PENDING,,,,,,,,,2026-08-01T14:00:54Z,True,2026-08-01T14:01:08Z,415,10000,False,91,,,,,,,False,0,,IDEMP-FN-MTB-100375,,PASSED,,,,,,3,12,3218.5,2001.82,True,63,10000,0.193,,[],False,,,,,,,,,,,,,,SETTLED,,SETTLE-FN-MTB-100375,,2026-08-01T14:01:08Z,,,,,,,USD,,,,,,,,,,,,,,,,MATCHED,2026-08-02T18:01:08Z,0,True,LEDG-FN-MTB-100375,1931.15,1931.15,SETTLE-FN-MTB-100375,False,False,True,False,,,FEDNOW,FEDERAL_RESERVE_FEDNOW,pacs.008,MSG-FN-202608018321,INS-FN-360968,E2E-FN-244721639,2026-08-01T14:00:54Z,Andrew Sanchez,2344750186,Cascade Point Bank,80057767,Fernbrook Electronics,702250308,Meridian Trust Bank,MTB0000001,BrightLedger Payments,1931.15,USD,Invoice payment,INV-43795,PASSED,PASSED,PASSED,PASSED,PASSED,,,[],PASSED,PASSED,PASSED,PASSED,False,2025-09-04 00:00:00,59,331,False,702250308,1,1,False,[],1626.19,ACCEPT,Andrew Sanchez,2344750186,Cascade Point Bank,Fernbrook Electronics,702250308,Meridian Trust Bank,BrightLedger Payments,1931.15,POSTED,POST-MTB-628486,2026-08-01T14:01:18Z,2026-08-01 00:00:00,702250308,CREDIT,USD,LEDG-FN-MTB-100375,702250308,1931.15,0,7200.09,7200.09,BrightLedger Payments,1931.15,2026-08-01T14:00:54Z,2026-08-01T14:01:08Z,2026-08-01T14:01:18Z,2026-08-01T14:01:18Z,,,,,,,,,,,,,,,,,,,,,,,,,,,,,,,,,,,,,,,,,,,,,,,,,,,,,,,,,,,,,,,,,,,,,,,,,,,,,,,,,,,,,,,,,,,,,,,,,,,,,,,,,,,,
FEDNOW,POST,FN-MTB-100325,INDIVIDUAL,IND-0030,EXTERNAL_INDIVIDUAL,EXT-P-3652,CREDIT,MTB-IP-20260721-69781,FN-MTB-100325,,COMPLETED,,,,,,,,,,,,,,,,,,,,,,,,,,,PENDING,PENDING,,,,,,,,,2026-07-21T23:46:11Z,True,2026-07-22T03:03:41Z,188,10000,False,5,,,,,,,False,0,,IDEMP-FN-MTB-100325,,PASSED,,,,,,1,1,34414.84,21896.08,False,13,10000,1.978,,[],False,,,,,,,,,,,,,,SETTLED,,SETTLE-FN-MTB-100325,,2026-07-22T03:03:41Z,,,,,,,USD,,,,,,,,,,,,,,,,NOT_YET_RECONCILED,,0,True,LEDG-FN-MTB-100325,19784.08,19784.08,SETTLE-FN-MTB-100325,False,False,False,False,,,FEDNOW,FEDERAL_RESERVE_FEDNOW,pacs.008,MSG-FN-202607211981,INS-FN-884215,E2E-FN-978746393,2026-07-21T23:46:11Z,James Lopez,9854270607,Ironbridge National Bank,664652842,Matthew Brown,6094968993,Meridian Trust Bank,MTB0000001,Meridian Trust Bank,19784.08,USD,P2P transfer,INV-30698,PASSED,PASSED,PASSED,PASSED,PASSED,,,[],PASSED,PASSED,PASSED,PASSED,False,2024-04-04 00:00:00,52,838,False,6094968993,2,3,False,[],23906.61,ACCEPT,James Lopez,9854270607,Ironbridge National Bank,Matthew Brown,6094968993,Meridian Trust Bank,Meridian Trust Bank,19784.08,POSTED,POST-MTB-901012,2026-07-22T03:03:51Z,2026-07-22 00:00:00,6094968993,CREDIT,USD,LEDG-FN-MTB-100325,6094968993,19784.08,0,48057.7,48057.7,Meridian Trust Bank,19784.08,2026-07-21T23:46:11Z,2026-07-22T03:03:41Z,2026-07-22T03:03:51Z,2026-07-22T03:03:51Z,,,,,,,,,,,,,,,,,,,,,,,,,,,,,,,,,,,,,,,,,,,,,,,,,,,,,,,,,,,,,,,,,,,,,,,,,,,,,,,,,,,,,,,,,,,,,,,,,,,,,,,,,,,,
FEDNOW,POST,FN-MTB-100382,MERCHANT,MERCH-004,INDIVIDUAL,IND-0019,CREDIT,MTB-IP-20260709-59536,FN-MTB-100382,,COMPLETED,,,,,,,,,,,,,,,,,,,,,,,,,,,PENDING,PENDING,,,,,,,,,2026-07-09T07:39:01Z,True,2026-07-09T07:39:12Z,834,10000,False,0,,,,,,,False,0,,IDEMP-FN-MTB-100382,,PASSED,,,,,,2,5,95000.01,39178.92,False,37,10000,2.311,,[],False,,,,,,,,,,,,,,SETTLED,,SETTLE-FN-MTB-100382,,2026-07-09T07:39:12Z,,,,,,,USD,,,,,,,,,,,,,,,,MATCHED,2026-07-10T13:39:12Z,0,True,LEDG-FN-MTB-100382,23112.98,23112.98,SETTLE-FN-MTB-100382,False,False,False,False,,,FEDNOW,FEDERAL_RESERVE_FEDNOW,pacs.008,MSG-FN-202607092643,INS-FN-377098,E2E-FN-521481094,2026-07-09T07:39:01Z,Amanda Moore,8829864786,Summit Ridge Bank,461386707,Pinehollow Auto Parts,3061977058,Meridian Trust Bank,MTB0000001,Vertex Commerce Pay,23112.98,USD,P2P transfer,INV-83235,PASSED,PASSED,PASSED,PASSED,PASSED,,,[],PASSED,PASSED,PASSED,PASSED,False,2025-12-19 00:00:00,5,202,False,3061977058,1,3,False,[],18713.35,ACCEPT,Amanda Moore,8829864786,Summit Ridge Bank,Pinehollow Auto Parts,3061977058,Meridian Trust Bank,Vertex Commerce Pay,23112.98,POSTED,POST-MTB-393257,2026-07-09T07:39:22Z,2026-07-09 00:00:00,3061977058,CREDIT,USD,LEDG-FN-MTB-100382,3061977058,23112.98,0,77009.61,77009.61,Vertex Commerce Pay,23112.98,2026-07-09T07:39:01Z,2026-07-09T07:39:12Z,2026-07-09T07:39:22Z,2026-07-09T07:39:22Z,,,,,,,,,,,,,,,,,,,,,,,,,,,,,,,,,,,,,,,,,,,,,,,,,,,,,,,,,,,,,,,,,,,,,,,,,,,,,,,,,,,,,,,,,,,,,,,,,,,,,,,,,,,,
FEDNOW,POST,FN-MTB-100388,MERCHANT,MERCH-002,INDIVIDUAL,IND-0033,CREDIT,MTB-IP-20260702-31531,FN-MTB-100388,,COMPLETED,,,,,,,,,,,,,,,,,,,,,,,,,,,PENDING,PENDING,,,,,,,,,2026-07-02T05:59:53Z,True,2026-07-02T06:00:04Z,2445,10000,False,51,,,,,,,False,0,,IDEMP-FN-MTB-100388,,PASSED,,,,,,1,10,710.14,277.88,False,62,10000,0.025,,[],False,,,,,,,,,,,,,,SETTLED,,SETTLE-FN-MTB-100388,,2026-07-02T06:00:04Z,,,,,,,USD,,,,,,,,,,,,,,,,MATCHED,2026-07-03T09:00:04Z,0,True,LEDG-FN-MTB-100388,252.61,252.61,SETTLE-FN-MTB-100388,False,False,False,False,,,FEDNOW,FEDERAL_RESERVE_FEDNOW,pacs.008,MSG-FN-202607022550,INS-FN-815451,E2E-FN-166106559,2026-07-02T05:59:53Z,Timothy Taylor,1790285593,Cascade Point Bank,140646857,Crestline Office Outfitters,5123580257,Meridian Trust Bank,MTB0000001,Vertex Commerce Pay,252.61,USD,Invoice payment,INV-59643,PASSED,PASSED,PASSED,PASSED,PASSED,,,[],PASSED,PASSED,PASSED,PASSED,True,2026-07-02 00:00:00,0,0,False,5123580257,3,5,False,[],294.01,ACCEPT,Timothy Taylor,1790285593,Cascade Point Bank,Crestline Office Outfitters,5123580257,Meridian Trust Bank,Vertex Commerce Pay,252.61,POSTED,POST-MTB-841173,2026-07-02T06:00:14Z,2026-07-02 00:00:00,5123580257,CREDIT,USD,LEDG-FN-MTB-100388,5123580257,252.61,0,114806.91,114806.91,Vertex Commerce Pay,252.61,2026-07-02T05:59:53Z,2026-07-02T06:00:04Z,2026-07-02T06:00:14Z,2026-07-02T06:00:14Z,,,,,,,,,,,,,,,,,,,,,,,,,,,,,,,,,,,,,,,,,,,,,,,,,,,,,,,,,,,,,,,,,,,,,,,,,,,,,,,,,,,,,,,,,,,,,,,,,,,,,,,,,,,,
FEDNOW,POST,FN-MTB-100317,INDIVIDUAL,IND-0095,EXTERNAL_INDIVIDUAL,EXT-P-1591,CREDIT,MTB-IP-20260716-53970,FN-MTB-100317,,COMPLETED,,,,,,,,,,,,,,,,,,,,,,,,,,,PENDING,PENDING,,,,,,,,,2026-07-16T23:18:47Z,True,2026-07-16T23:18:54Z,462,10000,False,0,,,,,,,False,0,,IDEMP-FN-MTB-100317,,PASSED,,,,,,2,3,1022.92,523.38,False,29,10000,0.092,,[],False,,,,,,,,,,,,,,SETTLED,,SETTLE-FN-MTB-100317,,2026-07-16T23:18:54Z,,,,,,,USD,,,,,,,,,,,,,,,,MATCHED,2026-07-17T15:18:54Z,0,True,LEDG-FN-MTB-100317,916.97,916.97,SETTLE-FN-MTB-100317,False,False,False,False,,,FEDNOW,FEDERAL_RESERVE_FEDNOW,pacs.008,MSG-FN-202607161561,INS-FN-387648,E2E-FN-338421932,2026-07-16T23:18:47Z,Kathleen Rodriguez,1034442674,Cascade Point Bank,519459670,Deborah Lee,5373324346,Meridian Trust Bank,MTB0000001,Meridian Trust Bank,916.97,USD,P2P transfer,INV-69266,PASSED,PASSED,PASSED,PASSED,PASSED,,,[],PASSED,PASSED,PASSED,PASSED,False,2026-05-04 00:00:00,26,73,False,5373324346,1,2,False,[],943.2,ACCEPT,Kathleen Rodriguez,1034442674,Cascade Point Bank,Deborah Lee,5373324346,Meridian Trust Bank,Meridian Trust Bank,916.97,POSTED,POST-MTB-970683,2026-07-16T23:19:04Z,2026-07-16 00:00:00,5373324346,CREDIT,USD,LEDG-FN-MTB-100317,5373324346,916.97,0,25544.72,25544.72,Meridian Trust Bank,916.97,2026-07-16T23:18:47Z,2026-07-16T23:18:54Z,2026-07-16T23:19:04Z,2026-07-16T23:19:04Z,,,,,,,,,,,,,,,,,,,,,,,,,,,,,,,,,,,,,,,,,,,,,,,,,,,,,,,,,,,,,,,,,,,,,,,,,,,,,,,,,,,,,,,,,,,,,,,,,,,,,,,,,,,,
FEDNOW,POST,FN-MTB-100341,INDIVIDUAL,IND-0038,EXTERNAL_INDIVIDUAL,EXT-P-1593,CREDIT,MTB-IP-20260702-62042,FN-MTB-100341,,COMPLETED,,,,,,,,,,,,,,,,,,,,,,,,,,,PENDING,PENDING,,,,,,,,,2026-07-02T06:12:14Z,True,2026-07-02T06:12:15Z,4234,10000,False,51,,,,,,,False,0,,IDEMP-FN-MTB-100341,,PASSED,,,,,,1,5,4506.66,1590.33,False,41,10000,0.128,,[],False,,,,,,,,,,,,,,SETTLED,,SETTLE-FN-MTB-100341,,2026-07-02T06:12:15Z,,,,,,,USD,,,,,,,,,,,,,,,,MATCHED,2026-07-02T08:12:15Z,0,True,LEDG-FN-MTB-100341,1279.36,1279.36,SETTLE-FN-MTB-100341,False,True,False,False,,,FEDNOW,FEDERAL_RESERVE_FEDNOW,pacs.008,MSG-FN-202607025957,INS-FN-881180,E2E-FN-412989649,2026-07-02T06:12:14Z,Edward Young,9832658839,Ironbridge National Bank,460087188,Stephanie Martin,6391586450,Meridian Trust Bank,MTB0000001,Meridian Trust Bank,1279.36,USD,P2P transfer,INV-87589,PASSED,PASSED,PASSED,PASSED,PASSED,,,[],PASSED,PASSED,PASSED,PASSED,False,2025-05-15 00:00:00,22,413,False,6391586450,8,11,True,[],1043.9,ACCEPT,Edward Young,9832658839,Ironbridge National Bank,Stephanie Martin,6391586450,Meridian Trust Bank,Meridian Trust Bank,1279.36,POSTED,POST-MTB-706012,2026-07-02T06:12:25Z,2026-07-02 00:00:00,6391586450,CREDIT,USD,LEDG-FN-MTB-100341,6391586450,1279.36,0,14589.24,14589.24,Meridian Trust Bank,1279.36,2026-07-02T06:12:14Z,2026-07-02T06:12:15Z,2026-07-02T06:12:25Z,2026-07-02T06:12:25Z,,,,,,,,,,,,,,,,,,,,,,,,,,,,,,,,,,,,,,,,,,,,,,,,,,,,,,,,,,,,,,,,,,,,,,,,,,,,,,,,,,,,,,,,,,,,,,,,,,,,,,,,,,,,
FEDNOW,POST,FN-MTB-100331,INDIVIDUAL,IND-0026,EXTERNAL_INDIVIDUAL,EXT-P-6003,CREDIT,MTB-IP-20260814-81644,FN-MTB-100331,,IN_PROCESS,,,,,,,,,,,,,,,,,,,,,,,,,,,PENDING,PENDING,,,,,,,,,2026-08-14T09:29:29Z,False,,,10000,True,,,,,,,,False,0,,IDEMP-FN-MTB-100331,,PASSED,,,,,,1,6,3486.01,2115.62,False,34,10000,0.158,,[],False,,,,,,,,,,,,,,,,,,,,,,,,,,,,,,,,,,,,,,,,,NOT_APPLICABLE,,,,,,,,False,True,False,False,,,FEDNOW,FEDERAL_RESERVE_FEDNOW,pacs.008,MSG-FN-202608149167,INS-FN-495845,E2E-FN-334324879,2026-08-14T09:29:29Z,Andrew Young,291130890,Cascade Point Bank,445482864,Kathleen Clark,3953571611,Meridian Trust Bank,MTB0000001,Meridian Trust Bank,1575.99,USD,Vendor settlement,INV-56334,PASSED,PASSED,PASSED,PASSED,PASSED,,,[],PASSED,PASSED,PASSED,PASSED,False,2025-12-12 00:00:00,28,245,False,3953571611,5,7,True,[],1434.62,ACCEPT,,,,,,,,,,,,,,,,,,,,,,,,,,,,,,,,,,,,,,,,,,,,,,,,,,,,,,,,,,,,,,,,,,,,,,,,,,,,,,,,,,,,,,,,,,,,,,,,,,,,,,,,,,,,,,,,,,,,,,,,,,,,,,,,,,,,,,,
FEDNOW,POST,FN-MTB-100313,INDIVIDUAL,IND-0050,EXTERNAL_INDIVIDUAL,EXT-P-8596,CREDIT,MTB-IP-20260818-46769,FN-MTB-100313,,COMPLETED,,,,,,,,,,,,,,,,,,,,,,,,,,,PENDING,PENDING,,,,,,,,,2026-08-18T07:05:02Z,True,2026-08-18T07:05:15Z,1785,10000,False,91,,,,,,,False,0,,IDEMP-FN-MTB-100313,,PASSED,,,,,,1,8,76968.79,29592.53,False,49,10000,1.846,,[],False,,,,,,,,,,,,,,SETTLED,,SETTLE-FN-MTB-100313,,2026-08-18T07:05:15Z,,,,,,,USD,,,,,,,,,,,,,,,,MATCHED,2026-08-19T07:05:15Z,0,True,LEDG-FN-MTB-100313,18464.51,18464.51,SETTLE-FN-MTB-100313,False,False,False,False,,,FEDNOW,FEDERAL_RESERVE_FEDNOW,pacs.008,MSG-FN-202608187168,INS-FN-811819,E2E-FN-452048462,2026-08-18T07:05:02Z,Rebecca Anderson,5479459082,Cascade Point Bank,453474299,Amanda Hill,3331981298,Meridian Trust Bank,MTB0000001,Meridian Trust Bank,18464.51,USD,Invoice payment,INV-52056,PASSED,PASSED,PASSED,PASSED,PASSED,,,[],PASSED,PASSED,PASSED,PASSED,False,2026-04-16 00:00:00,32,124,False,3331981298,2,5,False,[],22326.69,ACCEPT,Rebecca Anderson,5479459082,Cascade Point Bank,Amanda Hill,3331981298,Meridian Trust Bank,Meridian Trust Bank,18464.51,POSTED,POST-MTB-527107,2026-08-18T07:05:25Z,2026-08-18 00:00:00,3331981298,CREDIT,USD,LEDG-FN-MTB-100313,3331981298,18464.51,0,129033.02,129033.02,Meridian Trust Bank,18464.51,2026-08-18T07:05:02Z,2026-08-18T07:05:15Z,2026-08-18T07:05:25Z,2026-08-18T07:05:25Z,,,,,,,,,,,,,,,,,,,,,,,,,,,,,,,,,,,,,,,,,,,,,,,,,,,,,,,,,,,,,,,,,,,,,,,,,,,,,,,,,,,,,,,,,,,,,,,,,,,,,,,,,,,,
FEDNOW,POST,FN-MTB-100326,INDIVIDUAL,IND-0019,INDIVIDUAL,IND-0028,CREDIT,MTB-IP-20260731-50963,FN-MTB-100326,,COMPLETED,,,,,,,,,,,,,,,,,,,,,,,,,,,PENDING,PENDING,,,,,,,,,2026-07-31T22:39:14Z,True,2026-07-31T22:39:18Z,2021,10000,False,0,,,,,,,False,0,,IDEMP-FN-MTB-100326,,PASSED,,,,,,1,4,21852.52,12535.59,False,30,10000,0.962,,[],False,,,,,,,,,,,,,,SETTLED,,SETTLE-FN-MTB-100326,,2026-07-31T22:39:18Z,,,,,,,USD,,,,,,,,,,,,,,,,MATCHED,2026-08-01T14:39:18Z,0,True,LEDG-FN-MTB-100326,9616.19,9616.19,SETTLE-FN-MTB-100326,False,False,False,False,,,FEDNOW,FEDERAL_RESERVE_FEDNOW,pacs.008,MSG-FN-202607316289,INS-FN-785460,E2E-FN-390730634,2026-07-31T22:39:14Z,George Johnson,6963210242,Summit Ridge Bank,311130111,Amanda Moore,8829864786,Meridian Trust Bank,MTB0000001,Meridian Trust Bank,9616.19,USD,Invoice payment,INV-58423,PASSED,PASSED,PASSED,PASSED,PASSED,,,[],PASSED,PASSED,PASSED,PASSED,False,2023-07-06 00:00:00,58,1121,False,8829864786,2,5,False,[],14506.53,ACCEPT,George Johnson,6963210242,Summit Ridge Bank,Amanda Moore,8829864786,Meridian Trust Bank,Meridian Trust Bank,9616.19,POSTED,POST-MTB-674757,2026-07-31T22:39:28Z,2026-07-31 00:00:00,8829864786,CREDIT,USD,LEDG-FN-MTB-100326,8829864786,9616.19,0,7945.81,7945.81,Meridian Trust Bank,9616.19,2026-07-31T22:39:14Z,2026-07-31T22:39:18Z,2026-07-31T22:39:28Z,2026-07-31T22:39:28Z,,,,,,,,,,,,,,,,,,,,,,,,,,,,,,,,,,,,,,,,,,,,,,,,,,,,,,,,,,,,,,,,,,,,,,,,,,,,,,,,,,,,,,,,,,,,,,,,,,,,,,,,,,,,
FEDNOW,POST,FN-MTB-100323,INDIVIDUAL,IND-0025,EXTERNAL_INDIVIDUAL,EXT-P-9628,CREDIT,MTB-IP-20260814-55492,FN-MTB-100323,,COMPLETED,,,,,,,,,,,,,,,,,,,,,,,,,,,PENDING,PENDING,,,,,,,,,2026-08-14T06:54:51Z,True,2026-08-14T06:54:59Z,603,10000,False,51,,,,,,,False,0,,IDEMP-FN-MTB-100323,,PASSED,,,,,,2,2,32292.55,25765.77,False,14,10000,0.974,,[],False,,,,,,,,,,,,,,SETTLED,,SETTLE-FN-MTB-100323,,2026-08-14T06:54:59Z,,,,,,,USD,,,,,,,,,,,,,,,,BREAK,2026-08-14T19:54:59Z,24.63,False,LEDG-FN-MTB-100323,9742.37,9767,SETTLE-FN-MTB-100323,True,False,False,False,,,FEDNOW,FEDERAL_RESERVE_FEDNOW,pacs.008,MSG-FN-202608147591,INS-FN-430648,E2E-FN-264045590,2026-08-14T06:54:51Z,David Anderson,1510752707,Cascade Point Bank,675370138,Mark Jackson,9374062971,Meridian Trust Bank,MTB0000001,Meridian Trust Bank,9742.37,USD,Vendor settlement,INV-85569,PASSED,PASSED,PASSED,PASSED,PASSED,,,[],PASSED,PASSED,PASSED,PASSED,True,2026-08-14 00:00:00,0,0,True,9374062971,1,5,False,[],8246.4,ACCEPT,David Anderson,1510752707,Cascade Point Bank,Mark Jackson,9374062971,Meridian Trust Bank,Meridian Trust Bank,9742.37,POSTED,POST-MTB-175485,2026-08-14T06:55:09Z,2026-08-14 00:00:00,9374062971,CREDIT,USD,LEDG-FN-MTB-100323,9374062971,9742.37,0,35862.52,35862.52,Meridian Trust Bank,9767,2026-08-14T06:54:51Z,2026-08-14T06:54:59Z,2026-08-14T06:55:09Z,2026-08-14T06:55:09Z,,,,,,,,,,,,,,,,,,,,,,,,,,,,,,,,,,,,,,,,,,,,,,,,,,,,,,,,,,,,,,,,,,,,,,,,,,,,,,,,,,,,,,,,,,,,,,,,,,,,,,,,,,,,
FEDNOW,POST,FN-MTB-100514,MERCHANT,MERCH-006,EXTERNAL_INDIVIDUAL,EXT-P-7167,CREDIT,MTB-IP-20260715-60457,FN-MTB-100514,,COMPLETED,,,,,,,,,,,,,,,,,,,,,,,,,,,PENDING,PENDING,,,,,,,,,2026-07-15T13:41:37Z,True,2026-07-15T13:41:52Z,877,10000,False,0,,,,,,,True,1,FN-MTB-100390,IDEMP-FN-MTB-100390,,FLAGGED,,,,,,1,9,1822.29,705.55,False,49,10000,0.06,,[],False,,,,,,,,,,,,,,SETTLED,,SETTLE-FN-MTB-100514,,2026-07-15T13:41:52Z,,,,,,,USD,,,,,,,,,,,,,,,,BREAK,2026-07-16T12:41:52Z,0,True,LEDG-FN-MTB-100514,596.29,596.29,SETTLE-FN-MTB-100514,False,False,False,False,,,FEDNOW,FEDERAL_RESERVE_FEDNOW,pacs.008,MSG-FN-202607154624,INS-FN-549094,E2E-FN-989871856,2026-07-15T13:41:37Z,George Clark,6275384712,Ironbridge National Bank,388200909,Redgate Wholesale Foods,3264421990,Meridian Trust Bank,MTB0000001,Meridian Trust Bank,596.29,USD,Vendor settlement,INV-49778,PASSED,PASSED,PASSED,PASSED,PASSED,,,[],PASSED,PASSED,PASSED,PASSED,False,2026-05-27 00:00:00,26,49,False,3264421990,2,6,False,[],669.52,ACCEPT,George Clark,6275384712,Ironbridge National Bank,Redgate Wholesale Foods,3264421990,Meridian Trust Bank,Meridian Trust Bank,596.29,POSTED,POST-MTB-583159,2026-07-15T13:42:02Z,2026-07-15 00:00:00,3264421990,CREDIT,USD,LEDG-FN-MTB-100514,3264421990,596.29,0,6860.19,6860.19,Meridian Trust Bank,596.29,2026-07-15T13:41:37Z,2026-07-15T13:41:52Z,2026-07-15T13:42:02Z,2026-07-15T13:42:02Z,,,,,,,,,,,,,,,,,,,,,,,,,,,,,,,,,,,,,,,,,,,,,,,,,,,,,,,,,,,,,,,,,,,,,,,,,,,,,,,,,,,,,,,,,,,,,,,,,,,,,,,,,,,,
FEDNOW,POST,FN-MTB-100348,INDIVIDUAL,IND-0069,EXTERNAL_INDIVIDUAL,EXT-P-4173,CREDIT,MTB-IP-20260703-21665,FN-MTB-100348,,COMPLETED,,,,,,,,,,,,,,,,,,,,,,,,,,,PENDING,PENDING,,,,,,,,,2026-07-03T13:36:06Z,True,2026-07-03T13:36:12Z,339,10000,False,0,,,,,,,False,0,,IDEMP-FN-MTB-100348,,PASSED,,,,,,5,15,2667.83,1406.36,True,69,10000,0.086,,[],False,,,,,,,,,,,,,,SETTLED,,SETTLE-FN-MTB-100348,,2026-07-03T13:36:12Z,,,,,,,USD,,,,,,,,,,,,,,,,NOT_YET_RECONCILED,,0,True,LEDG-FN-MTB-100348,857.94,857.94,SETTLE-FN-MTB-100348,False,False,True,False,,,FEDNOW,FEDERAL_RESERVE_FEDNOW,pacs.008,MSG-FN-202607034414,INS-FN-611492,E2E-FN-279135864,2026-07-03T13:36:06Z,Laura Hill,6265164050,Ironbridge National Bank,415378210,Melissa Williams,3894960981,Meridian Trust Bank,MTB0000001,Meridian Trust Bank,857.94,USD,Invoice payment,INV-28461,PASSED,PASSED,PASSED,PASSED,PASSED,,,[],PASSED,PASSED,PASSED,PASSED,False,2025-12-09 00:00:00,15,206,False,3894960981,3,5,False,[],1041.24,ACCEPT,Laura Hill,6265164050,Ironbridge National Bank,Melissa Williams,3894960981,Meridian Trust Bank,Meridian Trust Bank,857.94,POSTED,POST-MTB-499036,2026-07-03T13:36:22Z,2026-07-03 00:00:00,3894960981,CREDIT,USD,LEDG-FN-MTB-100348,3894960981,857.94,0,138384.88,138384.88,Meridian Trust Bank,857.94,2026-07-03T13:36:06Z,2026-07-03T13:36:12Z,2026-07-03T13:36:22Z,2026-07-03T13:36:22Z,,,,,,,,,,,,,,,,,,,,,,,,,,,,,,,,,,,,,,,,,,,,,,,,,,,,,,,,,,,,,,,,,,,,,,,,,,,,,,,,,,,,,,,,,,,,,,,,,,,,,,,,,,,,
FEDNOW,POST,FN-MTB-100374,MERCHANT,MERCH-002,EXTERNAL_INDIVIDUAL,EXT-P-2105,CREDIT,MTB-IP-20260805-55408,FN-MTB-100374,,COMPLETED,,,,,,,,,,,,,,,,,,,,,,,,,,,PENDING,PENDING,,,,,,,,,2026-08-05T23:39:03Z,True,2026-08-05T23:39:17Z,3711,10000,False,51,,,,,,,False,0,,IDEMP-FN-MTB-100374,,PASSED,,,,,,2,8,6597.37,2690.71,False,44,10000,0.19,,[],False,,,,,,,,,,,,,,SETTLED,,SETTLE-FN-MTB-100374,,2026-08-05T23:39:17Z,,,,,,,USD,,,,,,,,,,,,,,,,MATCHED,2026-08-07T01:39:17Z,0,True,LEDG-FN-MTB-100374,1899.45,1899.45,SETTLE-FN-MTB-100374,False,False,False,False,,,FEDNOW,FEDERAL_RESERVE_FEDNOW,pacs.008,MSG-FN-202608051892,INS-FN-219147,E2E-FN-562480842,2026-08-05T23:39:03Z,Charles Rodriguez,5416504982,Cascade Point Bank,520027526,Crestline Office Outfitters,5123580257,Meridian Trust Bank,MTB0000001,Vertex Commerce Pay,1899.45,USD,Vendor settlement,INV-22341,PASSED,PASSED,PASSED,PASSED,PASSED,,,[],PASSED,PASSED,PASSED,PASSED,False,2026-06-27 00:00:00,42,39,False,5123580257,2,4,False,[],2084.17,ACCEPT,Charles Rodriguez,5416504982,Cascade Point Bank,Crestline Office Outfitters,5123580257,Meridian Trust Bank,Vertex Commerce Pay,1899.45,POSTED,POST-MTB-580575,2026-08-05T23:39:27Z,2026-08-05 00:00:00,5123580257,CREDIT,USD,LEDG-FN-MTB-100374,5123580257,1899.45,0,11607.02,11607.02,Vertex Commerce Pay,1899.45,2026-08-05T23:39:03Z,2026-08-05T23:39:17Z,2026-08-05T23:39:27Z,2026-08-05T23:39:27Z,,,,,,,,,,,,,,,,,,,,,,,,,,,,,,,,,,,,,,,,,,,,,,,,,,,,,,,,,,,,,,,,,,,,,,,,,,,,,,,,,,,,,,,,,,,,,,,,,,,,,,,,,,,,
FEDNOW,POST,FN-MTB-100333,INDIVIDUAL,IND-0015,INDIVIDUAL,IND-0005,CREDIT,MTB-IP-20260705-59859,FN-MTB-100333,,COMPLETED,,,,,,,,,,,,,,,,,,,,,,,,,,,PENDING,PENDING,,,,,,,,,2026-07-05T20:30:14Z,True,2026-07-05T20:30:29Z,2981,10000,False,5,,,,,,,False,0,,IDEMP-FN-MTB-100333,,PASSED,,,,,,3,4,3314.03,1320.62,False,31,10000,0.163,,[],False,,,,,,,,,,,,,,SETTLED,,SETTLE-FN-MTB-100333,,2026-07-05T20:30:29Z,,,,,,,USD,,,,,,,,,,,,,,,,MATCHED,2026-07-06T21:30:29Z,0,True,LEDG-FN-MTB-100333,1627.12,1627.12,SETTLE-FN-MTB-100333,False,False,False,False,,,FEDNOW,FEDERAL_RESERVE_FEDNOW,pacs.008,MSG-FN-202607057162,INS-FN-278570,E2E-FN-272327884,2026-07-05T20:30:14Z,Karen Ramirez,5764924945,Cascade Point Bank,143406213,Steven Lee,9446152642,Meridian Trust Bank,MTB0000001,Meridian Trust Bank,1627.12,USD,Vendor settlement,INV-52919,PASSED,PASSED,PASSED,PASSED,PASSED,,,[],PASSED,PASSED,PASSED,PASSED,False,2026-01-20 00:00:00,33,166,False,9446152642,1,3,False,[],1714.17,ACCEPT,Karen Ramirez,5764924945,Cascade Point Bank,Steven Lee,9446152642,Meridian Trust Bank,Meridian Trust Bank,1627.12,POSTED,POST-MTB-480615,2026-07-05T20:30:39Z,2026-07-05 00:00:00,9446152642,CREDIT,USD,LEDG-FN-MTB-100333,9446152642,1627.12,0,58792.51,58792.51,Meridian Trust Bank,1627.12,2026-07-05T20:30:14Z,2026-07-05T20:30:29Z,2026-07-05T20:30:39Z,2026-07-05T20:30:39Z,,,,,,,,,,,,,,,,,,,,,,,,,,,,,,,,,,,,,,,,,,,,,,,,,,,,,,,,,,,,,,,,,,,,,,,,,,,,,,,,,,,,,,,,,,,,,,,,,,,,,,,,,,,,
FEDNOW,POST,FN-MTB-100379,MERCHANT,MERCH-001,EXTERNAL_INDIVIDUAL,EXT-P-9093,CREDIT,MTB-IP-20260723-98517,FN-MTB-100379,,COMPLETED,,,,,,,,,,,,,,,,,,,,,,,,,,,PENDING,PENDING,,,,,,,,,2026-07-23T03:18:53Z,True,2026-07-23T09:03:22Z,956,10000,False,0,,,,,,,False,0,,IDEMP-FN-MTB-100379,,PASSED,,,,,,1,8,14676.94,6949.45,False,46,10000,0.774,,[],False,,,,,,,,,,,,,,SETTLED,,SETTLE-FN-MTB-100379,,2026-07-23T09:03:22Z,,,,,,,USD,,,,,,,,,,,,,,,,MATCHED,2026-07-23T14:03:22Z,0,True,LEDG-FN-MTB-100379,7741.37,7741.37,SETTLE-FN-MTB-100379,False,True,False,False,,,FEDNOW,FEDERAL_RESERVE_FEDNOW,pacs.008,MSG-FN-202607238907,INS-FN-111094,E2E-FN-743116289,2026-07-23T03:18:53Z,Timothy Thompson,7872292644,Ironbridge National Bank,50828090,Bluepeak Hardware Supply,2813398050,Meridian Trust Bank,MTB0000001,Meridian Trust Bank,7741.37,USD,P2P transfer,INV-19104,PASSED,PASSED,PASSED,PASSED,PASSED,,,[],PASSED,PASSED,PASSED,PASSED,False,2023-11-26 00:00:00,20,970,False,2813398050,8,8,True,[],6467.52,ACCEPT,Timothy Thompson,7872292644,Ironbridge National Bank,Bluepeak Hardware Supply,2813398050,Meridian Trust Bank,Meridian Trust Bank,7741.37,POSTED,POST-MTB-631725,2026-07-23T09:03:32Z,2026-07-23 00:00:00,2813398050,CREDIT,USD,LEDG-FN-MTB-100379,2813398050,7741.37,0,85457.52,85457.52,Meridian Trust Bank,7741.37,2026-07-23T03:18:53Z,2026-07-23T09:03:22Z,2026-07-23T09:03:32Z,2026-07-23T09:03:32Z,,,,,,,,,,,,,,,,,,,,,,,,,,,,,,,,,,,,,,,,,,,,,,,,,,,,,,,,,,,,,,,,,,,,,,,,,,,,,,,,,,,,,,,,,,,,,,,,,,,,,,,,,,,,
FEDNOW,POST,FN-MTB-100316,INDIVIDUAL,IND-0047,EXTERNAL_INDIVIDUAL,EXT-P-1723,CREDIT,MTB-IP-20260628-39647,FN-MTB-100316,,COMPLETED,,,,,,,,,,,,,,,,,,,,,,,,,,,PENDING,PENDING,,,,,,,,,2026-06-28T10:40:16Z,True,2026-06-28T10:40:23Z,3445,10000,False,0,,,,,,,False,0,,IDEMP-FN-MTB-100316,,PASSED,,,,,,2,3,18971.78,7978.92,False,25,10000,0.957,,[],False,,,,,,,,,,,,,,SETTLED,,SETTLE-FN-MTB-100316,,2026-06-28T10:40:23Z,,,,,,,USD,,,,,,,,,,,,,,,,NOT_YET_RECONCILED,,0,True,LEDG-FN-MTB-100316,9569.27,9569.27,SETTLE-FN-MTB-100316,False,True,False,False,,,FEDNOW,FEDERAL_RESERVE_FEDNOW,pacs.008,MSG-FN-202606286631,INS-FN-783622,E2E-FN-459464961,2026-06-28T10:40:16Z,Steven Lee,2056996607,Summit Ridge Bank,105943467,Barbara Scott,7999633628,Meridian Trust Bank,MTB0000001,Meridian Trust Bank,9569.27,USD,Invoice payment,INV-63461,PASSED,PASSED,PASSED,PASSED,PASSED,,,[],PASSED,PASSED,PASSED,PASSED,False,2024-11-04 00:00:00,8,601,False,7999633628,8,8,True,[],15524.8,ACCEPT,Steven Lee,2056996607,Summit Ridge Bank,Barbara Scott,7999633628,Meridian Trust Bank,Meridian Trust Bank,9569.27,POSTED,POST-MTB-705704,2026-06-28T10:40:33Z,2026-06-28 00:00:00,7999633628,CREDIT,USD,LEDG-FN-MTB-100316,7999633628,9569.27,0,110976.29,110976.29,Meridian Trust Bank,9569.27,2026-06-28T10:40:16Z,2026-06-28T10:40:23Z,2026-06-28T10:40:33Z,2026-06-28T10:40:33Z,,,,,,,,,,,,,,,,,,,,,,,,,,,,,,,,,,,,,,,,,,,,,,,,,,,,,,,,,,,,,,,,,,,,,,,,,,,,,,,,,,,,,,,,,,,,,,,,,,,,,,,,,,,,
FEDNOW,POST,FN-MTB-100301,INDIVIDUAL,IND-0061,EXTERNAL_INDIVIDUAL,EXT-P-6461,CREDIT,MTB-IP-20260819-97749,FN-MTB-100301,,COMPLETED,,,,,,,,,,,,,,,,,,,,,,,,,,,PENDING,PENDING,,,,,,,,,2026-08-19T16:28:14Z,True,2026-08-19T16:28:21Z,2291,10000,False,0,,,,,,,False,0,,IDEMP-FN-MTB-100301,,PASSED,,,,,,1,6,5581.88,2105.69,False,37,10000,0.227,,[],False,,,,,,,,,,,,,,SETTLED,,SETTLE-FN-MTB-100301,,2026-08-19T16:28:21Z,,,,,,,USD,,,,,,,,,,,,,,,,MATCHED,2026-08-21T04:28:21Z,0,True,LEDG-FN-MTB-100301,2269.39,2269.39,SETTLE-FN-MTB-100301,False,False,False,False,,,FEDNOW,FEDERAL_RESERVE_FEDNOW,pacs.008,MSG-FN-202608192963,INS-FN-546819,E2E-FN-841024134,2026-08-19T16:28:14Z,Patricia Wright,8447376563,Ironbridge National Bank,895296115,Linda Scott,3264385502,Meridian Trust Bank,MTB0000001,Meridian Trust Bank,2269.39,USD,P2P transfer,INV-86026,PASSED,PASSED,PASSED,PASSED,PASSED,,,[],PASSED,PASSED,PASSED,PASSED,False,2026-01-30 00:00:00,58,201,False,3264385502,3,3,False,[],2196.1,ACCEPT,Patricia Wright,8447376563,Ironbridge National Bank,Linda Scott,3264385502,Meridian Trust Bank,Meridian Trust Bank,2269.39,POSTED,POST-MTB-622713,2026-08-19T16:28:31Z,2026-08-19 00:00:00,3264385502,CREDIT,USD,LEDG-FN-MTB-100301,3264385502,2269.39,0,83678.86,83678.86,Meridian Trust Bank,2269.39,2026-08-19T16:28:14Z,2026-08-19T16:28:21Z,2026-08-19T16:28:31Z,2026-08-19T16:28:31Z,,,,,,,,,,,,,,,,,,,,,,,,,,,,,,,,,,,,,,,,,,,,,,,,,,,,,,,,,,,,,,,,,,,,,,,,,,,,,,,,,,,,,,,,,,,,,,,,,,,,,,,,,,,,
FEDNOW,POST,FN-MTB-100397,MERCHANT,MERCH-002,INDIVIDUAL,IND-0025,CREDIT,MTB-IP-20260801-11020,FN-MTB-100397,,COMPLETED,,,,,,,,,,,,,,,,,,,,,,,,,,,PENDING,PENDING,,,,,,,,,2026-08-01T18:04:16Z,True,2026-08-01T18:04:25Z,3104,10000,False,0,,,,,,,False,0,,IDEMP-FN-MTB-100397,,PASSED,,,,,,3,6,7105.92,3285.45,False,43,10000,0.213,,[],False,,,,,,,,,,,,,,SETTLED,,SETTLE-FN-MTB-100397,,2026-08-01T18:04:25Z,,,,,,,USD,,,,,,,,,,,,,,,,MATCHED,2026-08-03T05:04:25Z,0,True,LEDG-FN-MTB-100397,2127.09,2127.09,SETTLE-FN-MTB-100397,False,False,False,False,,,FEDNOW,FEDERAL_RESERVE_FEDNOW,pacs.008,MSG-FN-202608013651,INS-FN-757882,E2E-FN-832878317,2026-08-01T18:04:16Z,Mark Jackson,9374062971,Ironbridge National Bank,391570882,Crestline Office Outfitters,5123580257,Meridian Trust Bank,MTB0000001,Vertex Commerce Pay,2127.09,USD,Vendor settlement,INV-57512,PASSED,PASSED,PASSED,PASSED,PASSED,,,[],PASSED,PASSED,PASSED,PASSED,False,2025-12-02 00:00:00,30,242,False,5123580257,1,1,False,[],2067.22,ACCEPT,Mark Jackson,9374062971,Ironbridge National Bank,Crestline Office Outfitters,5123580257,Meridian Trust Bank,Vertex Commerce Pay,2127.09,POSTED,POST-MTB-379090,2026-08-01T18:04:35Z,2026-08-01 00:00:00,5123580257,CREDIT,USD,LEDG-FN-MTB-100397,5123580257,2127.09,0,53402.77,53402.77,Vertex Commerce Pay,2127.09,2026-08-01T18:04:16Z,2026-08-01T18:04:25Z,2026-08-01T18:04:35Z,2026-08-01T18:04:35Z,,,,,,,,,,,,,,,,,,,,,,,,,,,,,,,,,,,,,,,,,,,,,,,,,,,,,,,,,,,,,,,,,,,,,,,,,,,,,,,,,,,,,,,,,,,,,,,,,,,,,,,,,,,,
FEDNOW,POST,FN-MTB-100310,INDIVIDUAL,IND-0050,EXTERNAL_INDIVIDUAL,EXT-P-1632,CREDIT,MTB-IP-20260630-42958,FN-MTB-100310,,COMPLETED,,,,,,,,,,,,,,,,,,,,,,,,,,,PENDING,PENDING,,,,,,,,,2026-06-30T03:02:24Z,True,2026-06-30T03:02:34Z,2183,10000,False,0,,,,,,,False,0,,IDEMP-FN-MTB-100310,,PASSED,,,,,,1,3,5740.71,3635.5,False,21,10000,0.14,,[],False,,,,,,,,,,,,,,SETTLED,,SETTLE-FN-MTB-100310,,2026-06-30T03:02:34Z,,,,,,,USD,,,,,,,,,,,,,,,,MATCHED,2026-07-01T10:02:34Z,0,True,LEDG-FN-MTB-100310,1395.61,1395.61,SETTLE-FN-MTB-100310,False,False,False,False,,,FEDNOW,FEDERAL_RESERVE_FEDNOW,pacs.008,MSG-FN-202606309488,INS-FN-568929,E2E-FN-272670727,2026-06-30T03:02:24Z,David Jackson,2591669008,Cascade Point Bank,964152698,Amanda Hill,3331981298,Meridian Trust Bank,MTB0000001,Meridian Trust Bank,1395.61,USD,Vendor settlement,INV-47270,PASSED,PASSED,PASSED,PASSED,PASSED,,,[],PASSED,PASSED,PASSED,PASSED,False,2025-04-30 00:00:00,47,426,False,3331981298,5,9,False,[],1655.43,ACCEPT,David Jackson,2591669008,Cascade Point Bank,Amanda Hill,3331981298,Meridian Trust Bank,Meridian Trust Bank,1395.61,POSTED,POST-MTB-709265,2026-06-30T03:02:44Z,2026-06-30 00:00:00,3331981298,CREDIT,USD,LEDG-FN-MTB-100310,3331981298,1395.61,0,26853.73,26853.73,Meridian Trust Bank,1395.61,2026-06-30T03:02:24Z,2026-06-30T03:02:34Z,2026-06-30T03:02:44Z,2026-06-30T03:02:44Z,,,,,,,,,,,,,,,,,,,,,,,,,,,,,,,,,,,,,,,,,,,,,,,,,,,,,,,,,,,,,,,,,,,,,,,,,,,,,,,,,,,,,,,,,,,,,,,,,,,,,,,,,,,,
FEDNOW,POST,FN-MTB-100311,INDIVIDUAL,IND-0048,EXTERNAL_INDIVIDUAL,EXT-P-9700,CREDIT,MTB-IP-20260731-64802,FN-MTB-100311,,COMPLETED,,,,,,,,,,,,,,,,,,,,,,,,,,,PENDING,PENDING,,,,,,,,,2026-07-31T10:54:51Z,True,2026-07-31T10:54:56Z,1956,10000,False,5,,,,,,,False,0,,IDEMP-FN-MTB-100311,,PASSED,,,,,,3,13,568.61,190.88,False,66,10000,0.021,,[],False,,,,,,,,,,,,,,SETTLED,,SETTLE-FN-MTB-100311,,2026-07-31T10:54:56Z,,,,,,,USD,,,,,,,,,,,,,,,,MATCHED,2026-08-01T22:54:56Z,0,True,LEDG-FN-MTB-100311,213.37,213.37,SETTLE-FN-MTB-100311,False,False,False,False,,,FEDNOW,FEDERAL_RESERVE_FEDNOW,pacs.008,MSG-FN-202607316197,INS-FN-697124,E2E-FN-335914374,2026-07-31T10:54:51Z,Karen Hill,5897541429,Cascade Point Bank,375388741,Charles Williams,6143843573,Meridian Trust Bank,MTB0000001,Meridian Trust Bank,213.37,USD,Vendor settlement,INV-63830,PASSED,PASSED,PASSED,PASSED,PASSED,,,[],PASSED,PASSED,PASSED,PASSED,True,2026-07-31 00:00:00,0,0,False,6143843573,1,3,False,[],236.09,ACCEPT,Karen Hill,5897541429,Cascade Point Bank,Charles Williams,6143843573,Meridian Trust Bank,Meridian Trust Bank,213.37,POSTED,POST-MTB-373810,2026-07-31T10:55:06Z,2026-07-31 00:00:00,6143843573,CREDIT,USD,LEDG-FN-MTB-100311,6143843573,213.37,0,111319.04,111319.04,Meridian Trust Bank,213.37,2026-07-31T10:54:51Z,2026-07-31T10:54:56Z,2026-07-31T10:55:06Z,2026-07-31T10:55:06Z,,,,,,,,,,,,,,,,,,,,,,,,,,,,,,,,,,,,,,,,,,,,,,,,,,,,,,,,,,,,,,,,,,,,,,,,,,,,,,,,,,,,,,,,,,,,,,,,,,,,,,,,,,,,
FEDNOW,POST,FN-MTB-100363,MERCHANT,MERCH-007,EXTERNAL_INDIVIDUAL,EXT-P-1095,CREDIT,MTB-IP-20260726-62000,FN-MTB-100363,,COMPLETED,,,,,,,,,,,,,,,,,,,,,,,,,,,PENDING,PENDING,,,,,,,,,2026-07-26T21:37:05Z,True,2026-07-26T21:37:08Z,3458,10000,False,5,,,,,,,False,0,,IDEMP-FN-MTB-100363,,PASSED,,,,,,1,2,96234.59,72431.44,False,16,10000,2.4,,[],False,,,,,,,,,,,,,,SETTLED,,SETTLE-FN-MTB-100363,,2026-07-26T21:37:08Z,,,,,,,USD,,,,,,,,,,,,,,,,NOT_YET_RECONCILED,,0,True,LEDG-FN-MTB-100363,24004.21,24004.21,SETTLE-FN-MTB-100363,False,False,False,False,,,FEDNOW,FEDERAL_RESERVE_FEDNOW,pacs.008,MSG-FN-202607263712,INS-FN-421686,E2E-FN-919778431,2026-07-26T21:37:05Z,Edward Hernandez,8684585823,Cascade Point Bank,324028120,Fernbrook Electronics,702250308,Meridian Trust Bank,MTB0000001,BrightLedger Payments,24004.21,USD,Vendor settlement,INV-59823,PASSED,PASSED,PASSED,PASSED,PASSED,,,[],PASSED,PASSED,PASSED,PASSED,False,2025-09-03 00:00:00,12,326,False,702250308,3,6,False,[],24987.49,ACCEPT,Edward Hernandez,8684585823,Cascade Point Bank,Fernbrook Electronics,702250308,Meridian Trust Bank,BrightLedger Payments,24004.21,POSTED,POST-MTB-458101,2026-07-26T21:37:18Z,2026-07-26 00:00:00,702250308,CREDIT,USD,LEDG-FN-MTB-100363,702250308,24004.21,0,149137.54,149137.54,BrightLedger Payments,24004.21,2026-07-26T21:37:05Z,2026-07-26T21:37:08Z,2026-07-26T21:37:18Z,2026-07-26T21:37:18Z,,,,,,,,,,,,,,,,,,,,,,,,,,,,,,,,,,,,,,,,,,,,,,,,,,,,,,,,,,,,,,,,,,,,,,,,,,,,,,,,,,,,,,,,,,,,,,,,,,,,,,,,,,,,
FEDNOW,POST,FN-MTB-100362,MERCHANT,MERCH-006,EXTERNAL_INDIVIDUAL,EXT-P-6893,CREDIT,MTB-IP-20260628-47216,FN-MTB-100362,,REJECTED,,,,,,,,,,,,,,,,,,,,,,,,,,,PENDING,PENDING,,,,,,,,,2026-06-28T02:03:01Z,True,2026-06-28T02:03:05Z,103,10000,False,5,,,,,,,False,0,,IDEMP-FN-MTB-100362,,PASSED,,,,,,1,3,21079.93,13591.42,False,22,10000,0.488,,[],False,,,,,,,,,,,,,,,,,,,,,,,,,,,,,,,,,,,,,,,,,NOT_APPLICABLE,,,,,,,,False,False,False,False,,,FEDNOW,FEDERAL_RESERVE_FEDNOW,pacs.008,MSG-FN-202606288143,INS-FN-301797,E2E-FN-516535895,2026-06-28T02:03:01Z,Melissa Young,1864995021,Cascade Point Bank,920307086,Redgate Wholesale Foods,3264421990,Meridian Trust Bank,MTB0000001,Meridian Trust Bank,4883.9,USD,Vendor settlement,INV-79406,FAILED,PASSED,PASSED,PASSED,FAILED,E317,Field length exceeds ISO 20022 limit,['E317'],PASSED,PASSED,PASSED,PASSED,False,2025-02-11 00:00:00,43,502,False,3264421990,1,3,False,[],5136.04,REJECT,,,,,,,,,,,,,,,,,,,,,,,,,,,,,,,,,,,,,,,,,,,,,,,,,,,,,,,,,,,,,,,,,,,,,,,,,,,,,,,,,,,,,,,,,,,,,,,,,,,,,,,,,,,,,,,,,,,,,,,,,,,,,,,,,,,,,,,
FEDNOW,POST,FN-MTB-100389,MERCHANT,MERCH-010,EXTERNAL_INDIVIDUAL,EXT-P-1573,CREDIT,MTB-IP-20260712-25767,FN-MTB-100389,,COMPLETED,,,,,,,,,,,,,,,,,,,,,,,,,,,PENDING,PENDING,,,,,,,,,2026-07-12T03:03:14Z,True,2026-07-12T03:03:17Z,1825,10000,False,5,,,,,,,False,0,,IDEMP-FN-MTB-100389,,PASSED,,,,,,2,8,3764.3,1367.1,False,54,10000,0.105,,[],False,,,,,,,,,,,,,,SETTLED,,SETTLE-FN-MTB-100389,,2026-07-12T03:03:17Z,,,,,,,USD,,,,,,,,,,,,,,,,NOT_YET_RECONCILED,,0,True,LEDG-FN-MTB-100389,1051.56,1051.56,SETTLE-FN-MTB-100389,False,False,False,False,,,FEDNOW,FEDERAL_RESERVE_FEDNOW,pacs.008,MSG-FN-202607124151,INS-FN-175605,E2E-FN-527275368,2026-07-12T03:03:14Z,Susan Clark,3356998446,Summit Ridge Bank,931343754,Wrenfield Pharmacy Group,4806704660,Meridian Trust Bank,MTB0000001,Vertex Commerce Pay,1051.56,USD,Vendor settlement,INV-99096,PASSED,PASSED,PASSED,PASSED,PASSED,,,[],PASSED,PASSED,PASSED,PASSED,False,2025-10-16 00:00:00,4,269,False,4806704660,1,1,False,[],1354.8,ACCEPT,Susan Clark,3356998446,Summit Ridge Bank,Wrenfield Pharmacy Group,4806704660,Meridian Trust Bank,Vertex Commerce Pay,1051.56,POSTED,POST-MTB-999016,2026-07-12T03:03:27Z,2026-07-12 00:00:00,4806704660,CREDIT,USD,LEDG-FN-MTB-100389,4806704660,1051.56,0,42061.63,42061.63,Vertex Commerce Pay,1051.56,2026-07-12T03:03:14Z,2026-07-12T03:03:17Z,2026-07-12T03:03:27Z,2026-07-12T03:03:27Z,,,,,,,,,,,,,,,,,,,,,,,,,,,,,,,,,,,,,,,,,,,,,,,,,,,,,,,,,,,,,,,,,,,,,,,,,,,,,,,,,,,,,,,,,,,,,,,,,,,,,,,,,,,,
FEDNOW,POST,FN-MTB-100329,INDIVIDUAL,IND-0084,EXTERNAL_INDIVIDUAL,EXT-P-2108,CREDIT,MTB-IP-20260728-57616,FN-MTB-100329,,COMPLETED,,,,,,,,,,,,,,,,,,,,,,,,,,,PENDING,PENDING,,,,,,,,,2026-07-28T12:52:33Z,True,2026-07-28T12:52:37Z,1697,10000,False,91,,,,,,,False,0,,IDEMP-FN-MTB-100329,,PASSED,,,,,,5,6,58415.61,19656.76,False,38,10000,2.481,,[],False,,,,,,,,,,,,,,SETTLED,,SETTLE-FN-MTB-100329,,2026-07-28T12:52:37Z,,,,,,,USD,,,,,,,,,,,,,,,,NOT_YET_RECONCILED,,0,True,LEDG-FN-MTB-100329,24807.16,24807.16,SETTLE-FN-MTB-100329,False,False,False,False,,,FEDNOW,FEDERAL_RESERVE_FEDNOW,pacs.008,MSG-FN-202607282185,INS-FN-410159,E2E-FN-477428491,2026-07-28T12:52:33Z,Thomas Scott,7303931702,Cascade Point Bank,158288357,James Clark,5383925378,Meridian Trust Bank,MTB0000001,Meridian Trust Bank,24807.16,USD,Invoice payment,INV-66308,PASSED,PASSED,PASSED,PASSED,PASSED,,,[],PASSED,PASSED,PASSED,PASSED,False,2026-01-22 00:00:00,1,187,False,5383925378,1,4,False,[],29768.06,ACCEPT,Thomas Scott,7303931702,Cascade Point Bank,James Clark,5383925378,Meridian Trust Bank,Meridian Trust Bank,24807.16,POSTED,POST-MTB-325006,2026-07-28T12:52:47Z,2026-07-28 00:00:00,5383925378,CREDIT,USD,LEDG-FN-MTB-100329,5383925378,24807.16,0,139816.77,139816.77,Meridian Trust Bank,24807.16,2026-07-28T12:52:33Z,2026-07-28T12:52:37Z,2026-07-28T12:52:47Z,2026-07-28T12:52:47Z,,,,,,,,,,,,,,,,,,,,,,,,,,,,,,,,,,,,,,,,,,,,,,,,,,,,,,,,,,,,,,,,,,,,,,,,,,,,,,,,,,,,,,,,,,,,,,,,,,,,,,,,,,,,
FEDNOW,POST,FN-MTB-100519,MERCHANT,MERCH-004,EXTERNAL_INDIVIDUAL,EXT-P-5772,CREDIT,MTB-IP-20260713-52882,FN-MTB-100519,,IN_PROCESS,,,,,,,,,,,,,,,,,,,,,,,,,,,PENDING,PENDING,,,,,,,,,2026-07-13T22:07:03Z,False,,,10000,True,,,,,,,,True,2,FN-MTB-100366,IDEMP-FN-MTB-100366,,FLAGGED,,,,,,1,6,170.79,83.43,False,44,10000,0.013,,[],False,,,,,,,,,,,,,,,,,,,,,,,,,,,,,,,,,,,,,,,,,NOT_APPLICABLE,,,,,,,,False,True,False,False,,,FEDNOW,FEDERAL_RESERVE_FEDNOW,pacs.008,MSG-FN-202607139811,INS-FN-583124,E2E-FN-391884183,2026-07-13T22:07:03Z,Joshua Young,7434469834,Summit Ridge Bank,928042745,Pinehollow Auto Parts,3061977058,Meridian Trust Bank,MTB0000001,Vertex Commerce Pay,130.65,USD,P2P transfer,INV-49198,PASSED,PASSED,PASSED,PASSED,PASSED,,,[],PASSED,PASSED,PASSED,PASSED,False,2024-05-20 00:00:00,55,784,False,3061977058,5,8,True,[],106.1,ACCEPT,,,,,,,,,,,,,,,,,,,,,,,,,,,,,,,,,,,,,,,,,,,,,,,,,,,,,,,,,,,,,,,,,,,,,,,,,,,,,,,,,,,,,,,,,,,,,,,,,,,,,,,,,,,,,,,,,,,,,,,,,,,,,,,,,,,,,,,
FEDNOW,POST,FN-MTB-100307,INDIVIDUAL,IND-0039,EXTERNAL_INDIVIDUAL,EXT-P-9893,CREDIT,MTB-IP-20260706-41897,FN-MTB-100307,,COMPLETED,,,,,,,,,,,,,,,,,,,,,,,,,,,PENDING,PENDING,,,,,,,,,2026-07-06T23:46:13Z,True,2026-07-06T23:46:27Z,627,10000,False,0,,,,,,,False,0,,IDEMP-FN-MTB-100307,,PASSED,,,,,,1,8,1392.78,816.95,False,43,10000,0.082,,[],False,,,,,,,,,,,,,,SETTLED,,SETTLE-FN-MTB-100307,,2026-07-06T23:46:27Z,,,,,,,USD,,,,,,,,,,,,,,,,MATCHED,2026-07-08T10:46:27Z,0,True,LEDG-FN-MTB-100307,818.22,818.22,SETTLE-FN-MTB-100307,True,False,False,False,,,FEDNOW,FEDERAL_RESERVE_FEDNOW,pacs.008,MSG-FN-202607064999,INS-FN-473995,E2E-FN-266314470,2026-07-06T23:46:13Z,Emily Allen,4376286460,Ironbridge National Bank,531039908,Kathleen Garcia,8726145386,Meridian Trust Bank,MTB0000001,Meridian Trust Bank,818.22,USD,Vendor settlement,INV-15771,PASSED,PASSED,PASSED,PASSED,PASSED,,,[],PASSED,PASSED,PASSED,PASSED,True,2026-07-06 00:00:00,0,0,True,8726145386,3,7,False,[],785.26,ACCEPT,Emily Allen,4376286460,Ironbridge National Bank,Kathleen Garcia,8726145386,Meridian Trust Bank,Meridian Trust Bank,818.22,POSTED,POST-MTB-907407,2026-07-06T23:46:37Z,2026-07-06 00:00:00,8726145386,CREDIT,USD,LEDG-FN-MTB-100307,8726145386,818.22,0,115641.3,115641.3,Meridian Trust Bank,818.22,2026-07-06T23:46:13Z,2026-07-06T23:46:27Z,2026-07-06T23:46:37Z,2026-07-06T23:46:37Z,,,,,,,,,,,,,,,,,,,,,,,,,,,,,,,,,,,,,,,,,,,,,,,,,,,,,,,,,,,,,,,,,,,,,,,,,,,,,,,,,,,,,,,,,,,,,,,,,,,,,,,,,,,,
FEDNOW,POST,FN-MTB-100344,INDIVIDUAL,IND-0032,EXTERNAL_INDIVIDUAL,EXT-P-7119,CREDIT,MTB-IP-20260724-77900,FN-MTB-100344,,COMPLETED,,,,,,,,,,,,,,,,,,,,,,,,,,,PENDING,PENDING,,,,,,,,,2026-07-24T20:23:27Z,True,2026-07-24T20:23:38Z,794,10000,False,91,,,,,,,False,0,,IDEMP-FN-MTB-100344,,PASSED,,,,,,3,6,3212.04,2462.35,False,36,10000,0.173,,[],False,,,,,,,,,,,,,,SETTLED,,SETTLE-FN-MTB-100344,,2026-07-24T20:23:38Z,,,,,,,USD,,,,,,,,,,,,,,,,MATCHED,2026-07-25T00:23:38Z,0,True,LEDG-FN-MTB-100344,1733.75,1733.75,SETTLE-FN-MTB-100344,False,False,False,False,,,FEDNOW,FEDERAL_RESERVE_FEDNOW,pacs.008,MSG-FN-202607242554,INS-FN-998088,E2E-FN-627067024,2026-07-24T20:23:27Z,Laura Moore,7097058348,Cascade Point Bank,456139431,Richard Clark,1898877603,Meridian Trust Bank,MTB0000001,Meridian Trust Bank,1733.75,USD,Invoice payment,INV-49626,PASSED,PASSED,PASSED,PASSED,PASSED,,,[],PASSED,PASSED,PASSED,PASSED,False,2024-07-08 00:00:00,21,746,False,1898877603,1,5,False,[],2004.98,ACCEPT,Laura Moore,7097058348,Cascade Point Bank,Richard Clark,1898877603,Meridian Trust Bank,Meridian Trust Bank,1733.75,POSTED,POST-MTB-612170,2026-07-24T20:23:48Z,2026-07-24 00:00:00,1898877603,CREDIT,USD,LEDG-FN-MTB-100344,1898877603,1733.75,0,61519.86,61519.86,Meridian Trust Bank,1733.75,2026-07-24T20:23:27Z,2026-07-24T20:23:38Z,2026-07-24T20:23:48Z,2026-07-24T20:23:48Z,,,,,,,,,,,,,,,,,,,,,,,,,,,,,,,,,,,,,,,,,,,,,,,,,,,,,,,,,,,,,,,,,,,,,,,,,,,,,,,,,,,,,,,,,,,,,,,,,,,,,,,,,,,,
FEDNOW,POST,FN-MTB-100327,INDIVIDUAL,IND-0075,EXTERNAL_INDIVIDUAL,EXT-P-6616,CREDIT,MTB-IP-20260818-38326,FN-MTB-100327,,COMPLETED,,,,,,,,,,,,,,,,,,,,,,,,,,,PENDING,PENDING,,,,,,,,,2026-08-18T20:44:38Z,True,2026-08-18T20:44:43Z,639,10000,False,51,,,,,,,False,0,,IDEMP-FN-MTB-100327,,PASSED,,,,,,1,11,24311.45,16155.52,True,53,10000,1.194,,[],False,,,,,,,,,,,,,,SETTLED,,SETTLE-FN-MTB-100327,,2026-08-18T20:44:43Z,,,,,,,USD,,,,,,,,,,,,,,,,NOT_YET_RECONCILED,,0,True,LEDG-FN-MTB-100327,11940.8,11940.8,SETTLE-FN-MTB-100327,False,False,True,False,,,FEDNOW,FEDERAL_RESERVE_FEDNOW,pacs.008,MSG-FN-202608184015,INS-FN-141785,E2E-FN-787627731,2026-08-18T20:44:38Z,Cynthia Martinez,9002338693,Ironbridge National Bank,300914868,Cynthia Nguyen,218955917,Meridian Trust Bank,MTB0000001,Meridian Trust Bank,11940.8,USD,Invoice payment,INV-94593,PASSED,PASSED,PASSED,PASSED,PASSED,,,[],PASSED,PASSED,PASSED,PASSED,False,2025-07-24 00:00:00,51,390,False,218955917,1,2,False,[],13480.15,ACCEPT,Cynthia Martinez,9002338693,Ironbridge National Bank,Cynthia Nguyen,218955917,Meridian Trust Bank,Meridian Trust Bank,11940.8,POSTED,POST-MTB-329981,2026-08-18T20:44:53Z,2026-08-18 00:00:00,218955917,CREDIT,USD,LEDG-FN-MTB-100327,218955917,11940.8,0,62018.25,62018.25,Meridian Trust Bank,11940.8,2026-08-18T20:44:38Z,2026-08-18T20:44:43Z,2026-08-18T20:44:53Z,2026-08-18T20:44:53Z,,,,,,,,,,,,,,,,,,,,,,,,,,,,,,,,,,,,,,,,,,,,,,,,,,,,,,,,,,,,,,,,,,,,,,,,,,,,,,,,,,,,,,,,,,,,,,,,,,,,,,,,,,,,
FEDNOW,POST,FN-MTB-100309,INDIVIDUAL,IND-0038,EXTERNAL_INDIVIDUAL,EXT-P-7670,CREDIT,MTB-IP-20260808-37271,FN-MTB-100309,,COMPLETED,,,,,,,,,,,,,,,,,,,,,,,,,,,PENDING,PENDING,,,,,,,,,2026-08-08T14:15:34Z,True,2026-08-08T14:15:35Z,2058,10000,False,0,,,,,,,False,0,,IDEMP-FN-MTB-100309,,PASSED,,,,,,3,10,1392.14,489.84,False,55,10000,0.05,,[],False,,,,,,,,,,,,,,SETTLED,,SETTLE-FN-MTB-100309,,2026-08-08T14:15:35Z,,,,,,,USD,,,,,,,,,,,,,,,,MATCHED,2026-08-09T09:15:35Z,0,True,LEDG-FN-MTB-100309,504.95,504.95,SETTLE-FN-MTB-100309,False,False,False,False,,,FEDNOW,FEDERAL_RESERVE_FEDNOW,pacs.008,MSG-FN-202608088316,INS-FN-636144,E2E-FN-335227137,2026-08-08T14:15:34Z,Amanda Walker,8323114311,Summit Ridge Bank,896294733,Stephanie Martin,6391586450,Meridian Trust Bank,MTB0000001,Meridian Trust Bank,504.95,USD,Vendor settlement,INV-89575,PASSED,PASSED,PASSED,PASSED,PASSED,,,[],PASSED,PASSED,PASSED,PASSED,True,2026-08-08 00:00:00,0,0,False,6391586450,1,5,False,[],494.76,ACCEPT,Amanda Walker,8323114311,Summit Ridge Bank,Stephanie Martin,6391586450,Meridian Trust Bank,Meridian Trust Bank,504.95,POSTED,POST-MTB-389510,2026-08-08T14:15:45Z,2026-08-08 00:00:00,6391586450,CREDIT,USD,LEDG-FN-MTB-100309,6391586450,504.95,0,66816.71,66816.71,Meridian Trust Bank,504.95,2026-08-08T14:15:34Z,2026-08-08T14:15:35Z,2026-08-08T14:15:45Z,2026-08-08T14:15:45Z,,,,,,,,,,,,,,,,,,,,,,,,,,,,,,,,,,,,,,,,,,,,,,,,,,,,,,,,,,,,,,,,,,,,,,,,,,,,,,,,,,,,,,,,,,,,,,,,,,,,,,,,,,,,
FEDNOW,POST,FN-MTB-100391,MERCHANT,MERCH-009,EXTERNAL_INDIVIDUAL,EXT-P-2191,CREDIT,MTB-IP-20260713-11752,FN-MTB-100391,,COMPLETED,,,,,,,,,,,,,,,,,,,,,,,,,,,PENDING,PENDING,,,,,,,,,2026-07-13T21:22:03Z,True,2026-07-13T21:22:08Z,1739,10000,False,5,,,,,,,False,0,,IDEMP-FN-MTB-100391,,PASSED,,,,,,1,1,1879.86,1307,False,19,10000,0.071,,[],False,,,,,,,,,,,,,,SETTLED,,SETTLE-FN-MTB-100391,,2026-07-13T21:22:08Z,,,,,,,USD,,,,,,,,,,,,,,,,MATCHED,2026-07-15T02:22:08Z,0,True,LEDG-FN-MTB-100391,712.67,712.67,SETTLE-FN-MTB-100391,False,False,False,False,,,FEDNOW,FEDERAL_RESERVE_FEDNOW,pacs.008,MSG-FN-202607131911,INS-FN-199310,E2E-FN-682685479,2026-07-13T21:22:03Z,Thomas Moore,6269125035,Ironbridge National Bank,171287897,Copperfield Building Supply,9446335263,Meridian Trust Bank,MTB0000001,Northstar Payment Solutions,712.67,USD,Invoice payment,INV-12075,PASSED,PASSED,PASSED,PASSED,PASSED,,,[],PASSED,PASSED,PASSED,PASSED,False,2024-06-08 00:00:00,51,765,False,9446335263,3,3,False,[],645.75,ACCEPT,Thomas Moore,6269125035,Ironbridge National Bank,Copperfield Building Supply,9446335263,Meridian Trust Bank,Northstar Payment Solutions,712.67,POSTED,POST-MTB-378221,2026-07-13T21:22:18Z,2026-07-13 00:00:00,9446335263,CREDIT,USD,LEDG-FN-MTB-100391,9446335263,712.67,0,64894.51,64894.51,Northstar Payment Solutions,712.67,2026-07-13T21:22:03Z,2026-07-13T21:22:08Z,2026-07-13T21:22:18Z,2026-07-13T21:22:18Z,,,,,,,,,,,,,,,,,,,,,,,,,,,,,,,,,,,,,,,,,,,,,,,,,,,,,,,,,,,,,,,,,,,,,,,,,,,,,,,,,,,,,,,,,,,,,,,,,,,,,,,,,,,,
FEDNOW,POST,FN-MTB-100380,MERCHANT,MERCH-005,EXTERNAL_INDIVIDUAL,EXT-P-9203,CREDIT,MTB-IP-20260726-34646,FN-MTB-100380,,COMPLETED,,,,,,,,,,,,,,,,,,,,,,,,,,,PENDING,PENDING,,,,,,,,,2026-07-26T02:40:51Z,True,2026-07-26T02:41:00Z,1354,10000,False,0,,,,,,,False,0,,IDEMP-FN-MTB-100380,,PASSED,,,,,,3,10,284.85,102.77,False,57,10000,0.008,,[],False,,,,,,,,,,,,,,SETTLED,,SETTLE-FN-MTB-100380,,2026-07-26T02:41:00Z,,,,,,,USD,,,,,,,,,,,,,,,,NOT_YET_RECONCILED,,0,True,LEDG-FN-MTB-100380,78.7,78.7,SETTLE-FN-MTB-100380,False,False,False,False,,,FEDNOW,FEDERAL_RESERVE_FEDNOW,pacs.008,MSG-FN-202607263680,INS-FN-119663,E2E-FN-405245414,2026-07-26T02:40:51Z,Jason Thompson,7712376387,Summit Ridge Bank,57505501,Solstice Digital Print,2260323791,Meridian Trust Bank,MTB0000001,Meridian Trust Bank,78.7,USD,Vendor settlement,INV-12779,PASSED,PASSED,PASSED,PASSED,PASSED,,,[],PASSED,PASSED,PASSED,PASSED,False,2023-11-09 00:00:00,17,990,False,2260323791,3,6,False,[],92.46,ACCEPT,Jason Thompson,7712376387,Summit Ridge Bank,Solstice Digital Print,2260323791,Meridian Trust Bank,Meridian Trust Bank,78.7,POSTED,POST-MTB-924289,2026-07-26T02:41:10Z,2026-07-26 00:00:00,2260323791,CREDIT,USD,LEDG-FN-MTB-100380,2260323791,78.7,0,33121.81,33121.81,Meridian Trust Bank,78.7,2026-07-26T02:40:51Z,2026-07-26T02:41:00Z,2026-07-26T02:41:10Z,2026-07-26T02:41:10Z,,,,,,,,,,,,,,,,,,,,,,,,,,,,,,,,,,,,,,,,,,,,,,,,,,,,,,,,,,,,,,,,,,,,,,,,,,,,,,,,,,,,,,,,,,,,,,,,,,,,,,,,,,,,
FEDNOW,POST,FN-MTB-100350,INDIVIDUAL,IND-0003,EXTERNAL_INDIVIDUAL,EXT-P-1408,CREDIT,MTB-IP-20260727-73743,FN-MTB-100350,,COMPLETED,,,,,,,,,,,,,,,,,,,,,,,,,,,PENDING,PENDING,,,,,,,,,2026-07-27T05:16:53Z,True,2026-07-27T05:17:02Z,496,10000,False,0,,,,,,,False,0,,IDEMP-FN-MTB-100350,,PASSED,,,,,,1,10,34590.54,19980.08,False,52,10000,1.597,,[],False,,,,,,,,,,,,,,SETTLED,,SETTLE-FN-MTB-100350,,2026-07-27T05:17:02Z,,,,,,,USD,,,,,,,,,,,,,,,,MATCHED,2026-07-28T05:17:02Z,0,True,LEDG-FN-MTB-100350,15972.7,15972.7,SETTLE-FN-MTB-100350,False,True,False,False,,,FEDNOW,FEDERAL_RESERVE_FEDNOW,pacs.008,MSG-FN-202607274345,INS-FN-733285,E2E-FN-923227451,2026-07-27T05:16:53Z,Matthew Flores,6143175553,Cascade Point Bank,321315071,Nancy Sanchez,2998950352,Meridian Trust Bank,MTB0000001,Meridian Trust Bank,15972.7,USD,P2P transfer,INV-82654,PASSED,PASSED,PASSED,PASSED,PASSED,,,[],PASSED,PASSED,PASSED,PASSED,False,2024-01-31 00:00:00,6,908,False,2998950352,5,8,True,[],16633.09,ACCEPT,Matthew Flores,6143175553,Cascade Point Bank,Nancy Sanchez,2998950352,Meridian Trust Bank,Meridian Trust Bank,15972.7,POSTED,POST-MTB-711572,2026-07-27T05:17:12Z,2026-07-27 00:00:00,2998950352,CREDIT,USD,LEDG-FN-MTB-100350,2998950352,15972.7,0,81370.69,81370.69,Meridian Trust Bank,15972.7,2026-07-27T05:16:53Z,2026-07-27T05:17:02Z,2026-07-27T05:17:12Z,2026-07-27T05:17:12Z,,,,,,,,,,,,,,,,,,,,,,,,,,,,,,,,,,,,,,,,,,,,,,,,,,,,,,,,,,,,,,,,,,,,,,,,,,,,,,,,,,,,,,,,,,,,,,,,,,,,,,,,,,,,
FEDNOW,POST,FN-MTB-100354,MERCHANT,MERCH-008,EXTERNAL_INDIVIDUAL,EXT-P-8633,CREDIT,MTB-IP-20260727-94424,FN-MTB-100354,,COMPLETED,,,,,,,,,,,,,,,,,,,,,,,,,,,PENDING,PENDING,,,,,,,,,2026-07-27T18:07:13Z,True,2026-07-27T18:07:17Z,759,10000,False,51,,,,,,,False,0,,IDEMP-FN-MTB-100354,,PASSED,,,,,,3,4,1648.46,611.1,False,33,10000,0.149,,[],False,,,,,,,,,,,,,,SETTLED,,SETTLE-FN-MTB-100354,,2026-07-27T18:07:17Z,,,,,,,USD,,,,,,,,,,,,,,,,MATCHED,2026-07-28T18:07:17Z,0,True,LEDG-FN-MTB-100354,1491.76,1491.76,SETTLE-FN-MTB-100354,False,False,False,False,,,FEDNOW,FEDERAL_RESERVE_FEDNOW,pacs.008,MSG-FN-202607273475,INS-FN-709670,E2E-FN-129675815,2026-07-27T18:07:13Z,Rebecca Hill,2941950704,Cascade Point Bank,887804041,Amberlane Textiles Co,454372367,Meridian Trust Bank,MTB0000001,BrightLedger Payments,1491.76,USD,Invoice payment,INV-59287,PASSED,PASSED,PASSED,PASSED,PASSED,,,[],PASSED,PASSED,PASSED,PASSED,False,2025-07-28 00:00:00,33,364,False,454372367,2,5,False,[],1378.18,ACCEPT,Rebecca Hill,2941950704,Cascade Point Bank,Amberlane Textiles Co,454372367,Meridian Trust Bank,BrightLedger Payments,1491.76,POSTED,POST-MTB-760705,2026-07-27T18:07:27Z,2026-07-27 00:00:00,454372367,CREDIT,USD,LEDG-FN-MTB-100354,454372367,1491.76,0,50392.75,50392.75,BrightLedger Payments,1491.76,2026-07-27T18:07:13Z,2026-07-27T18:07:17Z,2026-07-27T18:07:27Z,2026-07-27T18:07:27Z,,,,,,,,,,,,,,,,,,,,,,,,,,,,,,,,,,,,,,,,,,,,,,,,,,,,,,,,,,,,,,,,,,,,,,,,,,,,,,,,,,,,,,,,,,,,,,,,,,,,,,,,,,,,
FEDNOW,POST,FN-MTB-100361,MERCHANT,MERCH-008,EXTERNAL_INDIVIDUAL,EXT-P-8916,CREDIT,MTB-IP-20260730-17451,FN-MTB-100361,,COMPLETED,,,,,,,,,,,,,,,,,,,,,,,,,,,PENDING,PENDING,,,,,,,,,2026-07-30T02:48:13Z,True,2026-07-30T02:48:21Z,3539,10000,False,0,,,,,,,False,0,,IDEMP-FN-MTB-100361,,PASSED,,,,,,1,5,72939.95,29201.52,False,35,10000,1.745,,[],False,,,,,,,,,,,,,,SETTLED,,SETTLE-FN-MTB-100361,,2026-07-30T02:48:21Z,,,,,,,USD,,,,,,,,,,,,,,,,MATCHED,2026-07-31T05:48:21Z,0,True,LEDG-FN-MTB-100361,17445.67,17445.67,SETTLE-FN-MTB-100361,False,False,False,False,,,FEDNOW,FEDERAL_RESERVE_FEDNOW,pacs.008,MSG-FN-202607302132,INS-FN-321845,E2E-FN-140063358,2026-07-30T02:48:13Z,Lisa Moore,7674184463,Ironbridge National Bank,260392506,Amberlane Textiles Co,454372367,Meridian Trust Bank,MTB0000001,BrightLedger Payments,17445.67,USD,P2P transfer,INV-45970,PASSED,PASSED,PASSED,PASSED,PASSED,,,[],PASSED,PASSED,PASSED,PASSED,False,2025-07-26 00:00:00,46,369,False,454372367,3,5,False,[],16784.55,ACCEPT,Lisa Moore,7674184463,Ironbridge National Bank,Amberlane Textiles Co,454372367,Meridian Trust Bank,BrightLedger Payments,17445.67,POSTED,POST-MTB-791417,2026-07-30T02:48:31Z,2026-07-30 00:00:00,454372367,CREDIT,USD,LEDG-FN-MTB-100361,454372367,17445.67,0,46277.38,46277.38,BrightLedger Payments,17445.67,2026-07-30T02:48:13Z,2026-07-30T02:48:21Z,2026-07-30T02:48:31Z,2026-07-30T02:48:31Z,,,,,,,,,,,,,,,,,,,,,,,,,,,,,,,,,,,,,,,,,,,,,,,,,,,,,,,,,,,,,,,,,,,,,,,,,,,,,,,,,,,,,,,,,,,,,,,,,,,,,,,,,,,,
FEDNOW,POST,FN-MTB-100358,MERCHANT,MERCH-001,EXTERNAL_INDIVIDUAL,EXT-P-2948,CREDIT,MTB-IP-20260823-55286,FN-MTB-100358,,COMPLETED,,,,,,,,,,,,,,,,,,,,,,,,,,,PENDING,PENDING,,,,,,,,,2026-08-23T12:18:50Z,True,2026-08-23T12:19:00Z,568,10000,False,0,,,,,,,False,0,,IDEMP-FN-MTB-100358,,PASSED,,,,,,1,7,57139.07,30935.26,False,46,10000,1.435,,[],False,,,,,,,,,,,,,,SETTLED,,SETTLE-FN-MTB-100358,,2026-08-23T12:19:00Z,,,,,,,USD,,,,,,,,,,,,,,,,NOT_YET_RECONCILED,,0,True,LEDG-FN-MTB-100358,14353.45,14353.45,SETTLE-FN-MTB-100358,False,False,False,False,,,FEDNOW,FEDERAL_RESERVE_FEDNOW,pacs.008,MSG-FN-202608235059,INS-FN-240794,E2E-FN-735436536,2026-08-23T12:18:50Z,Cynthia Smith,9846686647,Summit Ridge Bank,522996015,Bluepeak Hardware Supply,2813398050,Meridian Trust Bank,MTB0000001,Meridian Trust Bank,14353.45,USD,P2P transfer,INV-27174,PASSED,PASSED,PASSED,PASSED,PASSED,,,[],PASSED,PASSED,PASSED,PASSED,False,2024-12-01 00:00:00,27,630,False,2813398050,3,6,False,[],16126.24,ACCEPT,Cynthia Smith,9846686647,Summit Ridge Bank,Bluepeak Hardware Supply,2813398050,Meridian Trust Bank,Meridian Trust Bank,14353.45,POSTED,POST-MTB-427909,2026-08-23T12:19:10Z,2026-08-23 00:00:00,2813398050,CREDIT,USD,LEDG-FN-MTB-100358,2813398050,14353.45,0,103522.5,103522.5,Meridian Trust Bank,14353.45,2026-08-23T12:18:50Z,2026-08-23T12:19:00Z,2026-08-23T12:19:10Z,2026-08-23T12:19:10Z,,,,,,,,,,,,,,,,,,,,,,,,,,,,,,,,,,,,,,,,,,,,,,,,,,,,,,,,,,,,,,,,,,,,,,,,,,,,,,,,,,,,,,,,,,,,,,,,,,,,,,,,,,,,
FEDNOW,POST,FN-MTB-100319,INDIVIDUAL,IND-0007,EXTERNAL_INDIVIDUAL,EXT-P-7276,CREDIT,MTB-IP-20260713-88772,FN-MTB-100319,,COMPLETED,,,,,,,,,,,,,,,,,,,,,,,,,,,PENDING,PENDING,,,,,,,,,2026-07-13T13:55:03Z,True,2026-07-13T13:55:12Z,4272,10000,False,5,,,,,,,False,0,,IDEMP-FN-MTB-100319,,PASSED,,,,,,1,6,5899.88,2505.4,False,36,10000,0.309,,[],False,,,,,,,,,,,,,,SETTLED,,SETTLE-FN-MTB-100319,,2026-07-13T13:55:12Z,,,,,,,USD,,,,,,,,,,,,,,,,MATCHED,2026-07-14T20:55:12Z,0,True,LEDG-FN-MTB-100319,3090.32,3090.32,SETTLE-FN-MTB-100319,False,False,False,False,,,FEDNOW,FEDERAL_RESERVE_FEDNOW,pacs.008,MSG-FN-202607136299,INS-FN-470895,E2E-FN-303439469,2026-07-13T13:55:03Z,Sandra Wright,3631086144,Cascade Point Bank,88281169,Karen Robinson,6799249566,Meridian Trust Bank,MTB0000001,Meridian Trust Bank,3090.32,USD,Vendor settlement,INV-32270,PASSED,PASSED,PASSED,PASSED,PASSED,,,[],PASSED,PASSED,PASSED,PASSED,False,2026-06-12 00:00:00,55,31,False,6799249566,3,7,False,[],3783.11,ACCEPT,Sandra Wright,3631086144,Cascade Point Bank,Karen Robinson,6799249566,Meridian Trust Bank,Meridian Trust Bank,3090.32,POSTED,POST-MTB-154369,2026-07-13T13:55:22Z,2026-07-13 00:00:00,6799249566,CREDIT,USD,LEDG-FN-MTB-100319,6799249566,3090.32,0,65127.85,65127.85,Meridian Trust Bank,3090.32,2026-07-13T13:55:03Z,2026-07-13T13:55:12Z,2026-07-13T13:55:22Z,2026-07-13T13:55:22Z,,,,,,,,,,,,,,,,,,,,,,,,,,,,,,,,,,,,,,,,,,,,,,,,,,,,,,,,,,,,,,,,,,,,,,,,,,,,,,,,,,,,,,,,,,,,,,,,,,,,,,,,,,,,
FEDNOW,POST,FN-MTB-100322,INDIVIDUAL,IND-0100,EXTERNAL_INDIVIDUAL,EXT-P-4918,CREDIT,MTB-IP-20260720-70400,FN-MTB-100322,,COMPLETED,,,,,,,,,,,,,,,,,,,,,,,,,,,PENDING,PENDING,,,,,,,,,2026-07-20T16:08:00Z,True,2026-07-20T16:08:09Z,3825,10000,False,5,,,,,,,False,0,,IDEMP-FN-MTB-100322,,PASSED,,,,,,1,11,4611.85,2708.8,False,59,10000,0.164,,[],False,,,,,,,,,,,,,,SETTLED,,SETTLE-FN-MTB-100322,,2026-07-20T16:08:09Z,,,,,,,USD,,,,,,,,,,,,,,,,MATCHED,2026-07-20T23:08:09Z,0,True,LEDG-FN-MTB-100322,1640.7,1640.7,SETTLE-FN-MTB-100322,False,False,False,False,,,FEDNOW,FEDERAL_RESERVE_FEDNOW,pacs.008,MSG-FN-202607204086,INS-FN-109881,E2E-FN-764391060,2026-07-20T16:08:00Z,Carol Robinson,4811741882,Cascade Point Bank,69914588,Betty Wright,1304584672,Meridian Trust Bank,MTB0000001,Meridian Trust Bank,1640.7,USD,P2P transfer,INV-42615,PASSED,PASSED,PASSED,PASSED,PASSED,,,[],PASSED,PASSED,PASSED,PASSED,False,2025-08-21 00:00:00,2,333,False,1304584672,1,3,False,[],1875.28,ACCEPT,Carol Robinson,4811741882,Cascade Point Bank,Betty Wright,1304584672,Meridian Trust Bank,Meridian Trust Bank,1640.7,POSTED,POST-MTB-441676,2026-07-20T16:08:19Z,2026-07-20 00:00:00,1304584672,CREDIT,USD,LEDG-FN-MTB-100322,1304584672,1640.7,0,33506.54,33506.54,Meridian Trust Bank,1640.7,2026-07-20T16:08:00Z,2026-07-20T16:08:09Z,2026-07-20T16:08:19Z,2026-07-20T16:08:19Z,,,,,,,,,,,,,,,,,,,,,,,,,,,,,,,,,,,,,,,,,,,,,,,,,,,,,,,,,,,,,,,,,,,,,,,,,,,,,,,,,,,,,,,,,,,,,,,,,,,,,,,,,,,,
FEDNOW,POST,FN-MTB-100314,INDIVIDUAL,IND-0083,EXTERNAL_INDIVIDUAL,EXT-P-2468,CREDIT,MTB-IP-20260712-87273,FN-MTB-100314,,COMPLETED,,,,,,,,,,,,,,,,,,,,,,,,,,,PENDING,PENDING,,,,,,,,,2026-07-12T14:57:10Z,True,2026-07-12T14:57:25Z,4455,10000,False,51,,,,,,,False,0,,IDEMP-FN-MTB-100314,,PASSED,,,,,,3,7,13151.39,10459.62,False,39,10000,0.576,,[],False,,,,,,,,,,,,,,SETTLED,,SETTLE-FN-MTB-100314,,2026-07-12T14:57:25Z,,,,,,,USD,,,,,,,,,,,,,,,,MATCHED,2026-07-13T23:57:25Z,0,True,LEDG-FN-MTB-100314,5759.45,5759.45,SETTLE-FN-MTB-100314,False,False,False,False,,,FEDNOW,FEDERAL_RESERVE_FEDNOW,pacs.008,MSG-FN-202607129328,INS-FN-831985,E2E-FN-222206203,2026-07-12T14:57:10Z,Joshua Anderson,2363509101,Ironbridge National Bank,629483224,Thomas Wright,8958863975,Meridian Trust Bank,MTB0000001,Meridian Trust Bank,5759.45,USD,P2P transfer,INV-74751,PASSED,PASSED,PASSED,PASSED,PASSED,,,[],PASSED,PASSED,PASSED,PASSED,True,2026-07-12 00:00:00,0,0,False,8958863975,3,3,False,[],5019.9,ACCEPT,Joshua Anderson,2363509101,Ironbridge National Bank,Thomas Wright,8958863975,Meridian Trust Bank,Meridian Trust Bank,5759.45,POSTED,POST-MTB-465330,2026-07-12T14:57:35Z,2026-07-12 00:00:00,8958863975,CREDIT,USD,LEDG-FN-MTB-100314,8958863975,5759.45,0,78877.67,78877.67,Meridian Trust Bank,5759.45,2026-07-12T14:57:10Z,2026-07-12T14:57:25Z,2026-07-12T14:57:35Z,2026-07-12T14:57:35Z,,,,,,,,,,,,,,,,,,,,,,,,,,,,,,,,,,,,,,,,,,,,,,,,,,,,,,,,,,,,,,,,,,,,,,,,,,,,,,,,,,,,,,,,,,,,,,,,,,,,,,,,,,,,
FEDNOW,POST,FN-MTB-100392,MERCHANT,MERCH-002,EXTERNAL_INDIVIDUAL,EXT-P-3171,CREDIT,MTB-IP-20260729-70232,FN-MTB-100392,,COMPLETED,,,,,,,,,,,,,,,,,,,,,,,,,,,PENDING,PENDING,,,,,,,,,2026-07-29T12:31:41Z,True,2026-07-29T19:40:29Z,2478,10000,False,51,,,,,,,False,0,,IDEMP-FN-MTB-100392,,PASSED,,,,,,1,10,72116.18,39554.33,False,59,10000,1.718,,[],False,,,,,,,,,,,,,,SETTLED,,SETTLE-FN-MTB-100392,,2026-07-29T19:40:29Z,,,,,,,USD,,,,,,,,,,,,,,,,MATCHED,2026-07-30T01:40:29Z,0,True,LEDG-FN-MTB-100392,17180.72,17180.72,SETTLE-FN-MTB-100392,False,False,False,False,,,FEDNOW,FEDERAL_RESERVE_FEDNOW,pacs.008,MSG-FN-202607296344,INS-FN-788158,E2E-FN-147754323,2026-07-29T12:31:41Z,Linda Lewis,1073063368,Ironbridge National Bank,326803378,Crestline Office Outfitters,5123580257,Meridian Trust Bank,MTB0000001,Vertex Commerce Pay,17180.72,USD,Vendor settlement,INV-33456,PASSED,PASSED,PASSED,PASSED,PASSED,,,[],PASSED,PASSED,PASSED,PASSED,False,2026-03-04 00:00:00,48,147,False,5123580257,1,2,False,[],16750.64,ACCEPT,Linda Lewis,1073063368,Ironbridge National Bank,Crestline Office Outfitters,5123580257,Meridian Trust Bank,Vertex Commerce Pay,17180.72,POSTED,POST-MTB-852662,2026-07-29T19:40:39Z,2026-07-29 00:00:00,5123580257,CREDIT,USD,LEDG-FN-MTB-100392,5123580257,17180.72,0,130613.97,130613.97,Vertex Commerce Pay,17180.72,2026-07-29T12:31:41Z,2026-07-29T19:40:29Z,2026-07-29T19:40:39Z,2026-07-29T19:40:39Z,,,,,,,,,,,,,,,,,,,,,,,,,,,,,,,,,,,,,,,,,,,,,,,,,,,,,,,,,,,,,,,,,,,,,,,,,,,,,,,,,,,,,,,,,,,,,,,,,,,,,,,,,,,,
FEDNOW,POST,FN-MTB-100390,MERCHANT,MERCH-006,EXTERNAL_INDIVIDUAL,EXT-P-7167,CREDIT,MTB-IP-20260715-60457,FN-MTB-100390,,COMPLETED,,,,,,,,,,,,,,,,,,,,,,,,,,,PENDING,PENDING,,,,,,,,,2026-07-15T13:41:37Z,True,2026-07-15T13:41:43Z,877,10000,False,0,,,,,,,False,0,,IDEMP-FN-MTB-100390,,PASSED,,,,,,1,9,1822.29,705.55,False,49,10000,0.06,,[],False,,,,,,,,,,,,,,SETTLED,,SETTLE-FN-MTB-100390,,2026-07-15T13:41:43Z,,,,,,,USD,,,,,,,,,,,,,,,,NOT_YET_RECONCILED,,0,True,LEDG-FN-MTB-100390,596.29,596.29,SETTLE-FN-MTB-100390,False,False,False,False,,,FEDNOW,FEDERAL_RESERVE_FEDNOW,pacs.008,MSG-FN-202607154624,INS-FN-549094,E2E-FN-989871856,2026-07-15T13:41:37Z,George Clark,6275384712,Ironbridge National Bank,388200909,Redgate Wholesale Foods,3264421990,Meridian Trust Bank,MTB0000001,Meridian Trust Bank,596.29,USD,Vendor settlement,INV-49778,PASSED,PASSED,PASSED,PASSED,PASSED,,,[],PASSED,PASSED,PASSED,PASSED,False,2026-05-27 00:00:00,26,49,False,3264421990,2,6,False,[],669.52,ACCEPT,George Clark,6275384712,Ironbridge National Bank,Redgate Wholesale Foods,3264421990,Meridian Trust Bank,Meridian Trust Bank,596.29,POSTED,POST-MTB-279452,2026-07-15T13:41:53Z,2026-07-15 00:00:00,3264421990,CREDIT,USD,LEDG-FN-MTB-100390,3264421990,596.29,0,83544.13,83544.13,Meridian Trust Bank,596.29,2026-07-15T13:41:37Z,2026-07-15T13:41:43Z,2026-07-15T13:41:53Z,2026-07-15T13:41:53Z,,,,,,,,,,,,,,,,,,,,,,,,,,,,,,,,,,,,,,,,,,,,,,,,,,,,,,,,,,,,,,,,,,,,,,,,,,,,,,,,,,,,,,,,,,,,,,,,,,,,,,,,,,,,
FEDNOW,POST,FN-MTB-100302,INDIVIDUAL,IND-0054,EXTERNAL_INDIVIDUAL,EXT-P-3319,CREDIT,MTB-IP-20260819-90609,FN-MTB-100302,,COMPLETED,,,,,,,,,,,,,,,,,,,,,,,,,,,PENDING,PENDING,,,,,,,,,2026-08-19T08:36:55Z,True,2026-08-19T08:37:05Z,929,10000,False,0,,,,,,,False,0,,IDEMP-FN-MTB-100302,,PASSED,,,,,,1,6,4181.3,2004.06,False,34,10000,0.3,,[],False,,,,,,,,,,,,,,SETTLED,,SETTLE-FN-MTB-100302,,2026-08-19T08:37:05Z,,,,,,,USD,,,,,,,,,,,,,,,,MATCHED,2026-08-20T14:37:05Z,0,True,LEDG-FN-MTB-100302,2998.34,2998.34,SETTLE-FN-MTB-100302,False,False,False,False,,,FEDNOW,FEDERAL_RESERVE_FEDNOW,pacs.008,MSG-FN-202608195022,INS-FN-607458,E2E-FN-115598242,2026-08-19T08:36:55Z,George Davis,2328545052,Ironbridge National Bank,579540407,George Thompson,1167646993,Meridian Trust Bank,MTB0000001,Meridian Trust Bank,2998.34,USD,Invoice payment,INV-97444,PASSED,PASSED,PASSED,PASSED,PASSED,,,[],PASSED,PASSED,PASSED,PASSED,False,2026-03-10 00:00:00,3,162,False,1167646993,1,5,False,[],3808.4,ACCEPT,George Davis,2328545052,Ironbridge National Bank,George Thompson,1167646993,Meridian Trust Bank,Meridian Trust Bank,2998.34,POSTED,POST-MTB-724325,2026-08-19T08:37:15Z,2026-08-19 00:00:00,1167646993,CREDIT,USD,LEDG-FN-MTB-100302,1167646993,2998.34,0,79704.58,79704.58,Meridian Trust Bank,2998.34,2026-08-19T08:36:55Z,2026-08-19T08:37:05Z,2026-08-19T08:37:15Z,2026-08-19T08:37:15Z,,,,,,,,,,,,,,,,,,,,,,,,,,,,,,,,,,,,,,,,,,,,,,,,,,,,,,,,,,,,,,,,,,,,,,,,,,,,,,,,,,,,,,,,,,,,,,,,,,,,,,,,,,,,
FEDNOW,POST,FN-MTB-100357,MERCHANT,MERCH-002,EXTERNAL_INDIVIDUAL,EXT-P-4630,CREDIT,MTB-IP-20260627-72626,FN-MTB-100357,,COMPLETED,,,,,,,,,,,,,,,,,,,,,,,,,,,PENDING,PENDING,,,,,,,,,2026-06-27T07:06:30Z,True,2026-06-27T07:06:34Z,3944,10000,False,0,,,,,,,False,0,,IDEMP-FN-MTB-100357,,PASSED,,,,,,2,7,48714.45,40353.93,False,35,10000,2.162,,[],False,,,,,,,,,,,,,,SETTLED,,SETTLE-FN-MTB-100357,,2026-06-27T07:06:34Z,,,,,,,USD,,,,,,,,,,,,,,,,MATCHED,2026-06-27T16:06:34Z,0,True,LEDG-FN-MTB-100357,21618.66,21618.66,SETTLE-FN-MTB-100357,True,False,False,False,,,FEDNOW,FEDERAL_RESERVE_FEDNOW,pacs.008,MSG-FN-202606276909,INS-FN-495915,E2E-FN-231958723,2026-06-27T07:06:30Z,Ashley King,5204898363,Summit Ridge Bank,215526650,Crestline Office Outfitters,5123580257,Meridian Trust Bank,MTB0000001,Vertex Commerce Pay,21618.66,USD,P2P transfer,INV-72128,PASSED,PASSED,PASSED,PASSED,PASSED,,,[],PASSED,PASSED,PASSED,PASSED,True,2026-06-27 00:00:00,0,0,True,5123580257,1,4,False,[],25596.45,ACCEPT,Ashley King,5204898363,Summit Ridge Bank,Crestline Office Outfitters,5123580257,Meridian Trust Bank,Vertex Commerce Pay,21618.66,POSTED,POST-MTB-663268,2026-06-27T07:06:44Z,2026-06-27 00:00:00,5123580257,CREDIT,USD,LEDG-FN-MTB-100357,5123580257,21618.66,0,100679.37,100679.37,Vertex Commerce Pay,21618.66,2026-06-27T07:06:30Z,2026-06-27T07:06:34Z,2026-06-27T07:06:44Z,2026-06-27T07:06:44Z,,,,,,,,,,,,,,,,,,,,,,,,,,,,,,,,,,,,,,,,,,,,,,,,,,,,,,,,,,,,,,,,,,,,,,,,,,,,,,,,,,,,,,,,,,,,,,,,,,,,,,,,,,,,
FEDNOW,POST,FN-MTB-100337,INDIVIDUAL,IND-0073,EXTERNAL_INDIVIDUAL,EXT-P-7579,CREDIT,MTB-IP-20260717-96575,FN-MTB-100337,,COMPLETED,,,,,,,,,,,,,,,,,,,,,,,,,,,PENDING,PENDING,,,,,,,,,2026-07-17T23:09:14Z,True,2026-07-17T23:09:16Z,683,10000,False,0,,,,,,,False,0,,IDEMP-FN-MTB-100337,,PASSED,,,,,,5,12,947.07,441.48,True,60,10000,0.054,,[],False,,,,,,,,,,,,,,SETTLED,,SETTLE-FN-MTB-100337,,2026-07-17T23:09:16Z,,,,,,,USD,,,,,,,,,,,,,,,,MATCHED,2026-07-19T10:09:16Z,0,True,LEDG-FN-MTB-100337,542.9,542.9,SETTLE-FN-MTB-100337,False,False,True,False,,,FEDNOW,FEDERAL_RESERVE_FEDNOW,pacs.008,MSG-FN-202607174280,INS-FN-286638,E2E-FN-122606888,2026-07-17T23:09:14Z,Kimberly Jones,3596387716,Summit Ridge Bank,953105460,Susan Johnson,3719878466,Meridian Trust Bank,MTB0000001,Meridian Trust Bank,542.9,USD,P2P transfer,INV-84138,PASSED,PASSED,PASSED,PASSED,PASSED,,,[],PASSED,PASSED,PASSED,PASSED,False,2024-06-02 00:00:00,54,775,False,3719878466,1,5,False,[],567.58,ACCEPT,Kimberly Jones,3596387716,Summit Ridge Bank,Susan Johnson,3719878466,Meridian Trust Bank,Meridian Trust Bank,542.9,POSTED,POST-MTB-744981,2026-07-17T23:09:26Z,2026-07-17 00:00:00,3719878466,CREDIT,USD,LEDG-FN-MTB-100337,3719878466,542.9,0,78603.85,78603.85,Meridian Trust Bank,542.9,2026-07-17T23:09:14Z,2026-07-17T23:09:16Z,2026-07-17T23:09:26Z,2026-07-17T23:09:26Z,,,,,,,,,,,,,,,,,,,,,,,,,,,,,,,,,,,,,,,,,,,,,,,,,,,,,,,,,,,,,,,,,,,,,,,,,,,,,,,,,,,,,,,,,,,,,,,,,,,,,,,,,,,,
FEDNOW,POST,FN-MTB-100334,INDIVIDUAL,IND-0012,EXTERNAL_INDIVIDUAL,EXT-P-8241,CREDIT,MTB-IP-20260806-62225,FN-MTB-100334,,COMPLETED,,,,,,,,,,,,,,,,,,,,,,,,,,,PENDING,PENDING,,,,,,,,,2026-08-06T17:06:21Z,True,2026-08-06T17:06:32Z,1546,10000,False,51,,,,,,,False,0,,IDEMP-FN-MTB-100334,,PASSED,,,,,,1,8,46758.24,18290.31,False,45,10000,1.156,,[],False,,,,,,,,,,,,,,SETTLED,,SETTLE-FN-MTB-100334,,2026-08-06T17:06:32Z,,,,,,,USD,,,,,,,,,,,,,,,,MATCHED,2026-08-08T00:06:32Z,0,True,LEDG-FN-MTB-100334,11560.35,11560.35,SETTLE-FN-MTB-100334,False,False,False,False,,,FEDNOW,FEDERAL_RESERVE_FEDNOW,pacs.008,MSG-FN-202608062195,INS-FN-275370,E2E-FN-540504045,2026-08-06T17:06:21Z,Rebecca Flores,664584,Cascade Point Bank,653618288,Betty Thompson,1357947125,Meridian Trust Bank,MTB0000001,Meridian Trust Bank,11560.35,USD,Invoice payment,INV-37456,PASSED,PASSED,PASSED,PASSED,PASSED,,,[],PASSED,PASSED,PASSED,PASSED,False,2023-12-05 00:00:00,41,975,False,1357947125,1,1,False,[],9755.05,ACCEPT,Rebecca Flores,664584,Cascade Point Bank,Betty Thompson,1357947125,Meridian Trust Bank,Meridian Trust Bank,11560.35,POSTED,POST-MTB-114949,2026-08-06T17:06:42Z,2026-08-06 00:00:00,1357947125,CREDIT,USD,LEDG-FN-MTB-100334,1357947125,11560.35,0,43599.9,43599.9,Meridian Trust Bank,11560.35,2026-08-06T17:06:21Z,2026-08-06T17:06:32Z,2026-08-06T17:06:42Z,2026-08-06T17:06:42Z,,,,,,,,,,,,,,,,,,,,,,,,,,,,,,,,,,,,,,,,,,,,,,,,,,,,,,,,,,,,,,,,,,,,,,,,,,,,,,,,,,,,,,,,,,,,,,,,,,,,,,,,,,,,
FEDNOW,POST,FN-MTB-100345,INDIVIDUAL,IND-0098,EXTERNAL_INDIVIDUAL,EXT-P-3962,CREDIT,MTB-IP-20260726-47365,FN-MTB-100345,,COMPLETED,,,,,,,,,,,,,,,,,,,,,,,,,,,PENDING,PENDING,,,,,,,,,2026-07-26T13:02:52Z,True,2026-07-26T13:02:58Z,3888,10000,False,0,,,,,,,False,0,,IDEMP-FN-MTB-100345,,PASSED,,,,,,1,4,11199.92,9058.95,False,29,10000,0.394,,[],False,,,,,,,,,,,,,,SETTLED,,SETTLE-FN-MTB-100345,,2026-07-26T13:02:58Z,,,,,,,USD,,,,,,,,,,,,,,,,NOT_YET_RECONCILED,,0,True,LEDG-FN-MTB-100345,3938.98,3938.98,SETTLE-FN-MTB-100345,False,False,False,False,,,FEDNOW,FEDERAL_RESERVE_FEDNOW,pacs.008,MSG-FN-202607268879,INS-FN-786025,E2E-FN-875474335,2026-07-26T13:02:52Z,Cynthia Jackson,8973691745,Cascade Point Bank,343390680,William Miller,8260179870,Meridian Trust Bank,MTB0000001,Meridian Trust Bank,3938.98,USD,Invoice payment,INV-86027,PASSED,PASSED,PASSED,PASSED,PASSED,,,[],PASSED,PASSED,PASSED,PASSED,False,2025-07-27 00:00:00,25,364,False,8260179870,1,4,False,[],4704.61,ACCEPT,Cynthia Jackson,8973691745,Cascade Point Bank,William Miller,8260179870,Meridian Trust Bank,Meridian Trust Bank,3938.98,POSTED,POST-MTB-682525,2026-07-26T13:03:08Z,2026-07-26 00:00:00,8260179870,CREDIT,USD,LEDG-FN-MTB-100345,8260179870,3938.98,0,137254.93,137254.93,Meridian Trust Bank,3938.98,2026-07-26T13:02:52Z,2026-07-26T13:02:58Z,2026-07-26T13:03:08Z,2026-07-26T13:03:08Z,,,,,,,,,,,,,,,,,,,,,,,,,,,,,,,,,,,,,,,,,,,,,,,,,,,,,,,,,,,,,,,,,,,,,,,,,,,,,,,,,,,,,,,,,,,,,,,,,,,,,,,,,,,,
FEDNOW,POST,FN-MTB-100398,MERCHANT,MERCH-001,EXTERNAL_INDIVIDUAL,EXT-P-1405,CREDIT,MTB-IP-20260801-26062,FN-MTB-100398,,COMPLETED,,,,,,,,,,,,,,,,,,,,,,,,,,,PENDING,PENDING,,,,,,,,,2026-08-01T11:18:05Z,True,2026-08-01T11:18:16Z,1446,10000,False,5,,,,,,,False,0,,IDEMP-FN-MTB-100398,,PASSED,,,,,,1,3,27821.65,18160.85,False,21,10000,0.701,,[],False,,,,,,,,,,,,,,SETTLED,,SETTLE-FN-MTB-100398,,2026-08-01T11:18:16Z,,,,,,,USD,,,,,,,,,,,,,,,,BREAK,2026-08-02T22:18:16Z,-11.77,False,LEDG-FN-MTB-100398,7012.31,7000.54,SETTLE-FN-MTB-100398,False,False,False,False,,,FEDNOW,FEDERAL_RESERVE_FEDNOW,pacs.008,MSG-FN-202608015560,INS-FN-109720,E2E-FN-803815157,2026-08-01T11:18:05Z,Jason Hernandez,943711298,Summit Ridge Bank,338153797,Bluepeak Hardware Supply,2813398050,Meridian Trust Bank,MTB0000001,Meridian Trust Bank,7012.31,USD,Vendor settlement,INV-85780,PASSED,PASSED,PASSED,PASSED,PASSED,,,[],PASSED,PASSED,PASSED,PASSED,False,2025-08-29 00:00:00,57,337,False,2813398050,1,2,False,[],5907.24,ACCEPT,Jason Hernandez,943711298,Summit Ridge Bank,Bluepeak Hardware Supply,2813398050,Meridian Trust Bank,Meridian Trust Bank,7012.31,POSTED,POST-MTB-693500,2026-08-01T11:18:26Z,2026-08-01 00:00:00,2813398050,CREDIT,USD,LEDG-FN-MTB-100398,2813398050,7012.31,0,127025.21,127025.21,Meridian Trust Bank,7000.54,2026-08-01T11:18:05Z,2026-08-01T11:18:16Z,2026-08-01T11:18:26Z,2026-08-01T11:18:26Z,,,,,,,,,,,,,,,,,,,,,,,,,,,,,,,,,,,,,,,,,,,,,,,,,,,,,,,,,,,,,,,,,,,,,,,,,,,,,,,,,,,,,,,,,,,,,,,,,,,,,,,,,,,,
FEDNOW,POST,FN-MTB-100399,MERCHANT,MERCH-006,INDIVIDUAL,IND-0023,CREDIT,MTB-IP-20260730-43525,FN-MTB-100399,,COMPLETED,,,,,,,,,,,,,,,,,,,,,,,,,,,PENDING,PENDING,,,,,,,,,2026-07-30T06:09:12Z,True,2026-07-30T09:38:55Z,1451,10000,False,91,,,,,,,False,0,,IDEMP-FN-MTB-100399,,PASSED,,,,,,1,9,3253.56,1853,False,45,10000,0.084,,[],False,,,,,,,,,,,,,,SETTLED,,SETTLE-FN-MTB-100399,,2026-07-30T09:38:55Z,,,,,,,USD,,,,,,,,,,,,,,,,MATCHED,2026-07-31T07:38:55Z,0,True,LEDG-FN-MTB-100399,839.97,839.97,SETTLE-FN-MTB-100399,False,False,False,False,,,FEDNOW,FEDERAL_RESERVE_FEDNOW,pacs.008,MSG-FN-202607305994,INS-FN-811824,E2E-FN-527959658,2026-07-30T06:09:12Z,James Brown,16593766,Summit Ridge Bank,617898912,Redgate Wholesale Foods,3264421990,Meridian Trust Bank,MTB0000001,Meridian Trust Bank,839.97,USD,P2P transfer,INV-52765,PASSED,PASSED,PASSED,PASSED,PASSED,,,[],PASSED,PASSED,PASSED,PASSED,False,2023-10-04 00:00:00,42,1030,False,3264421990,2,5,False,[],690.49,ACCEPT,James Brown,16593766,Summit Ridge Bank,Redgate Wholesale Foods,3264421990,Meridian Trust Bank,Meridian Trust Bank,839.97,POSTED,POST-MTB-703908,2026-07-30T09:39:05Z,2026-07-30 00:00:00,3264421990,CREDIT,USD,LEDG-FN-MTB-100399,3264421990,839.97,0,123973.62,123973.62,Meridian Trust Bank,839.97,2026-07-30T06:09:12Z,2026-07-30T09:38:55Z,2026-07-30T09:39:05Z,2026-07-30T09:39:05Z,,,,,,,,,,,,,,,,,,,,,,,,,,,,,,,,,,,,,,,,,,,,,,,,,,,,,,,,,,,,,,,,,,,,,,,,,,,,,,,,,,,,,,,,,,,,,,,,,,,,,,,,,,,,
FEDNOW,POST,FN-MTB-100343,INDIVIDUAL,IND-0020,EXTERNAL_INDIVIDUAL,EXT-P-4838,CREDIT,MTB-IP-20260731-58776,FN-MTB-100343,,COMPLETED,,,,,,,,,,,,,,,,,,,,,,,,,,,PENDING,PENDING,,,,,,,,,2026-07-31T01:58:49Z,True,2026-07-31T01:58:50Z,2091,10000,False,0,,,,,,,False,0,,IDEMP-FN-MTB-100343,,PASSED,,,,,,1,11,468.26,174.24,True,57,10000,0.012,,[],False,,,,,,,,,,,,,,SETTLED,,SETTLE-FN-MTB-100343,,2026-07-31T01:58:50Z,,,,,,,USD,,,,,,,,,,,,,,,,MATCHED,2026-07-31T14:58:50Z,0,True,LEDG-FN-MTB-100343,121.22,121.22,SETTLE-FN-MTB-100343,False,False,True,False,,,FEDNOW,FEDERAL_RESERVE_FEDNOW,pacs.008,MSG-FN-202607314480,INS-FN-362954,E2E-FN-108231536,2026-07-31T01:58:49Z,James Lewis,618446880,Ironbridge National Bank,51192680,Maria Thompson,8367262775,Meridian Trust Bank,MTB0000001,Meridian Trust Bank,121.22,USD,P2P transfer,INV-81872,PASSED,PASSED,PASSED,PASSED,PASSED,,,[],PASSED,PASSED,PASSED,PASSED,False,2023-05-18 00:00:00,44,1170,False,8367262775,3,7,False,[],110.01,ACCEPT,James Lewis,618446880,Ironbridge National Bank,Maria Thompson,8367262775,Meridian Trust Bank,Meridian Trust Bank,121.22,POSTED,POST-MTB-154607,2026-07-31T01:59:00Z,2026-07-31 00:00:00,8367262775,CREDIT,USD,LEDG-FN-MTB-100343,8367262775,121.22,0,113010.17,113010.17,Meridian Trust Bank,121.22,2026-07-31T01:58:49Z,2026-07-31T01:58:50Z,2026-07-31T01:59:00Z,2026-07-31T01:59:00Z,,,,,,,,,,,,,,,,,,,,,,,,,,,,,,,,,,,,,,,,,,,,,,,,,,,,,,,,,,,,,,,,,,,,,,,,,,,,,,,,,,,,,,,,,,,,,,,,,,,,,,,,,,,,
FEDNOW,POST,FN-MTB-100321,INDIVIDUAL,IND-0096,EXTERNAL_INDIVIDUAL,EXT-P-5212,CREDIT,MTB-IP-20260802-62590,FN-MTB-100321,,COMPLETED,,,,,,,,,,,,,,,,,,,,,,,,,,,PENDING,PENDING,,,,,,,,,2026-08-02T18:00:30Z,True,2026-08-02T18:00:41Z,304,10000,False,51,,,,,,,False,0,,IDEMP-FN-MTB-100321,,PASSED,,,,,,1,5,1319.72,668.83,False,39,10000,0.038,,[],False,,,,,,,,,,,,,,SETTLED,,SETTLE-FN-MTB-100321,,2026-08-02T18:00:41Z,,,,,,,USD,,,,,,,,,,,,,,,,MATCHED,2026-08-02T23:00:41Z,0,True,LEDG-FN-MTB-100321,383.8,383.8,SETTLE-FN-MTB-100321,False,False,False,False,,,FEDNOW,FEDERAL_RESERVE_FEDNOW,pacs.008,MSG-FN-202608023669,INS-FN-941521,E2E-FN-614728872,2026-08-02T18:00:30Z,Andrew Lopez,6518629872,Ironbridge National Bank,264108046,Laura Jackson,5507439922,Meridian Trust Bank,MTB0000001,Meridian Trust Bank,383.8,USD,P2P transfer,INV-76974,PASSED,PASSED,PASSED,PASSED,PASSED,,,[],PASSED,PASSED,PASSED,PASSED,False,2023-05-01 00:00:00,5,1189,False,5507439922,1,4,False,[],321.22,ACCEPT,Andrew Lopez,6518629872,Ironbridge National Bank,Laura Jackson,5507439922,Meridian Trust Bank,Meridian Trust Bank,383.8,POSTED,POST-MTB-175245,2026-08-02T18:00:51Z,2026-08-02 00:00:00,5507439922,CREDIT,USD,LEDG-FN-MTB-100321,5507439922,383.8,0,78423.49,78423.49,Meridian Trust Bank,383.8,2026-08-02T18:00:30Z,2026-08-02T18:00:41Z,2026-08-02T18:00:51Z,2026-08-02T18:00:51Z,,,,,,,,,,,,,,,,,,,,,,,,,,,,,,,,,,,,,,,,,,,,,,,,,,,,,,,,,,,,,,,,,,,,,,,,,,,,,,,,,,,,,,,,,,,,,,,,,,,,,,,,,,,,
FEDNOW,POST,FN-MTB-100378,MERCHANT,MERCH-006,EXTERNAL_INDIVIDUAL,EXT-P-8438,CREDIT,MTB-IP-20260716-30875,FN-MTB-100378,,COMPLETED,,,,,,,,,,,,,,,,,,,,,,,,,,,PENDING,PENDING,,,,,,,,,2026-07-16T13:15:16Z,True,2026-07-16T13:15:30Z,2268,10000,False,5,,,,,,,False,0,,IDEMP-FN-MTB-100378,,PASSED,,,,,,1,2,36255.68,15298,False,24,10000,1.244,,[],False,,,,,,,,,,,,,,SETTLED,,SETTLE-FN-MTB-100378,,2026-07-16T13:15:30Z,,,,,,,USD,,,,,,,,,,,,,,,,MATCHED,2026-07-17T01:15:30Z,0,True,LEDG-FN-MTB-100378,12435.85,12435.85,SETTLE-FN-MTB-100378,False,False,False,False,,,FEDNOW,FEDERAL_RESERVE_FEDNOW,pacs.008,MSG-FN-202607162065,INS-FN-557661,E2E-FN-128499653,2026-07-16T13:15:16Z,Betty Jackson,5138518667,Summit Ridge Bank,427045744,Redgate Wholesale Foods,3264421990,Meridian Trust Bank,MTB0000001,Meridian Trust Bank,12435.85,USD,P2P transfer,INV-47183,PASSED,PASSED,PASSED,PASSED,PASSED,,,[],PASSED,PASSED,PASSED,PASSED,False,2026-03-25 00:00:00,13,113,False,3264421990,1,5,False,[],15311.22,ACCEPT,Betty Jackson,5138518667,Summit Ridge Bank,Redgate Wholesale Foods,3264421990,Meridian Trust Bank,Meridian Trust Bank,12435.85,POSTED,POST-MTB-229815,2026-07-16T13:15:40Z,2026-07-16 00:00:00,3264421990,CREDIT,USD,LEDG-FN-MTB-100378,3264421990,12435.85,0,99904.5,99904.5,Meridian Trust Bank,12435.85,2026-07-16T13:15:16Z,2026-07-16T13:15:30Z,2026-07-16T13:15:40Z,2026-07-16T13:15:40Z,,,,,,,,,,,,,,,,,,,,,,,,,,,,,,,,,,,,,,,,,,,,,,,,,,,,,,,,,,,,,,,,,,,,,,,,,,,,,,,,,,,,,,,,,,,,,,,,,,,,,,,,,,,,
FEDNOW,POST,FN-MTB-100346,INDIVIDUAL,IND-0018,EXTERNAL_INDIVIDUAL,EXT-P-1075,CREDIT,MTB-IP-20260714-36440,FN-MTB-100346,,COMPLETED,,,,,,,,,,,,,,,,,,,,,,,,,,,PENDING,PENDING,,,,,,,,,2026-07-14T20:13:20Z,True,2026-07-14T20:13:26Z,3037,10000,False,0,,,,,,,False,0,,IDEMP-FN-MTB-100346,,PASSED,,,,,,1,5,20912.61,9440.16,False,35,10000,0.542,,[],False,,,,,,,,,,,,,,SETTLED,,SETTLE-FN-MTB-100346,,2026-07-14T20:13:26Z,,,,,,,USD,,,,,,,,,,,,,,,,MATCHED,2026-07-14T21:13:26Z,0,True,LEDG-FN-MTB-100346,5420.82,5420.82,SETTLE-FN-MTB-100346,False,False,False,False,,,FEDNOW,FEDERAL_RESERVE_FEDNOW,pacs.008,MSG-FN-202607146008,INS-FN-846818,E2E-FN-779228879,2026-07-14T20:13:20Z,William Thomas,8788183916,Summit Ridge Bank,748964170,Susan Harris,3324744341,Meridian Trust Bank,MTB0000001,Meridian Trust Bank,5420.82,USD,Vendor settlement,INV-77720,PASSED,PASSED,PASSED,PASSED,PASSED,,,[],PASSED,PASSED,PASSED,PASSED,False,2023-09-21 00:00:00,28,1027,False,3324744341,3,5,False,[],5857.68,ACCEPT,William Thomas,8788183916,Summit Ridge Bank,Susan Harris,3324744341,Meridian Trust Bank,Meridian Trust Bank,5420.82,POSTED,POST-MTB-960981,2026-07-14T20:13:36Z,2026-07-14 00:00:00,3324744341,CREDIT,USD,LEDG-FN-MTB-100346,3324744341,5420.82,0,132880.22,132880.22,Meridian Trust Bank,5420.82,2026-07-14T20:13:20Z,2026-07-14T20:13:26Z,2026-07-14T20:13:36Z,2026-07-14T20:13:36Z,,,,,,,,,,,,,,,,,,,,,,,,,,,,,,,,,,,,,,,,,,,,,,,,,,,,,,,,,,,,,,,,,,,,,,,,,,,,,,,,,,,,,,,,,,,,,,,,,,,,,,,,,,,,
FEDNOW,POST,FN-MTB-100368,MERCHANT,MERCH-009,EXTERNAL_INDIVIDUAL,EXT-P-7421,CREDIT,MTB-IP-20260725-91046,FN-MTB-100368,,COMPLETED,,,,,,,,,,,,,,,,,,,,,,,,,,,PENDING,PENDING,,,,,,,,,2026-07-25T18:38:16Z,True,2026-07-25T18:38:20Z,3544,10000,False,91,,,,,,,False,0,,IDEMP-FN-MTB-100368,,PASSED,,,,,,1,3,77437.31,26339.24,False,36,10000,2.023,,[],False,,,,,,,,,,,,,,SETTLED,,SETTLE-FN-MTB-100368,,2026-07-25T18:38:20Z,,,,,,,USD,,,,,,,,,,,,,,,,MATCHED,2026-07-26T05:38:20Z,0,True,LEDG-FN-MTB-100368,20227.55,20227.55,SETTLE-FN-MTB-100368,True,False,False,False,,,FEDNOW,FEDERAL_RESERVE_FEDNOW,pacs.008,MSG-FN-202607259346,INS-FN-447627,E2E-FN-337524164,2026-07-25T18:38:16Z,Thomas Rodriguez,2671282454,Cascade Point Bank,576004249,Copperfield Building Supply,9446335263,Meridian Trust Bank,MTB0000001,Northstar Payment Solutions,20227.55,USD,P2P transfer,INV-88257,PASSED,PASSED,PASSED,PASSED,PASSED,,,[],PASSED,PASSED,PASSED,PASSED,True,2026-07-25 00:00:00,0,0,True,9446335263,1,4,False,[],19155.32,ACCEPT,Thomas Rodriguez,2671282454,Cascade Point Bank,Copperfield Building Supply,9446335263,Meridian Trust Bank,Northstar Payment Solutions,20227.55,POSTED,POST-MTB-981579,2026-07-25T18:38:30Z,2026-07-25 00:00:00,9446335263,CREDIT,USD,LEDG-FN-MTB-100368,9446335263,20227.55,0,126488.25,126488.25,Northstar Payment Solutions,20227.55,2026-07-25T18:38:16Z,2026-07-25T18:38:20Z,2026-07-25T18:38:30Z,2026-07-25T18:38:30Z,,,,,,,,,,,,,,,,,,,,,,,,,,,,,,,,,,,,,,,,,,,,,,,,,,,,,,,,,,,,,,,,,,,,,,,,,,,,,,,,,,,,,,,,,,,,,,,,,,,,,,,,,,,,
FEDNOW,POST,FN-MTB-100517,INDIVIDUAL,IND-0083,EXTERNAL_INDIVIDUAL,EXT-P-2468,CREDIT,MTB-IP-20260712-87273,FN-MTB-100517,,COMPLETED,,,,,,,,,,,,,,,,,,,,,,,,,,,PENDING,PENDING,,,,,,,,,2026-07-12T14:57:10Z,True,2026-07-12T14:57:14Z,4455,10000,False,51,,,,,,,True,2,FN-MTB-100314,IDEMP-FN-MTB-100314,,PASSED,,,,,,3,7,13151.39,10459.62,False,39,10000,0.576,,[],False,,,,,,,,,,,,,,SETTLED,,SETTLE-FN-MTB-100517,,2026-07-12T14:57:14Z,,,,,,,USD,,,,,,,,,,,,,,,,BREAK,2026-07-13T22:57:14Z,0,True,LEDG-FN-MTB-100517,5759.45,5759.45,SETTLE-FN-MTB-100517,False,False,False,False,,,FEDNOW,FEDERAL_RESERVE_FEDNOW,pacs.008,MSG-FN-202607129328,INS-FN-831985,E2E-FN-222206203,2026-07-12T14:57:10Z,Joshua Anderson,2363509101,Ironbridge National Bank,629483224,Thomas Wright,8958863975,Meridian Trust Bank,MTB0000001,Meridian Trust Bank,5759.45,USD,P2P transfer,INV-74751,PASSED,PASSED,PASSED,PASSED,PASSED,,,[],PASSED,PASSED,PASSED,PASSED,True,2026-07-12 00:00:00,0,0,False,8958863975,3,3,False,[],5019.9,ACCEPT,Joshua Anderson,2363509101,Ironbridge National Bank,Thomas Wright,8958863975,Meridian Trust Bank,Meridian Trust Bank,5759.45,POSTED,POST-MTB-834683,2026-07-12T14:57:24Z,2026-07-12 00:00:00,8958863975,CREDIT,USD,LEDG-FN-MTB-100517,8958863975,5759.45,0,83019.2,83019.2,Meridian Trust Bank,5759.45,2026-07-12T14:57:10Z,2026-07-12T14:57:14Z,2026-07-12T14:57:24Z,2026-07-12T14:57:24Z,,,,,,,,,,,,,,,,,,,,,,,,,,,,,,,,,,,,,,,,,,,,,,,,,,,,,,,,,,,,,,,,,,,,,,,,,,,,,,,,,,,,,,,,,,,,,,,,,,,,,,,,,,,,
FEDNOW,POST,FN-MTB-100393,MERCHANT,MERCH-001,EXTERNAL_INDIVIDUAL,EXT-P-2831,CREDIT,MTB-IP-20260728-98728,FN-MTB-100393,,COMPLETED,,,,,,,,,,,,,,,,,,,,,,,,,,,PENDING,PENDING,,,,,,,,,2026-07-28T08:22:57Z,True,2026-07-28T08:23:10Z,2708,10000,False,0,,,,,,,False,0,,IDEMP-FN-MTB-100393,,PASSED,,,,,,2,3,76.34,45.54,False,26,10000,0.007,,[],False,,,,,,,,,,,,,,SETTLED,,SETTLE-FN-MTB-100393,,2026-07-28T08:23:10Z,,,,,,,USD,,,,,,,,,,,,,,,,PENDING,2026-07-29T15:23:10Z,0,True,LEDG-FN-MTB-100393,66.83,66.83,SETTLE-FN-MTB-100393,False,False,False,False,,,FEDNOW,FEDERAL_RESERVE_FEDNOW,pacs.008,MSG-FN-202607286045,INS-FN-180396,E2E-FN-508576668,2026-07-28T08:22:57Z,Brian Jones,5197733694,Ironbridge National Bank,120230649,Bluepeak Hardware Supply,2813398050,Meridian Trust Bank,MTB0000001,Meridian Trust Bank,66.83,USD,P2P transfer,INV-53226,PASSED,PASSED,PASSED,PASSED,PASSED,,,[],PASSED,PASSED,PASSED,PASSED,True,2026-07-28 00:00:00,0,0,False,2813398050,5,7,False,[],58.09,ACCEPT,Brian Jones,5197733694,Ironbridge National Bank,Bluepeak Hardware Supply,2813398050,Meridian Trust Bank,Meridian Trust Bank,66.83,POSTED,POST-MTB-706357,2026-07-28T08:23:20Z,2026-07-28 00:00:00,2813398050,CREDIT,USD,LEDG-FN-MTB-100393,2813398050,66.83,0,16113,16113,Meridian Trust Bank,66.83,2026-07-28T08:22:57Z,2026-07-28T08:23:10Z,2026-07-28T08:23:20Z,2026-07-28T08:23:20Z,,,,,,,,,,,,,,,,,,,,,,,,,,,,,,,,,,,,,,,,,,,,,,,,,,,,,,,,,,,,,,,,,,,,,,,,,,,,,,,,,,,,,,,,,,,,,,,,,,,,,,,,,,,,
FEDNOW,POST,FN-MTB-100356,MERCHANT,MERCH-010,EXTERNAL_INDIVIDUAL,EXT-P-3040,CREDIT,MTB-IP-20260805-90293,FN-MTB-100356,,REJECTED,,,,,,,,,,,,,,,,,,,,,,,,,,,PENDING,PENDING,,,,,,,,,2026-08-05T20:21:49Z,True,2026-08-05T20:21:59Z,798,10000,False,0,,,,,,,False,0,,IDEMP-FN-MTB-100356,,PASSED,,,,,,1,4,35128.24,14440.65,False,28,10000,1.436,,[],False,,,,,,,,,,,,,,,,,,,,,,,,,,,,,,,,,,,,,,,,,NOT_APPLICABLE,,,,,,,,False,False,False,False,,,FEDNOW,FEDERAL_RESERVE_FEDNOW,pacs.008,MSG-FN-202608056046,INS-FN-235588,E2E-FN-579775956,2026-08-05T20:21:49Z,Robert Miller,8094814360,Cascade Point Bank,889218613,Wrenfield Pharmacy Group,4806704660,Meridian Trust Bank,MTB0000001,Vertex Commerce Pay,14356.69,USD,Vendor settlement,INV-19372,FAILED,PASSED,PASSED,PASSED,FAILED,E317,Amount field exceeds allowed decimal precision,['E317'],PASSED,PASSED,PASSED,PASSED,False,2024-09-23 00:00:00,12,681,False,4806704660,5,8,False,[],18086.95,REJECT,,,,,,,,,,,,,,,,,,,,,,,,,,,,,,,,,,,,,,,,,,,,,,,,,,,,,,,,,,,,,,,,,,,,,,,,,,,,,,,,,,,,,,,,,,,,,,,,,,,,,,,,,,,,,,,,,,,,,,,,,,,,,,,,,,,,,,,
FEDNOW,POST,FN-MTB-100306,INDIVIDUAL,IND-0031,EXTERNAL_INDIVIDUAL,EXT-P-2379,CREDIT,MTB-IP-20260721-66395,FN-MTB-100306,,COMPLETED,,,,,,,,,,,,,,,,,,,,,,,,,,,PENDING,PENDING,,,,,,,,,2026-07-21T23:51:37Z,True,2026-07-21T23:51:40Z,4080,10000,False,51,,,,,,,False,0,,IDEMP-FN-MTB-100306,,PASSED,,,,,,3,4,1518.84,845.45,False,34,10000,0.105,,[],False,,,,,,,,,,,,,,SETTLED,,SETTLE-FN-MTB-100306,,2026-07-21T23:51:40Z,,,,,,,USD,,,,,,,,,,,,,,,,NOT_YET_RECONCILED,,0,True,LEDG-FN-MTB-100306,1047.59,1047.59,SETTLE-FN-MTB-100306,False,False,False,False,,,FEDNOW,FEDERAL_RESERVE_FEDNOW,pacs.008,MSG-FN-202607216577,INS-FN-811079,E2E-FN-554286906,2026-07-21T23:51:37Z,Jason Ramirez,1747298896,Summit Ridge Bank,91382696,Kimberly Anderson,5283448863,Meridian Trust Bank,MTB0000001,Meridian Trust Bank,1047.59,USD,P2P transfer,INV-26314,PASSED,PASSED,PASSED,PASSED,PASSED,,,[],PASSED,PASSED,PASSED,PASSED,False,2023-06-23 00:00:00,26,1124,False,5283448863,1,1,False,[],1132.08,ACCEPT,Jason Ramirez,1747298896,Summit Ridge Bank,Kimberly Anderson,5283448863,Meridian Trust Bank,Meridian Trust Bank,1047.59,POSTED,POST-MTB-874352,2026-07-21T23:51:50Z,2026-07-21 00:00:00,5283448863,CREDIT,USD,LEDG-FN-MTB-100306,5283448863,1047.59,0,44815.57,44815.57,Meridian Trust Bank,1047.59,2026-07-21T23:51:37Z,2026-07-21T23:51:40Z,2026-07-21T23:51:50Z,2026-07-21T23:51:50Z,,,,,,,,,,,,,,,,,,,,,,,,,,,,,,,,,,,,,,,,,,,,,,,,,,,,,,,,,,,,,,,,,,,,,,,,,,,,,,,,,,,,,,,,,,,,,,,,,,,,,,,,,,,,
FEDNOW,POST,FN-MTB-100367,MERCHANT,MERCH-003,INDIVIDUAL,IND-0072,CREDIT,MTB-IP-20260626-21296,FN-MTB-100367,,COMPLETED,,,,,,,,,,,,,,,,,,,,,,,,,,,PENDING,PENDING,,,,,,,,,2026-06-26T09:24:50Z,True,2026-06-26T09:25:03Z,2767,10000,False,91,,,,,,,False,0,,IDEMP-FN-MTB-100367,,PASSED,,,,,,5,13,579.98,405,False,62,10000,0.04,,[],False,,,,,,,,,,,,,,SETTLED,,SETTLE-FN-MTB-100367,,2026-06-26T09:25:03Z,,,,,,,USD,,,,,,,,,,,,,,,,MATCHED,2026-06-26T23:25:03Z,0,True,LEDG-FN-MTB-100367,395.35,395.35,SETTLE-FN-MTB-100367,True,True,False,False,,,FEDNOW,FEDERAL_RESERVE_FEDNOW,pacs.008,MSG-FN-202606263801,INS-FN-152999,E2E-FN-769204471,2026-06-26T09:24:50Z,Mark Scott,612553261,Summit Ridge Bank,346315124,Harbor & Vine Grocers,8112126311,Meridian Trust Bank,MTB0000001,Northstar Payment Solutions,395.35,USD,P2P transfer,INV-44686,PASSED,PASSED,PASSED,PASSED,PASSED,,,[],PASSED,PASSED,PASSED,PASSED,True,2026-06-26 00:00:00,0,0,True,8112126311,8,10,True,[],379.84,ACCEPT,Mark Scott,612553261,Summit Ridge Bank,Harbor & Vine Grocers,8112126311,Meridian Trust Bank,Northstar Payment Solutions,395.35,POSTED,POST-MTB-219116,2026-06-26T09:25:13Z,2026-06-26 00:00:00,8112126311,CREDIT,USD,LEDG-FN-MTB-100367,8112126311,395.35,0,20608.39,20608.39,Northstar Payment Solutions,395.35,2026-06-26T09:24:50Z,2026-06-26T09:25:03Z,2026-06-26T09:25:13Z,2026-06-26T09:25:13Z,,,,,,,,,,,,,,,,,,,,,,,,,,,,,,,,,,,,,,,,,,,,,,,,,,,,,,,,,,,,,,,,,,,,,,,,,,,,,,,,,,,,,,,,,,,,,,,,,,,,,,,,,,,,
FEDNOW,POST,FN-MTB-100315,INDIVIDUAL,IND-0096,EXTERNAL_INDIVIDUAL,EXT-P-8736,CREDIT,MTB-IP-20260716-56058,FN-MTB-100315,,COMPLETED,,,,,,,,,,,,,,,,,,,,,,,,,,,PENDING,PENDING,,,,,,,,,2026-07-16T19:53:21Z,True,2026-07-16T19:53:34Z,3298,10000,False,51,,,,,,,False,0,,IDEMP-FN-MTB-100315,,PASSED,,,,,,1,5,10136.2,3934.49,False,39,10000,0.367,,[],False,,,,,,,,,,,,,,SETTLED,,SETTLE-FN-MTB-100315,,2026-07-16T19:53:34Z,,,,,,,USD,,,,,,,,,,,,,,,,MATCHED,2026-07-17T09:53:34Z,0,True,LEDG-FN-MTB-100315,3667.01,3667.01,SETTLE-FN-MTB-100315,False,False,False,False,,,FEDNOW,FEDERAL_RESERVE_FEDNOW,pacs.008,MSG-FN-202607163523,INS-FN-174721,E2E-FN-769896409,2026-07-16T19:53:21Z,Steven Robinson,6153367560,Cascade Point Bank,851660827,Laura Jackson,5507439922,Meridian Trust Bank,MTB0000001,Meridian Trust Bank,3667.01,USD,P2P transfer,INV-51086,PASSED,PASSED,PASSED,PASSED,PASSED,,,[],PASSED,PASSED,PASSED,PASSED,False,2026-04-15 00:00:00,1,92,False,5507439922,1,3,False,[],4152.94,ACCEPT,Steven Robinson,6153367560,Cascade Point Bank,Laura Jackson,5507439922,Meridian Trust Bank,Meridian Trust Bank,3667.01,POSTED,POST-MTB-944227,2026-07-16T19:53:44Z,2026-07-16 00:00:00,5507439922,CREDIT,USD,LEDG-FN-MTB-100315,5507439922,3667.01,0,68002.35,68002.35,Meridian Trust Bank,3667.01,2026-07-16T19:53:21Z,2026-07-16T19:53:34Z,2026-07-16T19:53:44Z,2026-07-16T19:53:44Z,,,,,,,,,,,,,,,,,,,,,,,,,,,,,,,,,,,,,,,,,,,,,,,,,,,,,,,,,,,,,,,,,,,,,,,,,,,,,,,,,,,,,,,,,,,,,,,,,,,,,,,,,,,,
FEDNOW,POST,FN-MTB-100342,INDIVIDUAL,IND-0032,EXTERNAL_INDIVIDUAL,EXT-P-9481,CREDIT,MTB-IP-20260708-34327,FN-MTB-100342,,COMPLETED,,,,,,,,,,,,,,,,,,,,,,,,,,,PENDING,PENDING,,,,,,,,,2026-07-08T04:51:02Z,True,2026-07-08T04:51:05Z,107,10000,False,0,,,,,,,False,0,,IDEMP-FN-MTB-100342,,PASSED,,,,,,1,8,3194.98,1096.48,False,53,10000,0.105,,[],False,,,,,,,,,,,,,,SETTLED,,SETTLE-FN-MTB-100342,,2026-07-08T04:51:05Z,,,,,,,USD,,,,,,,,,,,,,,,,MATCHED,2026-07-09T15:51:05Z,0,True,LEDG-FN-MTB-100342,1054.75,1054.75,SETTLE-FN-MTB-100342,False,True,False,False,,,FEDNOW,FEDERAL_RESERVE_FEDNOW,pacs.008,MSG-FN-202607083453,INS-FN-177912,E2E-FN-478196298,2026-07-08T04:51:02Z,Charles Davis,6280776065,Cascade Point Bank,80378999,Richard Clark,1898877603,Meridian Trust Bank,MTB0000001,Meridian Trust Bank,1054.75,USD,Vendor settlement,INV-87502,PASSED,PASSED,PASSED,PASSED,PASSED,,,[],PASSED,PASSED,PASSED,PASSED,False,2026-03-20 00:00:00,16,110,False,1898877603,8,8,True,[],1029.7,ACCEPT,Charles Davis,6280776065,Cascade Point Bank,Richard Clark,1898877603,Meridian Trust Bank,Meridian Trust Bank,1054.75,POSTED,POST-MTB-444368,2026-07-08T04:51:15Z,2026-07-08 00:00:00,1898877603,CREDIT,USD,LEDG-FN-MTB-100342,1898877603,1054.75,0,147540.81,147540.81,Meridian Trust Bank,1054.75,2026-07-08T04:51:02Z,2026-07-08T04:51:05Z,2026-07-08T04:51:15Z,2026-07-08T04:51:15Z,,,,,,,,,,,,,,,,,,,,,,,,,,,,,,,,,,,,,,,,,,,,,,,,,,,,,,,,,,,,,,,,,,,,,,,,,,,,,,,,,,,,,,,,,,,,,,,,,,,,,,,,,,,,
FEDNOW,POST,FN-MTB-100312,INDIVIDUAL,IND-0045,EXTERNAL_INDIVIDUAL,EXT-P-9119,CREDIT,MTB-IP-20260819-52954,FN-MTB-100312,,COMPLETED,,,,,,,,,,,,,,,,,,,,,,,,,,,PENDING,PENDING,,,,,,,,,2026-08-19T05:06:53Z,True,2026-08-19T05:06:57Z,2381,10000,False,0,,,,,,,False,0,,IDEMP-FN-MTB-100312,,PASSED,,,,,,2,9,17052.59,7886.89,False,48,10000,0.721,,[],False,,,,,,,,,,,,,,SETTLED,,SETTLE-FN-MTB-100312,,2026-08-19T05:06:57Z,,,,,,,USD,,,,,,,,,,,,,,,,MATCHED,2026-08-19T23:06:57Z,0,True,LEDG-FN-MTB-100312,7209.94,7209.94,SETTLE-FN-MTB-100312,False,True,False,False,,,FEDNOW,FEDERAL_RESERVE_FEDNOW,pacs.008,MSG-FN-202608191063,INS-FN-693299,E2E-FN-772185638,2026-08-19T05:06:53Z,George Thompson,6669771415,Ironbridge National Bank,612015185,Kathleen Wilson,7563517919,Meridian Trust Bank,MTB0000001,Meridian Trust Bank,7209.94,USD,Invoice payment,INV-16840,PASSED,PASSED,PASSED,PASSED,PASSED,,,[],PASSED,PASSED,PASSED,PASSED,False,2025-01-20 00:00:00,54,576,False,7563517919,8,10,True,[],6223.46,ACCEPT,George Thompson,6669771415,Ironbridge National Bank,Kathleen Wilson,7563517919,Meridian Trust Bank,Meridian Trust Bank,7209.94,POSTED,POST-MTB-518660,2026-08-19T05:07:07Z,2026-08-19 00:00:00,7563517919,CREDIT,USD,LEDG-FN-MTB-100312,7563517919,7209.94,0,136621,136621,Meridian Trust Bank,7209.94,2026-08-19T05:06:53Z,2026-08-19T05:06:57Z,2026-08-19T05:07:07Z,2026-08-19T05:07:07Z,,,,,,,,,,,,,,,,,,,,,,,,,,,,,,,,,,,,,,,,,,,,,,,,,,,,,,,,,,,,,,,,,,,,,,,,,,,,,,,,,,,,,,,,,,,,,,,,,,,,,,,,,,,,
FEDNOW,POST,FN-MTB-100335,INDIVIDUAL,IND-0076,EXTERNAL_INDIVIDUAL,EXT-P-5873,CREDIT,MTB-IP-20260708-74134,FN-MTB-100335,,COMPLETED,,,,,,,,,,,,,,,,,,,,,,,,,,,PENDING,PENDING,,,,,,,,,2026-07-08T08:54:08Z,True,2026-07-08T08:54:11Z,1422,10000,False,51,,,,,,,False,0,,IDEMP-FN-MTB-100335,,PASSED,,,,,,1,1,432.91,160.36,False,20,10000,0.01,,[],False,,,,,,,,,,,,,,SETTLED,,SETTLE-FN-MTB-100335,,2026-07-08T08:54:11Z,,,,,,,USD,,,,,,,,,,,,,,,,MATCHED,2026-07-08T10:54:11Z,0,True,LEDG-FN-MTB-100335,100.77,100.77,SETTLE-FN-MTB-100335,False,False,False,False,,,FEDNOW,FEDERAL_RESERVE_FEDNOW,pacs.008,MSG-FN-202607083323,INS-FN-248375,E2E-FN-742207108,2026-07-08T08:54:08Z,Kathleen Young,8809339074,Ironbridge National Bank,685699790,James Johnson,3775249656,Meridian Trust Bank,MTB0000001,Meridian Trust Bank,100.77,USD,Vendor settlement,INV-95319,PASSED,PASSED,PASSED,PASSED,PASSED,,,[],PASSED,PASSED,PASSED,PASSED,False,2025-10-31 00:00:00,59,250,False,3775249656,1,5,False,[],124.97,ACCEPT,Kathleen Young,8809339074,Ironbridge National Bank,James Johnson,3775249656,Meridian Trust Bank,Meridian Trust Bank,100.77,POSTED,POST-MTB-560235,2026-07-08T08:54:21Z,2026-07-08 00:00:00,3775249656,CREDIT,USD,LEDG-FN-MTB-100335,3775249656,100.77,0,65551.02,65551.02,Meridian Trust Bank,100.77,2026-07-08T08:54:08Z,2026-07-08T08:54:11Z,2026-07-08T08:54:21Z,2026-07-08T08:54:21Z,,,,,,,,,,,,,,,,,,,,,,,,,,,,,,,,,,,,,,,,,,,,,,,,,,,,,,,,,,,,,,,,,,,,,,,,,,,,,,,,,,,,,,,,,,,,,,,,,,,,,,,,,,,,
FEDNOW,POST,FN-MTB-100355,MERCHANT,MERCH-010,EXTERNAL_INDIVIDUAL,EXT-P-8492,CREDIT,MTB-IP-20260720-46819,FN-MTB-100355,,COMPLETED,,,,,,,,,,,,,,,,,,,,,,,,,,,PENDING,PENDING,,,,,,,,,2026-07-20T00:05:31Z,True,2026-07-20T00:05:34Z,2433,10000,False,91,,,,,,,False,0,,IDEMP-FN-MTB-100355,,PASSED,,,,,,5,7,10154.52,6079.54,False,43,10000,0.967,,[],True,,,,,,,,,,,,,,SETTLED,,SETTLE-FN-MTB-100355,,2026-07-20T00:05:34Z,,,,,,,USD,,,,,,,,,,,,,,,,MATCHED,2026-07-21T03:05:34Z,0,True,LEDG-FN-MTB-100355,9667.38,9667.38,SETTLE-FN-MTB-100355,False,False,False,True,,,FEDNOW,FEDERAL_RESERVE_FEDNOW,pacs.008,MSG-FN-202607207974,INS-FN-595748,E2E-FN-791317160,2026-07-20T00:05:31Z,Linda Thompson,6190664679,Ironbridge National Bank,673234340,Wrenfield Pharmacy Group,4806704660,Meridian Trust Bank,MTB0000001,Vertex Commerce Pay,9667.38,USD,Invoice payment,INV-23535,PASSED,PASSED,PASSED,PASSED,PASSED,,,[],PASSED,PASSED,PASSED,PASSED,False,2025-03-12 00:00:00,59,495,False,4806704660,1,2,False,[],19650.7,ACCEPT,Linda Thompson,6190664679,Ironbridge National Bank,Wrenfield Pharmacy Group,4806704660,Meridian Trust Bank,Vertex Commerce Pay,9667.38,POSTED,POST-MTB-948065,2026-07-20T00:05:44Z,2026-07-20 00:00:00,4806704660,CREDIT,USD,LEDG-FN-MTB-100355,4806704660,9667.38,0,142020.38,142020.38,Vertex Commerce Pay,9667.38,2026-07-20T00:05:31Z,2026-07-20T00:05:34Z,2026-07-20T00:05:44Z,2026-07-20T00:05:44Z,,,,,,,,,,,,,,,,,,,,,,,,,,,,,,,,,,,,,,,,,,,,,,,,,,,,,,,,,,,,,,,,,,,,,,,,,,,,,,,,,,,,,,,,,,,,,,,,,,,,,,,,,,,,
FEDNOW,POST,FN-MTB-100400,MERCHANT,MERCH-010,EXTERNAL_INDIVIDUAL,EXT-P-3818,CREDIT,MTB-IP-20260815-52045,FN-MTB-100400,,COMPLETED,,,,,,,,,,,,,,,,,,,,,,,,,,,PENDING,PENDING,,,,,,,,,2026-08-15T11:17:31Z,True,2026-08-15T11:17:43Z,4231,10000,False,0,,,,,,,False,0,,IDEMP-FN-MTB-100400,,PASSED,,,,,,3,6,74147.69,27942.57,False,46,10000,2.47,,[],False,,,,,,,,,,,,,,SETTLED,,SETTLE-FN-MTB-100400,,2026-08-15T11:17:43Z,,,,,,,USD,,,,,,,,,,,,,,,,MATCHED,2026-08-16T11:17:43Z,0,True,LEDG-FN-MTB-100400,24699.84,24699.84,SETTLE-FN-MTB-100400,False,False,False,False,,,FEDNOW,FEDERAL_RESERVE_FEDNOW,pacs.008,MSG-FN-202608156447,INS-FN-342858,E2E-FN-408661601,2026-08-15T11:17:31Z,David Jones,5457881256,Cascade Point Bank,994289603,Wrenfield Pharmacy Group,4806704660,Meridian Trust Bank,MTB0000001,Vertex Commerce Pay,24699.84,USD,Vendor settlement,INV-49768,PASSED,PASSED,PASSED,PASSED,PASSED,,,[],PASSED,PASSED,PASSED,PASSED,True,2026-08-15 00:00:00,0,0,False,4806704660,3,3,False,[],20741.37,ACCEPT,David Jones,5457881256,Cascade Point Bank,Wrenfield Pharmacy Group,4806704660,Meridian Trust Bank,Vertex Commerce Pay,24699.84,POSTED,POST-MTB-204444,2026-08-15T11:17:53Z,2026-08-15 00:00:00,4806704660,CREDIT,USD,LEDG-FN-MTB-100400,4806704660,24699.84,0,146370.87,146370.87,Vertex Commerce Pay,24699.84,2026-08-15T11:17:31Z,2026-08-15T11:17:43Z,2026-08-15T11:17:53Z,2026-08-15T11:17:53Z,,,,,,,,,,,,,,,,,,,,,,,,,,,,,,,,,,,,,,,,,,,,,,,,,,,,,,,,,,,,,,,,,,,,,,,,,,,,,,,,,,,,,,,,,,,,,,,,,,,,,,,,,,,,
FEDNOW,POST,FN-MTB-100304,INDIVIDUAL,IND-0024,EXTERNAL_INDIVIDUAL,EXT-P-1597,CREDIT,MTB-IP-20260723-40752,FN-MTB-100304,,COMPLETED,,,,,,,,,,,,,,,,,,,,,,,,,,,PENDING,PENDING,,,,,,,,,2026-07-23T03:47:56Z,True,2026-07-23T03:48:03Z,1653,10000,False,0,,,,,,,False,0,,IDEMP-FN-MTB-100304,,PASSED,,,,,,1,7,47892.02,21585.8,False,45,10000,2.085,,[],False,,,,,,,,,,,,,,SETTLED,,SETTLE-FN-MTB-100304,,2026-07-23T03:48:03Z,,,,,,,USD,,,,,,,,,,,,,,,,MATCHED,2026-07-24T01:48:03Z,0,True,LEDG-FN-MTB-100304,20850.33,20850.33,SETTLE-FN-MTB-100304,False,False,False,False,,,FEDNOW,FEDERAL_RESERVE_FEDNOW,pacs.008,MSG-FN-202607239026,INS-FN-941814,E2E-FN-228358266,2026-07-23T03:47:56Z,David Garcia,8283636512,Summit Ridge Bank,935469056,Stephanie Williams,9324986869,Meridian Trust Bank,MTB0000001,Meridian Trust Bank,20850.33,USD,Invoice payment,INV-55628,PASSED,PASSED,PASSED,PASSED,PASSED,,,[],PASSED,PASSED,PASSED,PASSED,False,2025-06-08 00:00:00,4,410,False,9324986869,3,4,False,[],21997.6,ACCEPT,David Garcia,8283636512,Summit Ridge Bank,Stephanie Williams,9324986869,Meridian Trust Bank,Meridian Trust Bank,20850.33,POSTED,POST-MTB-467447,2026-07-23T03:48:13Z,2026-07-23 00:00:00,9324986869,CREDIT,USD,LEDG-FN-MTB-100304,9324986869,20850.33,0,103450.84,103450.84,Meridian Trust Bank,20850.33,2026-07-23T03:47:56Z,2026-07-23T03:48:03Z,2026-07-23T03:48:13Z,2026-07-23T03:48:13Z,,,,,,,,,,,,,,,,,,,,,,,,,,,,,,,,,,,,,,,,,,,,,,,,,,,,,,,,,,,,,,,,,,,,,,,,,,,,,,,,,,,,,,,,,,,,,,,,,,,,,,,,,,,,
FEDNOW,POST,FN-MTB-100387,MERCHANT,MERCH-002,EXTERNAL_INDIVIDUAL,EXT-P-1121,CREDIT,MTB-IP-20260723-55777,FN-MTB-100387,,COMPLETED,,,,,,,,,,,,,,,,,,,,,,,,,,,PENDING,PENDING,,,,,,,,,2026-07-23T08:40:29Z,True,2026-07-23T08:40:37Z,3747,10000,False,0,,,,,,,False,0,,IDEMP-FN-MTB-100387,,PASSED,,,,,,1,1,7869.68,3641.42,False,17,10000,0.207,,[],False,,,,,,,,,,,,,,SETTLED,,SETTLE-FN-MTB-100387,,2026-07-23T08:40:37Z,,,,,,,USD,,,,,,,,,,,,,,,,NOT_YET_RECONCILED,,0,True,LEDG-FN-MTB-100387,2070.15,2070.15,SETTLE-FN-MTB-100387,False,False,False,False,,,FEDNOW,FEDERAL_RESERVE_FEDNOW,pacs.008,MSG-FN-202607234352,INS-FN-920040,E2E-FN-552788393,2026-07-23T08:40:29Z,Robert Martinez,421153339,Summit Ridge Bank,873230910,Crestline Office Outfitters,5123580257,Meridian Trust Bank,MTB0000001,Vertex Commerce Pay,2070.15,USD,Invoice payment,INV-92377,PASSED,PASSED,PASSED,PASSED,PASSED,,,[],PASSED,PASSED,PASSED,PASSED,False,2025-07-05 00:00:00,11,383,False,5123580257,3,3,False,[],2591,ACCEPT,Robert Martinez,421153339,Summit Ridge Bank,Crestline Office Outfitters,5123580257,Meridian Trust Bank,Vertex Commerce Pay,2070.15,POSTED,POST-MTB-771091,2026-07-23T08:40:47Z,2026-07-23 00:00:00,5123580257,CREDIT,USD,LEDG-FN-MTB-100387,5123580257,2070.15,0,5025.38,5025.38,Vertex Commerce Pay,2070.15,2026-07-23T08:40:29Z,2026-07-23T08:40:37Z,2026-07-23T08:40:47Z,2026-07-23T08:40:47Z,,,,,,,,,,,,,,,,,,,,,,,,,,,,,,,,,,,,,,,,,,,,,,,,,,,,,,,,,,,,,,,,,,,,,,,,,,,,,,,,,,,,,,,,,,,,,,,,,,,,,,,,,,,,
FEDNOW,POST,FN-MTB-100332,INDIVIDUAL,IND-0098,EXTERNAL_INDIVIDUAL,EXT-P-7215,CREDIT,MTB-IP-20260822-45806,FN-MTB-100332,,COMPLETED,,,,,,,,,,,,,,,,,,,,,,,,,,,PENDING,PENDING,,,,,,,,,2026-08-22T04:56:24Z,True,2026-08-22T04:56:35Z,4286,10000,False,0,,,,,,,False,0,,IDEMP-FN-MTB-100332,,PASSED,,,,,,5,7,23195.65,13402.95,False,46,10000,1.174,,[],False,,,,,,,,,,,,,,SETTLED,,SETTLE-FN-MTB-100332,,2026-08-22T04:56:35Z,,,,,,,USD,,,,,,,,,,,,,,,,MATCHED,2026-08-23T07:56:35Z,0,True,LEDG-FN-MTB-100332,11737.36,11737.36,SETTLE-FN-MTB-100332,False,False,False,False,,,FEDNOW,FEDERAL_RESERVE_FEDNOW,pacs.008,MSG-FN-202608222261,INS-FN-124111,E2E-FN-679562118,2026-08-22T04:56:24Z,Sandra Flores,7212247101,Summit Ridge Bank,65523528,William Miller,8260179870,Meridian Trust Bank,MTB0000001,Meridian Trust Bank,11737.36,USD,Vendor settlement,INV-56946,PASSED,PASSED,PASSED,PASSED,PASSED,,,[],PASSED,PASSED,PASSED,PASSED,False,2023-12-02 00:00:00,16,994,False,8260179870,2,5,False,[],13698.34,ACCEPT,Sandra Flores,7212247101,Summit Ridge Bank,William Miller,8260179870,Meridian Trust Bank,Meridian Trust Bank,11737.36,POSTED,POST-MTB-753666,2026-08-22T04:56:45Z,2026-08-22 00:00:00,8260179870,CREDIT,USD,LEDG-FN-MTB-100332,8260179870,11737.36,0,108288.91,108288.91,Meridian Trust Bank,11737.36,2026-08-22T04:56:24Z,2026-08-22T04:56:35Z,2026-08-22T04:56:45Z,2026-08-22T04:56:45Z,,,,,,,,,,,,,,,,,,,,,,,,,,,,,,,,,,,,,,,,,,,,,,,,,,,,,,,,,,,,,,,,,,,,,,,,,,,,,,,,,,,,,,,,,,,,,,,,,,,,,,,,,,,,
FEDNOW,POST,FN-MTB-100394,MERCHANT,MERCH-008,INDIVIDUAL,IND-0024,CREDIT,MTB-IP-20260729-76344,FN-MTB-100394,,COMPLETED,,,,,,,,,,,,,,,,,,,,,,,,,,,PENDING,PENDING,,,,,,,,,2026-07-29T20:13:30Z,True,2026-07-29T20:13:33Z,4127,10000,False,0,,,,,,,False,0,,IDEMP-FN-MTB-100394,,PASSED,,,,,,1,3,31739.29,10818.89,False,27,10000,1.608,,[],False,,,,,,,,,,,,,,SETTLED,,SETTLE-FN-MTB-100394,,2026-07-29T20:13:33Z,,,,,,,USD,,,,,,,,,,,,,,,,MATCHED,2026-07-31T03:13:33Z,0,True,LEDG-FN-MTB-100394,16077.69,16077.69,SETTLE-FN-MTB-100394,False,True,False,False,,,FEDNOW,FEDERAL_RESERVE_FEDNOW,pacs.008,MSG-FN-202607296250,INS-FN-808736,E2E-FN-706539336,2026-07-29T20:13:30Z,Stephanie Williams,9324986869,Cascade Point Bank,527878548,Amberlane Textiles Co,454372367,Meridian Trust Bank,MTB0000001,BrightLedger Payments,16077.69,USD,Vendor settlement,INV-51274,PASSED,PASSED,PASSED,PASSED,PASSED,,,[],PASSED,PASSED,PASSED,PASSED,False,2024-03-26 00:00:00,45,855,False,454372367,5,7,True,[],19531.85,ACCEPT,Stephanie Williams,9324986869,Cascade Point Bank,Amberlane Textiles Co,454372367,Meridian Trust Bank,BrightLedger Payments,16077.69,POSTED,POST-MTB-166393,2026-07-29T20:13:43Z,2026-07-29 00:00:00,454372367,CREDIT,USD,LEDG-FN-MTB-100394,454372367,16077.69,0,61991.8,61991.8,BrightLedger Payments,16077.69,2026-07-29T20:13:30Z,2026-07-29T20:13:33Z,2026-07-29T20:13:43Z,2026-07-29T20:13:43Z,,,,,,,,,,,,,,,,,,,,,,,,,,,,,,,,,,,,,,,,,,,,,,,,,,,,,,,,,,,,,,,,,,,,,,,,,,,,,,,,,,,,,,,,,,,,,,,,,,,,,,,,,,,,
FEDNOW,POST,FN-MTB-100371,MERCHANT,MERCH-005,EXTERNAL_INDIVIDUAL,EXT-P-3535,CREDIT,MTB-IP-20260810-43529,FN-MTB-100371,,COMPLETED,,,,,,,,,,,,,,,,,,,,,,,,,,,PENDING,PENDING,,,,,,,,,2026-08-10T08:32:09Z,True,2026-08-10T08:32:14Z,1976,10000,False,0,,,,,,,False,0,,IDEMP-FN-MTB-100371,,PASSED,,,,,,3,12,3415.58,2037.02,False,60,10000,0.117,,[],False,,,,,,,,,,,,,,SETTLED,,SETTLE-FN-MTB-100371,,2026-08-10T08:32:14Z,,,,,,,USD,,,,,,,,,,,,,,,,NOT_YET_RECONCILED,,0,True,LEDG-FN-MTB-100371,1172.42,1172.42,SETTLE-FN-MTB-100371,False,True,False,False,,,FEDNOW,FEDERAL_RESERVE_FEDNOW,pacs.008,MSG-FN-202608105566,INS-FN-875853,E2E-FN-578766215,2026-08-10T08:32:09Z,Cynthia Rodriguez,1953981905,Cascade Point Bank,373462394,Solstice Digital Print,2260323791,Meridian Trust Bank,MTB0000001,Meridian Trust Bank,1172.42,USD,P2P transfer,INV-29308,PASSED,PASSED,PASSED,PASSED,PASSED,,,[],PASSED,PASSED,PASSED,PASSED,False,2024-05-14 00:00:00,22,818,False,2260323791,5,8,True,[],1496.6,ACCEPT,Cynthia Rodriguez,1953981905,Cascade Point Bank,Solstice Digital Print,2260323791,Meridian Trust Bank,Meridian Trust Bank,1172.42,POSTED,POST-MTB-617510,2026-08-10T08:32:24Z,2026-08-10 00:00:00,2260323791,CREDIT,USD,LEDG-FN-MTB-100371,2260323791,1172.42,0,125097.3,125097.3,Meridian Trust Bank,1172.42,2026-08-10T08:32:09Z,2026-08-10T08:32:14Z,2026-08-10T08:32:24Z,2026-08-10T08:32:24Z,,,,,,,,,,,,,,,,,,,,,,,,,,,,,,,,,,,,,,,,,,,,,,,,,,,,,,,,,,,,,,,,,,,,,,,,,,,,,,,,,,,,,,,,,,,,,,,,,,,,,,,,,,,,
FEDNOW,POST,FN-MTB-100349,INDIVIDUAL,IND-0034,INDIVIDUAL,IND-0083,CREDIT,MTB-IP-20260720-88585,FN-MTB-100349,,COMPLETED,,,,,,,,,,,,,,,,,,,,,,,,,,,PENDING,PENDING,,,,,,,,,2026-07-20T01:14:32Z,True,2026-07-20T01:14:33Z,3853,10000,False,91,,,,,,,False,0,,IDEMP-FN-MTB-100349,,PASSED,,,,,,2,11,1271.73,918.38,False,58,10000,0.125,,[],False,,,,,,,,,,,,,,SETTLED,,SETTLE-FN-MTB-100349,,2026-07-20T01:14:33Z,,,,,,,USD,,,,,,,,,,,,,,,,MATCHED,2026-07-21T08:14:33Z,0,True,LEDG-FN-MTB-100349,1254.32,1254.32,SETTLE-FN-MTB-100349,False,False,False,False,,,FEDNOW,FEDERAL_RESERVE_FEDNOW,pacs.008,MSG-FN-202607209540,INS-FN-895396,E2E-FN-693164103,2026-07-20T01:14:32Z,Thomas Wright,8958863975,Ironbridge National Bank,750036879,Amanda Hernandez,9113537618,Meridian Trust Bank,MTB0000001,Meridian Trust Bank,1254.32,USD,Vendor settlement,INV-46144,PASSED,PASSED,PASSED,PASSED,PASSED,,,[],PASSED,PASSED,PASSED,PASSED,False,2025-05-11 00:00:00,40,435,False,9113537618,2,5,False,[],1101.12,ACCEPT,Thomas Wright,8958863975,Ironbridge National Bank,Amanda Hernandez,9113537618,Meridian Trust Bank,Meridian Trust Bank,1254.32,POSTED,POST-MTB-127610,2026-07-20T01:14:43Z,2026-07-20 00:00:00,9113537618,CREDIT,USD,LEDG-FN-MTB-100349,9113537618,1254.32,0,101790.22,101790.22,Meridian Trust Bank,1254.32,2026-07-20T01:14:32Z,2026-07-20T01:14:33Z,2026-07-20T01:14:43Z,2026-07-20T01:14:43Z,,,,,,,,,,,,,,,,,,,,,,,,,,,,,,,,,,,,,,,,,,,,,,,,,,,,,,,,,,,,,,,,,,,,,,,,,,,,,,,,,,,,,,,,,,,,,,,,,,,,,,,,,,,,
FEDNOW,POST,FN-MTB-100336,INDIVIDUAL,IND-0001,EXTERNAL_INDIVIDUAL,EXT-P-4313,CREDIT,MTB-IP-20260821-32797,FN-MTB-100336,,COMPLETED,,,,,,,,,,,,,,,,,,,,,,,,,,,PENDING,PENDING,,,,,,,,,2026-08-21T17:55:31Z,True,2026-08-21T17:55:38Z,1783,10000,False,5,,,,,,,False,0,,IDEMP-FN-MTB-100336,,PASSED,,,,,,5,6,1794.82,1231.15,False,37,10000,0.056,,[],False,,,,,,,,,,,,,,SETTLED,,SETTLE-FN-MTB-100336,,2026-08-21T17:55:38Z,,,,,,,USD,,,,,,,,,,,,,,,,MATCHED,2026-08-23T01:55:38Z,0,True,LEDG-FN-MTB-100336,559.44,559.44,SETTLE-FN-MTB-100336,False,False,False,False,,,FEDNOW,FEDERAL_RESERVE_FEDNOW,pacs.008,MSG-FN-202608215882,INS-FN-942258,E2E-FN-680802826,2026-08-21T17:55:31Z,Andrew Thompson,9211060492,Summit Ridge Bank,160324219,Karen Lee,5581265757,Meridian Trust Bank,MTB0000001,Meridian Trust Bank,559.44,USD,Invoice payment,INV-92715,PASSED,PASSED,PASSED,PASSED,PASSED,,,[],PASSED,PASSED,PASSED,PASSED,False,2024-09-26 00:00:00,35,694,False,5581265757,1,3,False,[],463.29,ACCEPT,Andrew Thompson,9211060492,Summit Ridge Bank,Karen Lee,5581265757,Meridian Trust Bank,Meridian Trust Bank,559.44,POSTED,POST-MTB-452884,2026-08-21T17:55:48Z,2026-08-21 00:00:00,5581265757,CREDIT,USD,LEDG-FN-MTB-100336,5581265757,559.44,0,5668.12,5668.12,Meridian Trust Bank,559.44,2026-08-21T17:55:31Z,2026-08-21T17:55:38Z,2026-08-21T17:55:48Z,2026-08-21T17:55:48Z,,,,,,,,,,,,,,,,,,,,,,,,,,,,,,,,,,,,,,,,,,,,,,,,,,,,,,,,,,,,,,,,,,,,,,,,,,,,,,,,,,,,,,,,,,,,,,,,,,,,,,,,,,,,
FEDNOW,POST,FN-MTB-100366,MERCHANT,MERCH-004,EXTERNAL_INDIVIDUAL,EXT-P-5772,CREDIT,MTB-IP-20260713-52882,FN-MTB-100366,,COMPLETED,,,,,,,,,,,,,,,,,,,,,,,,,,,PENDING,PENDING,,,,,,,,,2026-07-13T22:07:03Z,True,2026-07-13T22:07:17Z,1009,10000,False,0,,,,,,,False,0,,IDEMP-FN-MTB-100366,,PASSED,,,,,,1,6,170.79,83.43,False,44,10000,0.013,,[],False,,,,,,,,,,,,,,SETTLED,,SETTLE-FN-MTB-100366,,2026-07-13T22:07:17Z,,,,,,,USD,,,,,,,,,,,,,,,,MATCHED,2026-07-15T07:07:17Z,0,True,LEDG-FN-MTB-100366,130.65,130.65,SETTLE-FN-MTB-100366,False,True,False,False,,,FEDNOW,FEDERAL_RESERVE_FEDNOW,pacs.008,MSG-FN-202607139811,INS-FN-583124,E2E-FN-391884183,2026-07-13T22:07:03Z,Joshua Young,7434469834,Summit Ridge Bank,928042745,Pinehollow Auto Parts,3061977058,Meridian Trust Bank,MTB0000001,Vertex Commerce Pay,130.65,USD,P2P transfer,INV-49198,PASSED,PASSED,PASSED,PASSED,PASSED,,,[],PASSED,PASSED,PASSED,PASSED,False,2024-05-20 00:00:00,55,784,False,3061977058,5,8,True,[],106.1,ACCEPT,Joshua Young,7434469834,Summit Ridge Bank,Pinehollow Auto Parts,3061977058,Meridian Trust Bank,Vertex Commerce Pay,130.65,POSTED,POST-MTB-472701,2026-07-13T22:07:27Z,2026-07-13 00:00:00,3061977058,CREDIT,USD,LEDG-FN-MTB-100366,3061977058,130.65,0,110533.34,110533.34,Vertex Commerce Pay,130.65,2026-07-13T22:07:03Z,2026-07-13T22:07:17Z,2026-07-13T22:07:27Z,2026-07-13T22:07:27Z,,,,,,,,,,,,,,,,,,,,,,,,,,,,,,,,,,,,,,,,,,,,,,,,,,,,,,,,,,,,,,,,,,,,,,,,,,,,,,,,,,,,,,,,,,,,,,,,,,,,,,,,,,,,
FEDNOW,POST,FN-MTB-100351,MERCHANT,MERCH-010,EXTERNAL_INDIVIDUAL,EXT-P-2973,CREDIT,MTB-IP-20260801-66374,FN-MTB-100351,,COMPLETED,,,,,,,,,,,,,,,,,,,,,,,,,,,PENDING,PENDING,,,,,,,,,2026-08-01T02:50:11Z,True,2026-08-01T06:22:53Z,2989,10000,False,51,,,,,,,False,0,,IDEMP-FN-MTB-100351,,PASSED,,,,,,1,10,1583.32,688.84,False,51,10000,0.048,,[],False,,,,,,,,,,,,,,SETTLED,,SETTLE-FN-MTB-100351,,2026-08-01T06:22:53Z,,,,,,,USD,,,,,,,,,,,,,,,,MATCHED,2026-08-02T10:22:53Z,0,True,LEDG-FN-MTB-100351,479.87,479.87,SETTLE-FN-MTB-100351,False,False,False,False,,,FEDNOW,FEDERAL_RESERVE_FEDNOW,pacs.008,MSG-FN-202608019515,INS-FN-131828,E2E-FN-179773797,2026-08-01T02:50:11Z,Nancy Martinez,224711437,Cascade Point Bank,10412811,Wrenfield Pharmacy Group,4806704660,Meridian Trust Bank,MTB0000001,Vertex Commerce Pay,479.87,USD,Vendor settlement,INV-99066,PASSED,PASSED,PASSED,PASSED,PASSED,,,[],PASSED,PASSED,PASSED,PASSED,False,2024-10-28 00:00:00,11,642,False,4806704660,1,3,False,[],447.34,ACCEPT,Nancy Martinez,224711437,Cascade Point Bank,Wrenfield Pharmacy Group,4806704660,Meridian Trust Bank,Vertex Commerce Pay,479.87,POSTED,POST-MTB-878279,2026-08-01T06:23:03Z,2026-08-01 00:00:00,4806704660,CREDIT,USD,LEDG-FN-MTB-100351,4806704660,479.87,0,97705.92,97705.92,Vertex Commerce Pay,479.87,2026-08-01T02:50:11Z,2026-08-01T06:22:53Z,2026-08-01T06:23:03Z,2026-08-01T06:23:03Z,,,,,,,,,,,,,,,,,,,,,,,,,,,,,,,,,,,,,,,,,,,,,,,,,,,,,,,,,,,,,,,,,,,,,,,,,,,,,,,,,,,,,,,,,,,,,,,,,,,,,,,,,,,,
FEDNOW,POST,FN-MTB-100369,MERCHANT,MERCH-008,EXTERNAL_INDIVIDUAL,EXT-P-9467,CREDIT,MTB-IP-20260809-35732,FN-MTB-100369,,COMPLETED,,,,,,,,,,,,,,,,,,,,,,,,,,,PENDING,PENDING,,,,,,,,,2026-08-09T16:58:32Z,True,2026-08-09T16:58:38Z,4048,10000,False,51,,,,,,,False,0,,IDEMP-FN-MTB-100369,,PASSED,,,,,,2,10,3610.51,1824.83,False,58,10000,0.13,,[],False,,,,,,,,,,,,,,SETTLED,,SETTLE-FN-MTB-100369,,2026-08-09T16:58:38Z,,,,,,,USD,,,,,,,,,,,,,,,,MATCHED,2026-08-10T17:58:38Z,0,True,LEDG-FN-MTB-100369,1298.25,1298.25,SETTLE-FN-MTB-100369,False,True,False,False,,,FEDNOW,FEDERAL_RESERVE_FEDNOW,pacs.008,MSG-FN-202608094976,INS-FN-920670,E2E-FN-751219467,2026-08-09T16:58:32Z,Joseph Lee,697552860,Summit Ridge Bank,990179544,Amberlane Textiles Co,454372367,Meridian Trust Bank,MTB0000001,BrightLedger Payments,1298.25,USD,Vendor settlement,INV-12017,PASSED,PASSED,PASSED,PASSED,PASSED,,,[],PASSED,PASSED,PASSED,PASSED,False,2024-12-01 00:00:00,55,616,False,454372367,5,6,True,[],1471.86,ACCEPT,Joseph Lee,697552860,Summit Ridge Bank,Amberlane Textiles Co,454372367,Meridian Trust Bank,BrightLedger Payments,1298.25,POSTED,POST-MTB-121229,2026-08-09T16:58:48Z,2026-08-09 00:00:00,454372367,CREDIT,USD,LEDG-FN-MTB-100369,454372367,1298.25,0,5073.69,5073.69,BrightLedger Payments,1298.25,2026-08-09T16:58:32Z,2026-08-09T16:58:38Z,2026-08-09T16:58:48Z,2026-08-09T16:58:48Z,,,,,,,,,,,,,,,,,,,,,,,,,,,,,,,,,,,,,,,,,,,,,,,,,,,,,,,,,,,,,,,,,,,,,,,,,,,,,,,,,,,,,,,,,,,,,,,,,,,,,,,,,,,,
FEDNOW,POST,FN-MTB-100384,MERCHANT,MERCH-007,EXTERNAL_INDIVIDUAL,EXT-P-1340,CREDIT,MTB-IP-20260718-46945,FN-MTB-100384,,COMPLETED,,,,,,,,,,,,,,,,,,,,,,,,,,,PENDING,PENDING,,,,,,,,,2026-07-18T11:03:09Z,True,2026-07-18T11:03:12Z,269,10000,False,0,,,,,,,False,0,,IDEMP-FN-MTB-100384,,PASSED,,,,,,2,6,10016.64,6777.19,False,35,10000,0.946,,[],False,,,,,,,,,,,,,,SETTLED,,SETTLE-FN-MTB-100384,,2026-07-18T11:03:12Z,,,,,,,USD,,,,,,,,,,,,,,,,MATCHED,2026-07-19T17:03:12Z,0,True,LEDG-FN-MTB-100384,9456.14,9456.14,SETTLE-FN-MTB-100384,False,False,False,False,,,FEDNOW,FEDERAL_RESERVE_FEDNOW,pacs.008,MSG-FN-202607182556,INS-FN-704388,E2E-FN-607700519,2026-07-18T11:03:09Z,William Wright,7280730752,Cascade Point Bank,443809617,Fernbrook Electronics,702250308,Meridian Trust Bank,MTB0000001,BrightLedger Payments,9456.14,USD,Vendor settlement,INV-37891,PASSED,PASSED,PASSED,PASSED,PASSED,,,[],PASSED,PASSED,PASSED,PASSED,False,2025-12-01 00:00:00,60,229,False,702250308,1,3,False,[],10763.69,ACCEPT,William Wright,7280730752,Cascade Point Bank,Fernbrook Electronics,702250308,Meridian Trust Bank,BrightLedger Payments,9456.14,POSTED,POST-MTB-649234,2026-07-18T11:03:22Z,2026-07-18 00:00:00,702250308,CREDIT,USD,LEDG-FN-MTB-100384,702250308,9456.14,0,69802.43,69802.43,BrightLedger Payments,9456.14,2026-07-18T11:03:09Z,2026-07-18T11:03:12Z,2026-07-18T11:03:22Z,2026-07-18T11:03:22Z,,,,,,,,,,,,,,,,,,,,,,,,,,,,,,,,,,,,,,,,,,,,,,,,,,,,,,,,,,,,,,,,,,,,,,,,,,,,,,,,,,,,,,,,,,,,,,,,,,,,,,,,,,,,
FEDNOW,POST,FN-MTB-100353,MERCHANT,MERCH-004,EXTERNAL_INDIVIDUAL,EXT-P-5927,CREDIT,MTB-IP-20260805-48514,FN-MTB-100353,,COMPLETED,,,,,,,,,,,,,,,,,,,,,,,,,,,PENDING,PENDING,,,,,,,,,2026-08-05T00:13:05Z,True,2026-08-05T06:39:13Z,1451,10000,False,0,,,,,,,False,0,,IDEMP-FN-MTB-100353,,PASSED,,,,,,5,11,2094.82,732.3,True,68,10000,0.061,,[],False,,,,,,,,,,,,,,SETTLED,,SETTLE-FN-MTB-100353,,2026-08-05T06:39:13Z,,,,,,,USD,,,,,,,,,,,,,,,,MATCHED,2026-08-05T07:39:13Z,0,True,LEDG-FN-MTB-100353,608.93,608.93,SETTLE-FN-MTB-100353,False,False,True,False,,,FEDNOW,FEDERAL_RESERVE_FEDNOW,pacs.008,MSG-FN-202608059165,INS-FN-786970,E2E-FN-245194294,2026-08-05T00:13:05Z,Andrew Moore,2844631224,Summit Ridge Bank,220109327,Pinehollow Auto Parts,3061977058,Meridian Trust Bank,MTB0000001,Vertex Commerce Pay,608.93,USD,Invoice payment,INV-39570,PASSED,PASSED,PASSED,PASSED,PASSED,,,[],PASSED,PASSED,PASSED,PASSED,False,2024-07-19 00:00:00,20,747,False,3061977058,3,6,False,[],691.97,ACCEPT,Andrew Moore,2844631224,Summit Ridge Bank,Pinehollow Auto Parts,3061977058,Meridian Trust Bank,Vertex Commerce Pay,608.93,POSTED,POST-MTB-106910,2026-08-05T06:39:23Z,2026-08-05 00:00:00,3061977058,CREDIT,USD,LEDG-FN-MTB-100353,3061977058,608.93,0,63829.24,63829.24,Vertex Commerce Pay,608.93,2026-08-05T00:13:05Z,2026-08-05T06:39:13Z,2026-08-05T06:39:23Z,2026-08-05T06:39:23Z,,,,,,,,,,,,,,,,,,,,,,,,,,,,,,,,,,,,,,,,,,,,,,,,,,,,,,,,,,,,,,,,,,,,,,,,,,,,,,,,,,,,,,,,,,,,,,,,,,,,,,,,,,,,
FEDNOW,POST,FN-MTB-100340,INDIVIDUAL,IND-0027,EXTERNAL_INDIVIDUAL,EXT-P-2611,CREDIT,MTB-IP-20260803-74182,FN-MTB-100340,,COMPLETED,,,,,,,,,,,,,,,,,,,,,,,,,,,PENDING,PENDING,,,,,,,,,2026-08-03T14:31:06Z,True,2026-08-03T14:31:17Z,3463,10000,False,0,,,,,,,False,0,,IDEMP-FN-MTB-100340,,PASSED,,,,,,2,2,36617.74,15328.74,False,26,10000,0.855,,[],False,,,,,,,,,,,,,,SETTLED,,SETTLE-FN-MTB-100340,,2026-08-03T14:31:17Z,,,,,,,USD,,,,,,,,,,,,,,,,MATCHED,2026-08-04T12:31:17Z,0,True,LEDG-FN-MTB-100340,8545.81,8545.81,SETTLE-FN-MTB-100340,False,False,False,False,,,FEDNOW,FEDERAL_RESERVE_FEDNOW,pacs.008,MSG-FN-202608039732,INS-FN-612968,E2E-FN-713397994,2026-08-03T14:31:06Z,Ronald Martin,4359628253,Ironbridge National Bank,847640217,Anthony Hill,6605332421,Meridian Trust Bank,MTB0000001,Meridian Trust Bank,8545.81,USD,Invoice payment,INV-97782,PASSED,PASSED,PASSED,PASSED,PASSED,,,[],PASSED,PASSED,PASSED,PASSED,False,2023-04-29 00:00:00,8,1192,False,6605332421,1,2,False,[],10888.8,ACCEPT,Ronald Martin,4359628253,Ironbridge National Bank,Anthony Hill,6605332421,Meridian Trust Bank,Meridian Trust Bank,8545.81,POSTED,POST-MTB-562182,2026-08-03T14:31:27Z,2026-08-03 00:00:00,6605332421,CREDIT,USD,LEDG-FN-MTB-100340,6605332421,8545.81,0,141471.97,141471.97,Meridian Trust Bank,8545.81,2026-08-03T14:31:06Z,2026-08-03T14:31:17Z,2026-08-03T14:31:27Z,2026-08-03T14:31:27Z,,,,,,,,,,,,,,,,,,,,,,,,,,,,,,,,,,,,,,,,,,,,,,,,,,,,,,,,,,,,,,,,,,,,,,,,,,,,,,,,,,,,,,,,,,,,,,,,,,,,,,,,,,,,
FEDNOW,POST,FN-MTB-100364,MERCHANT,MERCH-002,INDIVIDUAL,IND-0097,CREDIT,MTB-IP-20260723-21137,FN-MTB-100364,,COMPLETED,,,,,,,,,,,,,,,,,,,,,,,,,,,PENDING,PENDING,,,,,,,,,2026-07-23T20:40:16Z,True,2026-07-23T20:40:23Z,3673,10000,False,0,,,,,,,False,0,,IDEMP-FN-MTB-100364,,PASSED,,,,,,1,2,30260.16,20408.44,False,19,10000,0.765,,[],False,,,,,,,,,,,,,,SETTLED,,SETTLE-FN-MTB-100364,,2026-07-23T20:40:23Z,,,,,,,USD,,,,,,,,,,,,,,,,NOT_YET_RECONCILED,,0,True,LEDG-FN-MTB-100364,7646.58,7646.58,SETTLE-FN-MTB-100364,False,False,False,False,,,FEDNOW,FEDERAL_RESERVE_FEDNOW,pacs.008,MSG-FN-202607235684,INS-FN-469068,E2E-FN-542316827,2026-07-23T20:40:16Z,Linda Jones,2038646560,Summit Ridge Bank,33737043,Crestline Office Outfitters,5123580257,Meridian Trust Bank,MTB0000001,Vertex Commerce Pay,7646.58,USD,Vendor settlement,INV-70462,PASSED,PASSED,PASSED,PASSED,PASSED,,,[],PASSED,PASSED,PASSED,PASSED,False,2025-12-01 00:00:00,40,234,False,5123580257,1,3,False,[],6873.67,ACCEPT,Linda Jones,2038646560,Summit Ridge Bank,Crestline Office Outfitters,5123580257,Meridian Trust Bank,Vertex Commerce Pay,7646.58,POSTED,POST-MTB-386355,2026-07-23T20:40:33Z,2026-07-23 00:00:00,5123580257,CREDIT,USD,LEDG-FN-MTB-100364,5123580257,7646.58,0,25362.61,25362.61,Vertex Commerce Pay,7646.58,2026-07-23T20:40:16Z,2026-07-23T20:40:23Z,2026-07-23T20:40:33Z,2026-07-23T20:40:33Z,,,,,,,,,,,,,,,,,,,,,,,,,,,,,,,,,,,,,,,,,,,,,,,,,,,,,,,,,,,,,,,,,,,,,,,,,,,,,,,,,,,,,,,,,,,,,,,,,,,,,,,,,,,,
FEDNOW,POST,FN-MTB-100338,INDIVIDUAL,IND-0032,INDIVIDUAL,IND-0082,CREDIT,MTB-IP-20260721-50697,FN-MTB-100338,,COMPLETED,,,,,,,,,,,,,,,,,,,,,,,,,,,PENDING,PENDING,,,,,,,,,2026-07-21T02:32:46Z,True,2026-07-21T02:32:49Z,2701,10000,False,0,,,,,,,False,0,,IDEMP-FN-MTB-100338,,PASSED,,,,,,1,6,2582.8,1191.68,False,35,10000,0.084,,[],False,,,,,,,,,,,,,,SETTLED,,SETTLE-FN-MTB-100338,,2026-07-21T02:32:49Z,,,,,,,USD,,,,,,,,,,,,,,,,NOT_YET_RECONCILED,,0,True,LEDG-FN-MTB-100338,840.2,840.2,SETTLE-FN-MTB-100338,False,False,False,False,,,FEDNOW,FEDERAL_RESERVE_FEDNOW,pacs.008,MSG-FN-202607213282,INS-FN-943894,E2E-FN-585007425,2026-07-21T02:32:46Z,Donna Nguyen,1966677558,Ironbridge National Bank,191894200,Richard Clark,1898877603,Meridian Trust Bank,MTB0000001,Meridian Trust Bank,840.2,USD,Vendor settlement,INV-91844,PASSED,PASSED,PASSED,PASSED,PASSED,,,[],PASSED,PASSED,PASSED,PASSED,False,2023-06-21 00:00:00,2,1126,False,1898877603,1,4,False,[],994.58,ACCEPT,Donna Nguyen,1966677558,Ironbridge National Bank,Richard Clark,1898877603,Meridian Trust Bank,Meridian Trust Bank,840.2,POSTED,POST-MTB-371154,2026-07-21T02:32:59Z,2026-07-21 00:00:00,1898877603,CREDIT,USD,LEDG-FN-MTB-100338,1898877603,840.2,0,34364.45,34364.45,Meridian Trust Bank,840.2,2026-07-21T02:32:46Z,2026-07-21T02:32:49Z,2026-07-21T02:32:59Z,2026-07-21T02:32:59Z,,,,,,,,,,,,,,,,,,,,,,,,,,,,,,,,,,,,,,,,,,,,,,,,,,,,,,,,,,,,,,,,,,,,,,,,,,,,,,,,,,,,,,,,,,,,,,,,,,,,,,,,,,,,
FEDNOW,POST,FN-MTB-100372,MERCHANT,MERCH-007,INDIVIDUAL,IND-0057,CREDIT,MTB-IP-20260704-99392,FN-MTB-100372,,COMPLETED,,,,,,,,,,,,,,,,,,,,,,,,,,,PENDING,PENDING,,,,,,,,,2026-07-04T05:48:37Z,True,2026-07-04T05:48:48Z,1693,10000,False,0,,,,,,,False,0,,IDEMP-FN-MTB-100372,,PASSED,,,,,,5,7,17365.19,8583.54,False,38,10000,0.427,,[],False,,,,,,,,,,,,,,SETTLED,,SETTLE-FN-MTB-100372,,2026-07-04T05:48:48Z,,,,,,,USD,,,,,,,,,,,,,,,,MATCHED,2026-07-05T00:48:48Z,0,True,LEDG-FN-MTB-100372,4267.35,4267.35,SETTLE-FN-MTB-100372,False,True,False,False,,,FEDNOW,FEDERAL_RESERVE_FEDNOW,pacs.008,MSG-FN-202607042957,INS-FN-613523,E2E-FN-783563598,2026-07-04T05:48:37Z,Carol Wilson,3587432379,Ironbridge National Bank,399702812,Fernbrook Electronics,702250308,Meridian Trust Bank,MTB0000001,BrightLedger Payments,4267.35,USD,Invoice payment,INV-25913,PASSED,PASSED,PASSED,PASSED,PASSED,,,[],PASSED,PASSED,PASSED,PASSED,True,2026-07-04 00:00:00,0,0,False,702250308,5,8,True,[],3683.79,ACCEPT,Carol Wilson,3587432379,Ironbridge National Bank,Fernbrook Electronics,702250308,Meridian Trust Bank,BrightLedger Payments,4267.35,POSTED,POST-MTB-384414,2026-07-04T05:48:58Z,2026-07-04 00:00:00,702250308,CREDIT,USD,LEDG-FN-MTB-100372,702250308,4267.35,0,45236.13,45236.13,BrightLedger Payments,4267.35,2026-07-04T05:48:37Z,2026-07-04T05:48:48Z,2026-07-04T05:48:58Z,2026-07-04T05:48:58Z,,,,,,,,,,,,,,,,,,,,,,,,,,,,,,,,,,,,,,,,,,,,,,,,,,,,,,,,,,,,,,,,,,,,,,,,,,,,,,,,,,,,,,,,,,,,,,,,,,,,,,,,,,,,
FEDNOW,POST,FN-MTB-100373,MERCHANT,MERCH-003,EXTERNAL_INDIVIDUAL,EXT-P-7163,CREDIT,MTB-IP-20260701-41569,FN-MTB-100373,,COMPLETED,,,,,,,,,,,,,,,,,,,,,,,,,,,PENDING,PENDING,,,,,,,,,2026-07-01T05:41:26Z,True,2026-07-01T05:41:35Z,2333,10000,False,0,,,,,,,False,0,,IDEMP-FN-MTB-100373,,PASSED,,,,,,1,7,50310.14,27448.38,False,38,10000,2.28,,[],False,,,,,,,,,,,,,,SETTLED,,SETTLE-FN-MTB-100373,,2026-07-01T05:41:35Z,,,,,,,USD,,,,,,,,,,,,,,,,MATCHED,2026-07-02T05:41:35Z,0,True,LEDG-FN-MTB-100373,22802.38,22802.38,SETTLE-FN-MTB-100373,False,False,False,False,,,FEDNOW,FEDERAL_RESERVE_FEDNOW,pacs.008,MSG-FN-202607016978,INS-FN-869882,E2E-FN-303394876,2026-07-01T05:41:26Z,Carol Robinson,9046579105,Cascade Point Bank,350660105,Harbor & Vine Grocers,8112126311,Meridian Trust Bank,MTB0000001,Northstar Payment Solutions,22802.38,USD,Vendor settlement,INV-66906,PASSED,PASSED,PASSED,PASSED,PASSED,,,[],PASSED,PASSED,PASSED,PASSED,False,2025-03-30 00:00:00,40,458,False,8112126311,1,3,False,[],24048.83,ACCEPT,Carol Robinson,9046579105,Cascade Point Bank,Harbor & Vine Grocers,8112126311,Meridian Trust Bank,Northstar Payment Solutions,22802.38,POSTED,POST-MTB-282520,2026-07-01T05:41:45Z,2026-07-01 00:00:00,8112126311,CREDIT,USD,LEDG-FN-MTB-100373,8112126311,22802.38,0,97859.55,97859.55,Northstar Payment Solutions,22802.38,2026-07-01T05:41:26Z,2026-07-01T05:41:35Z,2026-07-01T05:41:45Z,2026-07-01T05:41:45Z,,,,,,,,,,,,,,,,,,,,,,,,,,,,,,,,,,,,,,,,,,,,,,,,,,,,,,,,,,,,,,,,,,,,,,,,,,,,,,,,,,,,,,,,,,,,,,,,,,,,,,,,,,,,
FEDNOW,POST,FN-MTB-100305,INDIVIDUAL,IND-0002,EXTERNAL_INDIVIDUAL,EXT-P-1277,CREDIT,MTB-IP-20260817-28586,FN-MTB-100305,,COMPLETED,,,,,,,,,,,,,,,,,,,,,,,,,,,PENDING,PENDING,,,,,,,,,2026-08-17T05:55:07Z,True,2026-08-17T05:55:13Z,1514,10000,False,0,,,,,,,False,0,,IDEMP-FN-MTB-100305,,PASSED,,,,,,2,7,412.24,174.26,False,43,10000,0.012,,[],False,,,,,,,,,,,,,,SETTLED,,SETTLE-FN-MTB-100305,,2026-08-17T05:55:13Z,,,,,,,USD,,,,,,,,,,,,,,,,MATCHED,2026-08-18T09:55:13Z,0,True,LEDG-FN-MTB-100305,117.09,117.09,SETTLE-FN-MTB-100305,False,True,False,False,,,FEDNOW,FEDERAL_RESERVE_FEDNOW,pacs.008,MSG-FN-202608175295,INS-FN-264936,E2E-FN-592682883,2026-08-17T05:55:07Z,Richard Taylor,6879804267,Ironbridge National Bank,590096382,Kathleen Young,7526184866,Meridian Trust Bank,MTB0000001,Meridian Trust Bank,117.09,USD,P2P transfer,INV-41563,PASSED,PASSED,PASSED,PASSED,PASSED,,,[],PASSED,PASSED,PASSED,PASSED,False,2025-10-08 00:00:00,39,313,False,7526184866,5,9,True,[],110.45,ACCEPT,Richard Taylor,6879804267,Ironbridge National Bank,Kathleen Young,7526184866,Meridian Trust Bank,Meridian Trust Bank,117.09,POSTED,POST-MTB-819993,2026-08-17T05:55:23Z,2026-08-17 00:00:00,7526184866,CREDIT,USD,LEDG-FN-MTB-100305,7526184866,117.09,0,82310.19,82310.19,Meridian Trust Bank,117.09,2026-08-17T05:55:07Z,2026-08-17T05:55:13Z,2026-08-17T05:55:23Z,2026-08-17T05:55:23Z,,,,,,,,,,,,,,,,,,,,,,,,,,,,,,,,,,,,,,,,,,,,,,,,,,,,,,,,,,,,,,,,,,,,,,,,,,,,,,,,,,,,,,,,,,,,,,,,,,,,,,,,,,,,
FEDNOW,POST,FN-MTB-100359,MERCHANT,MERCH-008,EXTERNAL_INDIVIDUAL,EXT-P-1410,CREDIT,MTB-IP-20260703-28977,FN-MTB-100359,,COMPLETED,,,,,,,,,,,,,,,,,,,,,,,,,,,PENDING,PENDING,,,,,,,,,2026-07-03T12:38:50Z,True,2026-07-03T12:38:57Z,1788,10000,False,5,,,,,,,False,0,,IDEMP-FN-MTB-100359,,PASSED,,,,,,1,5,4710.81,2218.18,False,40,10000,0.189,,[],False,,,,,,,,,,,,,,SETTLED,,SETTLE-FN-MTB-100359,,2026-07-03T12:38:57Z,,,,,,,USD,,,,,,,,,,,,,,,,MATCHED,2026-07-04T14:38:57Z,0,True,LEDG-FN-MTB-100359,1889.25,1889.25,SETTLE-FN-MTB-100359,False,False,False,False,,,FEDNOW,FEDERAL_RESERVE_FEDNOW,pacs.008,MSG-FN-202607033860,INS-FN-720743,E2E-FN-239736113,2026-07-03T12:38:50Z,Maria Hernandez,9617414853,Summit Ridge Bank,540095864,Amberlane Textiles Co,454372367,Meridian Trust Bank,MTB0000001,BrightLedger Payments,1889.25,USD,Invoice payment,INV-59113,PASSED,PASSED,PASSED,PASSED,PASSED,,,[],PASSED,PASSED,PASSED,PASSED,False,2024-10-11 00:00:00,37,630,False,454372367,1,5,False,[],2279.92,ACCEPT,Maria Hernandez,9617414853,Summit Ridge Bank,Amberlane Textiles Co,454372367,Meridian Trust Bank,BrightLedger Payments,1889.25,POSTED,POST-MTB-106902,2026-07-03T12:39:07Z,2026-07-03 00:00:00,454372367,CREDIT,USD,LEDG-FN-MTB-100359,454372367,1889.25,0,41287.06,41287.06,BrightLedger Payments,1889.25,2026-07-03T12:38:50Z,2026-07-03T12:38:57Z,2026-07-03T12:39:07Z,2026-07-03T12:39:07Z,,,,,,,,,,,,,,,,,,,,,,,,,,,,,,,,,,,,,,,,,,,,,,,,,,,,,,,,,,,,,,,,,,,,,,,,,,,,,,,,,,,,,,,,,,,,,,,,,,,,,,,,,,,,
FEDNOW,POST,FN-MTB-100377,MERCHANT,MERCH-001,EXTERNAL_INDIVIDUAL,EXT-P-6514,CREDIT,MTB-IP-20260822-37581,FN-MTB-100377,,COMPLETED,,,,,,,,,,,,,,,,,,,,,,,,,,,PENDING,PENDING,,,,,,,,,2026-08-22T10:57:22Z,True,2026-08-22T10:57:34Z,1732,10000,False,5,,,,,,,False,0,,IDEMP-FN-MTB-100377,,PASSED,,,,,,1,7,70909.35,28341,False,46,10000,1.766,,[],False,,,,,,,,,,,,,,SETTLED,,SETTLE-FN-MTB-100377,,2026-08-22T10:57:34Z,,,,,,,USD,,,,,,,,,,,,,,,,MATCHED,2026-08-22T15:57:34Z,0,True,LEDG-FN-MTB-100377,17660.7,17660.7,SETTLE-FN-MTB-100377,False,False,False,False,,,FEDNOW,FEDERAL_RESERVE_FEDNOW,pacs.008,MSG-FN-202608223620,INS-FN-850953,E2E-FN-547435901,2026-08-22T10:57:22Z,Timothy Robinson,5084219666,Summit Ridge Bank,542993519,Bluepeak Hardware Supply,2813398050,Meridian Trust Bank,MTB0000001,Meridian Trust Bank,17660.7,USD,P2P transfer,INV-44949,PASSED,PASSED,PASSED,PASSED,PASSED,,,[],PASSED,PASSED,PASSED,PASSED,False,2023-12-25 00:00:00,54,971,False,2813398050,3,6,False,[],19751.22,ACCEPT,Timothy Robinson,5084219666,Summit Ridge Bank,Bluepeak Hardware Supply,2813398050,Meridian Trust Bank,Meridian Trust Bank,17660.7,POSTED,POST-MTB-357800,2026-08-22T10:57:44Z,2026-08-22 00:00:00,2813398050,CREDIT,USD,LEDG-FN-MTB-100377,2813398050,17660.7,0,69487.72,69487.72,Meridian Trust Bank,17660.7,2026-08-22T10:57:22Z,2026-08-22T10:57:34Z,2026-08-22T10:57:44Z,2026-08-22T10:57:44Z,,,,,,,,,,,,,,,,,,,,,,,,,,,,,,,,,,,,,,,,,,,,,,,,,,,,,,,,,,,,,,,,,,,,,,,,,,,,,,,,,,,,,,,,,,,,,,,,,,,,,,,,,,,,
FEDNOW,POST,FN-MTB-100328,INDIVIDUAL,IND-0071,EXTERNAL_INDIVIDUAL,EXT-P-9821,CREDIT,MTB-IP-20260628-40624,FN-MTB-100328,,COMPLETED,,,,,,,,,,,,,,,,,,,,,,,,,,,PENDING,PENDING,,,,,,,,,2026-06-28T15:29:46Z,True,2026-06-28T15:29:52Z,3729,10000,False,0,,,,,,,False,0,,IDEMP-FN-MTB-100328,,PASSED,,,,,,3,3,259.03,111.28,False,30,10000,0.008,,[],False,,,,,,,,,,,,,,SETTLED,,SETTLE-FN-MTB-100328,,2026-06-28T15:29:52Z,,,,,,,USD,,,,,,,,,,,,,,,,MATCHED,2026-06-29T18:29:52Z,0,True,LEDG-FN-MTB-100328,77.1,77.1,SETTLE-FN-MTB-100328,False,False,False,False,,,FEDNOW,FEDERAL_RESERVE_FEDNOW,pacs.008,MSG-FN-202606284069,INS-FN-849910,E2E-FN-665684363,2026-06-28T15:29:46Z,Andrew Thompson,5523014482,Cascade Point Bank,8580377,George Hernandez,5554035420,Meridian Trust Bank,MTB0000001,Meridian Trust Bank,77.1,USD,Invoice payment,INV-53168,PASSED,PASSED,PASSED,PASSED,PASSED,,,[],PASSED,PASSED,PASSED,PASSED,False,2024-06-18 00:00:00,52,740,False,5554035420,2,3,False,[],92.7,ACCEPT,Andrew Thompson,5523014482,Cascade Point Bank,George Hernandez,5554035420,Meridian Trust Bank,Meridian Trust Bank,77.1,POSTED,POST-MTB-539105,2026-06-28T15:30:02Z,2026-06-28 00:00:00,5554035420,CREDIT,USD,LEDG-FN-MTB-100328,5554035420,77.1,0,38995.03,38995.03,Meridian Trust Bank,77.1,2026-06-28T15:29:46Z,2026-06-28T15:29:52Z,2026-06-28T15:30:02Z,2026-06-28T15:30:02Z,,,,,,,,,,,,,,,,,,,,,,,,,,,,,,,,,,,,,,,,,,,,,,,,,,,,,,,,,,,,,,,,,,,,,,,,,,,,,,,,,,,,,,,,,,,,,,,,,,,,,,,,,,,,
FEDNOW,POST,FN-MTB-100339,INDIVIDUAL,IND-0077,EXTERNAL_INDIVIDUAL,EXT-P-7750,CREDIT,MTB-IP-20260801-42457,FN-MTB-100339,,COMPLETED,,,,,,,,,,,,,,,,,,,,,,,,,,,PENDING,PENDING,,,,,,,,,2026-08-01T04:50:51Z,True,2026-08-01T04:50:53Z,3826,10000,False,5,,,,,,,False,0,,IDEMP-FN-MTB-100339,,PASSED,,,,,,2,2,13149.01,8125.69,False,20,10000,0.35,,[],False,,,,,,,,,,,,,,SETTLED,,SETTLE-FN-MTB-100339,,2026-08-01T04:50:53Z,,,,,,,USD,,,,,,,,,,,,,,,,NOT_YET_RECONCILED,,0,True,LEDG-FN-MTB-100339,3496.28,3496.28,SETTLE-FN-MTB-100339,False,False,False,False,,,FEDNOW,FEDERAL_RESERVE_FEDNOW,pacs.008,MSG-FN-202608016734,INS-FN-134402,E2E-FN-597756605,2026-08-01T04:50:51Z,Joshua Martinez,7928978353,Summit Ridge Bank,977907827,Karen Jones,1634242160,Meridian Trust Bank,MTB0000001,Meridian Trust Bank,3496.28,USD,Invoice payment,INV-27095,PASSED,PASSED,PASSED,PASSED,PASSED,,,[],PASSED,PASSED,PASSED,PASSED,True,2026-08-01 00:00:00,0,0,False,1634242160,1,1,False,[],3063.77,ACCEPT,Joshua Martinez,7928978353,Summit Ridge Bank,Karen Jones,1634242160,Meridian Trust Bank,Meridian Trust Bank,3496.28,POSTED,POST-MTB-819608,2026-08-01T04:51:03Z,2026-08-01 00:00:00,1634242160,CREDIT,USD,LEDG-FN-MTB-100339,1634242160,3496.28,0,37242.83,37242.83,Meridian Trust Bank,3496.28,2026-08-01T04:50:51Z,2026-08-01T04:50:53Z,2026-08-01T04:51:03Z,2026-08-01T04:51:03Z,,,,,,,,,,,,,,,,,,,,,,,,,,,,,,,,,,,,,,,,,,,,,,,,,,,,,,,,,,,,,,,,,,,,,,,,,,,,,,,,,,,,,,,,,,,,,,,,,,,,,,,,,,,,
FEDNOW,POST,FN-MTB-100352,MERCHANT,MERCH-004,EXTERNAL_INDIVIDUAL,EXT-P-2287,CREDIT,MTB-IP-20260725-81697,FN-MTB-100352,,COMPLETED,,,,,,,,,,,,,,,,,,,,,,,,,,,PENDING,PENDING,,,,,,,,,2026-07-25T21:06:38Z,True,2026-07-25T21:06:40Z,3666,10000,False,0,,,,,,,False,0,,IDEMP-FN-MTB-100352,,PASSED,,,,,,1,4,6500.32,2828.9,False,35,10000,0.158,,[],False,,,,,,,,,,,,,,SETTLED,,SETTLE-FN-MTB-100352,,2026-07-25T21:06:40Z,,,,,,,USD,,,,,,,,,,,,,,,,MATCHED,2026-07-26T19:06:40Z,0,True,LEDG-FN-MTB-100352,1576.93,1576.93,SETTLE-FN-MTB-100352,False,False,False,False,,,FEDNOW,FEDERAL_RESERVE_FEDNOW,pacs.008,MSG-FN-202607257302,INS-FN-628597,E2E-FN-315845690,2026-07-25T21:06:38Z,Matthew Brown,7550978252,Cascade Point Bank,495518109,Pinehollow Auto Parts,3061977058,Meridian Trust Bank,MTB0000001,Vertex Commerce Pay,1576.93,USD,P2P transfer,INV-17420,PASSED,PASSED,PASSED,PASSED,PASSED,,,[],PASSED,PASSED,PASSED,PASSED,False,2024-11-27 00:00:00,2,605,False,3061977058,1,3,False,[],1330.92,ACCEPT,Matthew Brown,7550978252,Cascade Point Bank,Pinehollow Auto Parts,3061977058,Meridian Trust Bank,Vertex Commerce Pay,1576.93,POSTED,POST-MTB-964221,2026-07-25T21:06:50Z,2026-07-25 00:00:00,3061977058,CREDIT,USD,LEDG-FN-MTB-100352,3061977058,1576.93,0,89810.75,89810.75,Vertex Commerce Pay,1576.93,2026-07-25T21:06:38Z,2026-07-25T21:06:40Z,2026-07-25T21:06:50Z,2026-07-25T21:06:50Z,,,,,,,,,,,,,,,,,,,,,,,,,,,,,,,,,,,,,,,,,,,,,,,,,,,,,,,,,,,,,,,,,,,,,,,,,,,,,,,,,,,,,,,,,,,,,,,,,,,,,,,,,,,,
FEDNOW,POST,FN-MTB-100318,INDIVIDUAL,IND-0092,INDIVIDUAL,IND-0059,CREDIT,MTB-IP-20260806-22887,FN-MTB-100318,,COMPLETED,,,,,,,,,,,,,,,,,,,,,,,,,,,PENDING,PENDING,,,,,,,,,2026-08-06T19:19:37Z,True,2026-08-06T19:19:46Z,1169,10000,False,51,,,,,,,False,0,,IDEMP-FN-MTB-100318,,PASSED,,,,,,1,6,78866.57,52934.95,False,34,10000,2.139,,[],False,,,,,,,,,,,,,,SETTLED,,SETTLE-FN-MTB-100318,,2026-08-06T19:19:46Z,,,,,,,USD,,,,,,,,,,,,,,,,MATCHED,2026-08-07T21:19:46Z,0,True,LEDG-FN-MTB-100318,21390.58,21390.58,SETTLE-FN-MTB-100318,True,False,False,False,,,FEDNOW,FEDERAL_RESERVE_FEDNOW,pacs.008,MSG-FN-202608068299,INS-FN-230151,E2E-FN-817464764,2026-08-06T19:19:37Z,Donna Gonzalez,8945186273,Cascade Point Bank,853104441,Amanda Clark,2524482775,Meridian Trust Bank,MTB0000001,Meridian Trust Bank,21390.58,USD,Invoice payment,INV-67512,PASSED,PASSED,PASSED,PASSED,PASSED,,,[],PASSED,PASSED,PASSED,PASSED,True,2026-08-06 00:00:00,0,0,True,2524482775,3,4,False,[],19316.6,ACCEPT,Donna Gonzalez,8945186273,Cascade Point Bank,Amanda Clark,2524482775,Meridian Trust Bank,Meridian Trust Bank,21390.58,POSTED,POST-MTB-967316,2026-08-06T19:19:56Z,2026-08-06 00:00:00,2524482775,CREDIT,USD,LEDG-FN-MTB-100318,2524482775,21390.58,0,49085.5,49085.5,Meridian Trust Bank,21390.58,2026-08-06T19:19:37Z,2026-08-06T19:19:46Z,2026-08-06T19:19:56Z,2026-08-06T19:19:56Z,,,,,,,,,,,,,,,,,,,,,,,,,,,,,,,,,,,,,,,,,,,,,,,,,,,,,,,,,,,,,,,,,,,,,,,,,,,,,,,,,,,,,,,,,,,,,,,,,,,,,,,,,,,,
FEDNOW,POST,FN-MTB-100347,INDIVIDUAL,IND-0081,EXTERNAL_INDIVIDUAL,EXT-P-9977,CREDIT,MTB-IP-20260708-20839,FN-MTB-100347,,COMPLETED,,,,,,,,,,,,,,,,,,,,,,,,,,,PENDING,PENDING,,,,,,,,,2026-07-08T05:33:22Z,True,2026-07-08T05:33:26Z,2160,10000,False,51,,,,,,,False,0,,IDEMP-FN-MTB-100347,,PASSED,,,,,,5,12,18611.62,14305.13,True,60,10000,0.616,,[],False,,,,,,,,,,,,,,SETTLED,,SETTLE-FN-MTB-100347,,2026-07-08T05:33:26Z,,,,,,,USD,,,,,,,,,,,,,,,,BREAK,2026-07-09T01:33:26Z,19.79,False,LEDG-FN-MTB-100347,6157.79,6177.58,SETTLE-FN-MTB-100347,False,False,True,False,,,FEDNOW,FEDERAL_RESERVE_FEDNOW,pacs.008,MSG-FN-202607084361,INS-FN-838341,E2E-FN-743464514,2026-07-08T05:33:22Z,Ronald Moore,8756597793,Cascade Point Bank,243153206,George Wright,9639250611,Meridian Trust Bank,MTB0000001,Meridian Trust Bank,6157.79,USD,Invoice payment,INV-39215,PASSED,PASSED,PASSED,PASSED,PASSED,,,[],PASSED,PASSED,PASSED,PASSED,False,2024-07-02 00:00:00,58,736,False,9639250611,2,2,False,[],6753.87,ACCEPT,Ronald Moore,8756597793,Cascade Point Bank,George Wright,9639250611,Meridian Trust Bank,Meridian Trust Bank,6157.79,POSTED,POST-MTB-783428,2026-07-08T05:33:36Z,2026-07-08 00:00:00,9639250611,CREDIT,USD,LEDG-FN-MTB-100347,9639250611,6157.79,0,117386,117386,Meridian Trust Bank,6177.58,2026-07-08T05:33:22Z,2026-07-08T05:33:26Z,2026-07-08T05:33:36Z,2026-07-08T05:33:36Z,,,,,,,,,,,,,,,,,,,,,,,,,,,,,,,,,,,,,,,,,,,,,,,,,,,,,,,,,,,,,,,,,,,,,,,,,,,,,,,,,,,,,,,,,,,,,,,,,,,,,,,,,,,,
FEDNOW,POST,FN-MTB-100396,MERCHANT,MERCH-004,EXTERNAL_INDIVIDUAL,EXT-P-6536,CREDIT,MTB-IP-20260714-38253,FN-MTB-100396,,COMPLETED,,,,,,,,,,,,,,,,,,,,,,,,,,,PENDING,PENDING,,,,,,,,,2026-07-14T02:13:11Z,True,2026-07-14T02:13:14Z,1949,10000,False,0,,,,,,,False,0,,IDEMP-FN-MTB-100396,,PASSED,,,,,,3,12,8339.62,3892.27,False,58,10000,0.426,,[],False,,,,,,,,,,,,,,SETTLED,,SETTLE-FN-MTB-100396,,2026-07-14T02:13:14Z,,,,,,,USD,,,,,,,,,,,,,,,,MATCHED,2026-07-14T20:13:14Z,0,True,LEDG-FN-MTB-100396,4259.82,4259.82,SETTLE-FN-MTB-100396,False,False,False,False,,,FEDNOW,FEDERAL_RESERVE_FEDNOW,pacs.008,MSG-FN-202607145177,INS-FN-720597,E2E-FN-644724625,2026-07-14T02:13:11Z,Lisa Taylor,5878951838,Ironbridge National Bank,204211015,Pinehollow Auto Parts,3061977058,Meridian Trust Bank,MTB0000001,Vertex Commerce Pay,4259.82,USD,P2P transfer,INV-17725,PASSED,PASSED,PASSED,PASSED,PASSED,,,[],PASSED,PASSED,PASSED,PASSED,False,2023-12-07 00:00:00,44,950,False,3061977058,8,12,False,[],5333.43,ACCEPT,Lisa Taylor,5878951838,Ironbridge National Bank,Pinehollow Auto Parts,3061977058,Meridian Trust Bank,Vertex Commerce Pay,4259.82,POSTED,POST-MTB-900904,2026-07-14T02:13:24Z,2026-07-14 00:00:00,3061977058,CREDIT,USD,LEDG-FN-MTB-100396,3061977058,4259.82,0,55604.9,55604.9,Vertex Commerce Pay,4259.82,2026-07-14T02:13:11Z,2026-07-14T02:13:14Z,2026-07-14T02:13:24Z,2026-07-14T02:13:24Z,,,,,,,,,,,,,,,,,,,,,,,,,,,,,,,,,,,,,,,,,,,,,,,,,,,,,,,,,,,,,,,,,,,,,,,,,,,,,,,,,,,,,,,,,,,,,,,,,,,,,,,,,,,,
FEDNOW,POST,FN-MTB-100383,MERCHANT,MERCH-008,EXTERNAL_INDIVIDUAL,EXT-P-9446,CREDIT,MTB-IP-20260727-18687,FN-MTB-100383,,COMPLETED,,,,,,,,,,,,,,,,,,,,,,,,,,,PENDING,PENDING,,,,,,,,,2026-07-27T13:39:22Z,True,2026-07-27T13:39:30Z,2696,10000,False,0,,,,,,,False,0,,IDEMP-FN-MTB-100383,,PASSED,,,,,,1,9,60199.94,39789.33,False,44,10000,2.394,,[],False,,,,,,,,,,,,,,SETTLED,,SETTLE-FN-MTB-100383,,2026-07-27T13:39:30Z,,,,,,,USD,,,,,,,,,,,,,,,,MATCHED,2026-07-28T22:39:30Z,0,True,LEDG-FN-MTB-100383,23939.1,23939.1,SETTLE-FN-MTB-100383,False,True,False,False,,,FEDNOW,FEDERAL_RESERVE_FEDNOW,pacs.008,MSG-FN-202607274386,INS-FN-305769,E2E-FN-748949051,2026-07-27T13:39:22Z,Barbara Allen,4566467649,Cascade Point Bank,612659591,Amberlane Textiles Co,454372367,Meridian Trust Bank,MTB0000001,BrightLedger Payments,23939.1,USD,P2P transfer,INV-38620,PASSED,PASSED,PASSED,PASSED,PASSED,,,[],PASSED,PASSED,PASSED,PASSED,False,2024-12-08 00:00:00,1,596,False,454372367,5,8,True,[],21134.83,ACCEPT,Barbara Allen,4566467649,Cascade Point Bank,Amberlane Textiles Co,454372367,Meridian Trust Bank,BrightLedger Payments,23939.1,POSTED,POST-MTB-853131,2026-07-27T13:39:40Z,2026-07-27 00:00:00,454372367,CREDIT,USD,LEDG-FN-MTB-100383,454372367,23939.1,0,92015.07,92015.07,BrightLedger Payments,23939.1,2026-07-27T13:39:22Z,2026-07-27T13:39:30Z,2026-07-27T13:39:40Z,2026-07-27T13:39:40Z,,,,,,,,,,,,,,,,,,,,,,,,,,,,,,,,,,,,,,,,,,,,,,,,,,,,,,,,,,,,,,,,,,,,,,,,,,,,,,,,,,,,,,,,,,,,,,,,,,,,,,,,,,,,
FEDNOW,POST,FN-MTB-100365,MERCHANT,MERCH-001,INDIVIDUAL,IND-0028,CREDIT,MTB-IP-20260808-23174,FN-MTB-100365,,COMPLETED,,,,,,,,,,,,,,,,,,,,,,,,,,,PENDING,PENDING,,,,,,,,,2026-08-08T12:55:20Z,True,2026-08-08T12:55:30Z,509,10000,False,0,,,,,,,False,0,,IDEMP-FN-MTB-100365,,PASSED,,,,,,3,11,4000.05,2092.94,True,57,10000,0.142,,[],False,,,,,,,,,,,,,,SETTLED,,SETTLE-FN-MTB-100365,,2026-08-08T12:55:30Z,,,,,,,USD,,,,,,,,,,,,,,,,MATCHED,2026-08-09T21:55:30Z,0,True,LEDG-FN-MTB-100365,1419.87,1419.87,SETTLE-FN-MTB-100365,False,False,True,False,,,FEDNOW,FEDERAL_RESERVE_FEDNOW,pacs.008,MSG-FN-202608085230,INS-FN-431386,E2E-FN-205976884,2026-08-08T12:55:20Z,George Johnson,6963210242,Ironbridge National Bank,10585141,Bluepeak Hardware Supply,2813398050,Meridian Trust Bank,MTB0000001,Meridian Trust Bank,1419.87,USD,Vendor settlement,INV-40884,PASSED,PASSED,PASSED,PASSED,PASSED,,,[],PASSED,PASSED,PASSED,PASSED,False,2023-07-31 00:00:00,49,1104,False,2813398050,1,3,False,[],1553.79,ACCEPT,George Johnson,6963210242,Ironbridge National Bank,Bluepeak Hardware Supply,2813398050,Meridian Trust Bank,Meridian Trust Bank,1419.87,POSTED,POST-MTB-179383,2026-08-08T12:55:40Z,2026-08-08 00:00:00,2813398050,CREDIT,USD,LEDG-FN-MTB-100365,2813398050,1419.87,0,136785.18,136785.18,Meridian Trust Bank,1419.87,2026-08-08T12:55:20Z,2026-08-08T12:55:30Z,2026-08-08T12:55:40Z,2026-08-08T12:55:40Z,,,,,,,,,,,,,,,,,,,,,,,,,,,,,,,,,,,,,,,,,,,,,,,,,,,,,,,,,,,,,,,,,,,,,,,,,,,,,,,,,,,,,,,,,,,,,,,,,,,,,,,,,,,,
FEDNOW,POST,FN-MTB-100381,MERCHANT,MERCH-005,EXTERNAL_INDIVIDUAL,EXT-P-1313,CREDIT,MTB-IP-20260630-76523,FN-MTB-100381,,COMPLETED,,,,,,,,,,,,,,,,,,,,,,,,,,,PENDING,PENDING,,,,,,,,,2026-06-30T12:47:18Z,True,2026-06-30T12:47:25Z,3139,10000,False,0,,,,,,,False,0,,IDEMP-FN-MTB-100381,,PASSED,,,,,,5,8,1092.73,532.55,False,45,10000,0.044,,[],False,,,,,,,,,,,,,,SETTLED,,SETTLE-FN-MTB-100381,,2026-06-30T12:47:25Z,,,,,,,USD,,,,,,,,,,,,,,,,MATCHED,2026-07-01T03:47:25Z,0,True,LEDG-FN-MTB-100381,437,437,SETTLE-FN-MTB-100381,False,True,False,False,,,FEDNOW,FEDERAL_RESERVE_FEDNOW,pacs.008,MSG-FN-202606305857,INS-FN-983518,E2E-FN-567075461,2026-06-30T12:47:18Z,James Brown,9216174439,Cascade Point Bank,634004917,Solstice Digital Print,2260323791,Meridian Trust Bank,MTB0000001,Meridian Trust Bank,437,USD,P2P transfer,INV-20759,PASSED,PASSED,PASSED,PASSED,PASSED,,,[],PASSED,PASSED,PASSED,PASSED,False,2024-06-22 00:00:00,38,738,False,2260323791,8,9,True,[],384.86,ACCEPT,James Brown,9216174439,Cascade Point Bank,Solstice Digital Print,2260323791,Meridian Trust Bank,Meridian Trust Bank,437,POSTED,POST-MTB-700924,2026-06-30T12:47:35Z,2026-06-30 00:00:00,2260323791,CREDIT,USD,LEDG-FN-MTB-100381,2260323791,437,0,43072.72,43072.72,Meridian Trust Bank,437,2026-06-30T12:47:18Z,2026-06-30T12:47:25Z,2026-06-30T12:47:35Z,2026-06-30T12:47:35Z,,,,,,,,,,,,,,,,,,,,,,,,,,,,,,,,,,,,,,,,,,,,,,,,,,,,,,,,,,,,,,,,,,,,,,,,,,,,,,,,,,,,,,,,,,,,,,,,,,,,,,,,,,,,
FEDNOW,POST,FN-MTB-100370,MERCHANT,MERCH-009,INDIVIDUAL,IND-0080,CREDIT,MTB-IP-20260813-24823,FN-MTB-100370,,COMPLETED,,,,,,,,,,,,,,,,,,,,,,,,,,,PENDING,PENDING,,,,,,,,,2026-08-13T22:04:20Z,True,2026-08-13T22:04:33Z,3192,10000,False,0,,,,,,,False,0,,IDEMP-FN-MTB-100370,,PASSED,,,,,,2,12,16203.66,8502.69,False,58,10000,0.911,,[],False,,,,,,,,,,,,,,SETTLED,,SETTLE-FN-MTB-100370,,2026-08-13T22:04:33Z,,,,,,,USD,,,,,,,,,,,,,,,,NOT_YET_RECONCILED,,0,True,LEDG-FN-MTB-100370,9107.43,9107.43,SETTLE-FN-MTB-100370,False,False,False,False,,,FEDNOW,FEDERAL_RESERVE_FEDNOW,pacs.008,MSG-FN-202608139024,INS-FN-284579,E2E-FN-572578733,2026-08-13T22:04:20Z,Emily Anderson,8611366363,Summit Ridge Bank,633379651,Copperfield Building Supply,9446335263,Meridian Trust Bank,MTB0000001,Northstar Payment Solutions,9107.43,USD,Invoice payment,INV-24858,PASSED,PASSED,PASSED,PASSED,PASSED,,,[],PASSED,PASSED,PASSED,PASSED,False,2023-10-12 00:00:00,5,1036,False,9446335263,1,3,False,[],13165.14,ACCEPT,Emily Anderson,8611366363,Summit Ridge Bank,Copperfield Building Supply,9446335263,Meridian Trust Bank,Northstar Payment Solutions,9107.43,POSTED,POST-MTB-754004,2026-08-13T22:04:43Z,2026-08-13 00:00:00,9446335263,CREDIT,USD,LEDG-FN-MTB-100370,9446335263,9107.43,0,129455.39,129455.39,Northstar Payment Solutions,9107.43,2026-08-13T22:04:20Z,2026-08-13T22:04:33Z,2026-08-13T22:04:43Z,2026-08-13T22:04:43Z,,,,,,,,,,,,,,,,,,,,,,,,,,,,,,,,,,,,,,,,,,,,,,,,,,,,,,,,,,,,,,,,,,,,,,,,,,,,,,,,,,,,,,,,,,,,,,,,,,,,,,,,,,,,
FEDNOW,POST,FN-MTB-100395,MERCHANT,MERCH-008,EXTERNAL_INDIVIDUAL,EXT-P-9038,CREDIT,MTB-IP-20260718-19268,FN-MTB-100395,,COMPLETED,,,,,,,,,,,,,,,,,,,,,,,,,,,PENDING,PENDING,,,,,,,,,2026-07-18T01:28:30Z,True,2026-07-18T01:28:45Z,3880,10000,False,51,,,,,,,False,0,,IDEMP-FN-MTB-100395,,PASSED,,,,,,1,8,26114.07,10644.94,False,46,10000,0.668,,[],False,,,,,,,,,,,,,,SETTLED,,SETTLE-FN-MTB-100395,,2026-07-18T01:28:45Z,,,,,,,USD,,,,,,,,,,,,,,,,MATCHED,2026-07-18T05:28:45Z,0,True,LEDG-FN-MTB-100395,6676.37,6676.37,SETTLE-FN-MTB-100395,False,False,False,False,,,FEDNOW,FEDERAL_RESERVE_FEDNOW,pacs.008,MSG-FN-202607188324,INS-FN-847775,E2E-FN-127434467,2026-07-18T01:28:30Z,Kathleen Lopez,2620601508,Cascade Point Bank,982308636,Amberlane Textiles Co,454372367,Meridian Trust Bank,MTB0000001,BrightLedger Payments,6676.37,USD,Vendor settlement,INV-47479,PASSED,PASSED,PASSED,PASSED,PASSED,,,[],PASSED,PASSED,PASSED,PASSED,False,2024-07-07 00:00:00,10,741,False,454372367,2,2,False,[],6980.27,ACCEPT,Kathleen Lopez,2620601508,Cascade Point Bank,Amberlane Textiles Co,454372367,Meridian Trust Bank,BrightLedger Payments,6676.37,POSTED,POST-MTB-843016,2026-07-18T01:28:55Z,2026-07-18 00:00:00,454372367,CREDIT,USD,LEDG-FN-MTB-100395,454372367,6676.37,0,16398.47,16398.47,BrightLedger Payments,6676.37,2026-07-18T01:28:30Z,2026-07-18T01:28:45Z,2026-07-18T01:28:55Z,2026-07-18T01:28:55Z,,,,,,,,,,,,,,,,,,,,,,,,,,,,,,,,,,,,,,,,,,,,,,,,,,,,,,,,,,,,,,,,,,,,,,,,,,,,,,,,,,,,,,,,,,,,,,,,,,,,,,,,,,,,
FEDNOW,POST,FN-MTB-100324,INDIVIDUAL,IND-0047,EXTERNAL_INDIVIDUAL,EXT-P-7365,CREDIT,MTB-IP-20260702-16447,FN-MTB-100324,,COMPLETED,,,,,,,,,,,,,,,,,,,,,,,,,,,PENDING,PENDING,,,,,,,,,2026-07-02T20:55:15Z,True,2026-07-02T20:55:16Z,2962,10000,False,0,,,,,,,False,0,,IDEMP-FN-MTB-100324,,PASSED,,,,,,1,10,4566.8,1657.44,False,55,10000,0.239,,[],False,,,,,,,,,,,,,,SETTLED,,SETTLE-FN-MTB-100324,,2026-07-02T20:55:16Z,,,,,,,USD,,,,,,,,,,,,,,,,MATCHED,2026-07-03T23:55:16Z,0,True,LEDG-FN-MTB-100324,2390.7,2390.7,SETTLE-FN-MTB-100324,False,False,False,False,,,FEDNOW,FEDERAL_RESERVE_FEDNOW,pacs.008,MSG-FN-202607027532,INS-FN-655828,E2E-FN-160429990,2026-07-02T20:55:15Z,Amanda Moore,9219855777,Cascade Point Bank,684827123,Barbara Scott,7999633628,Meridian Trust Bank,MTB0000001,Meridian Trust Bank,2390.7,USD,Invoice payment,INV-27017,PASSED,PASSED,PASSED,PASSED,PASSED,,,[],PASSED,PASSED,PASSED,PASSED,False,2026-04-25 00:00:00,2,68,False,7999633628,2,5,False,[],2470.21,ACCEPT,Amanda Moore,9219855777,Cascade Point Bank,Barbara Scott,7999633628,Meridian Trust Bank,Meridian Trust Bank,2390.7,POSTED,POST-MTB-860983,2026-07-02T20:55:26Z,2026-07-02 00:00:00,7999633628,CREDIT,USD,LEDG-FN-MTB-100324,7999633628,2390.7,0,112753.87,112753.87,Meridian Trust Bank,2390.7,2026-07-02T20:55:15Z,2026-07-02T20:55:16Z,2026-07-02T20:55:26Z,2026-07-02T20:55:26Z,,,,,,,,,,,,,,,,,,,,,,,,,,,,,,,,,,,,,,,,,,,,,,,,,,,,,,,,,,,,,,,,,,,,,,,,,,,,,,,,,,,,,,,,,,,,,,,,,,,,,,,,,,,,
FEDNOW,POST,FN-MTB-100308,INDIVIDUAL,IND-0008,EXTERNAL_INDIVIDUAL,EXT-P-1277,CREDIT,MTB-IP-20260702-71498,FN-MTB-100308,,COMPLETED,,,,,,,,,,,,,,,,,,,,,,,,,,,PENDING,PENDING,,,,,,,,,2026-07-02T16:15:03Z,True,2026-07-02T16:15:07Z,2330,10000,False,91,,,,,,,False,0,,IDEMP-FN-MTB-100308,,PASSED,,,,,,3,5,46220.21,35788.8,False,31,10000,1.936,,[],False,,,,,,,,,,,,,,SETTLED,,SETTLE-FN-MTB-100308,,2026-07-02T16:15:07Z,,,,,,,USD,,,,,,,,,,,,,,,,BREAK,2026-07-03T19:15:07Z,-13.64,False,LEDG-FN-MTB-100308,19363.81,19350.17,SETTLE-FN-MTB-100308,False,False,False,False,,,FEDNOW,FEDERAL_RESERVE_FEDNOW,pacs.008,MSG-FN-202607026099,INS-FN-917766,E2E-FN-797832951,2026-07-02T16:15:03Z,Edward Thompson,9347041660,Cascade Point Bank,966354407,Emily Ramirez,2801898931,Meridian Trust Bank,MTB0000001,Meridian Trust Bank,19363.81,USD,Vendor settlement,INV-44594,PASSED,PASSED,PASSED,PASSED,PASSED,,,[],PASSED,PASSED,PASSED,PASSED,False,2026-03-10 00:00:00,58,114,False,2801898931,5,8,False,[],22531.07,ACCEPT,Edward Thompson,9347041660,Cascade Point Bank,Emily Ramirez,2801898931,Meridian Trust Bank,Meridian Trust Bank,19363.81,POSTED,POST-MTB-314529,2026-07-02T16:15:17Z,2026-07-02 00:00:00,2801898931,CREDIT,USD,LEDG-FN-MTB-100308,2801898931,19363.81,0,20126.96,20126.96,Meridian Trust Bank,19350.17,2026-07-02T16:15:03Z,2026-07-02T16:15:07Z,2026-07-02T16:15:17Z,2026-07-02T16:15:17Z,,,,,,,,,,,,,,,,,,,,,,,,,,,,,,,,,,,,,,,,,,,,,,,,,,,,,,,,,,,,,,,,,,,,,,,,,,,,,,,,,,,,,,,,,,,,,,,,,,,,,,,,,,,,
FEDNOW,POST,FN-MTB-100386,MERCHANT,MERCH-002,INDIVIDUAL,IND-0083,CREDIT,MTB-IP-20260817-87688,FN-MTB-100386,,COMPLETED,,,,,,,,,,,,,,,,,,,,,,,,,,,PENDING,PENDING,,,,,,,,,2026-08-17T04:07:08Z,True,2026-08-17T04:07:17Z,2677,10000,False,5,,,,,,,False,0,,IDEMP-FN-MTB-100386,,PASSED,,,,,,1,5,194.27,117.26,False,38,10000,0.013,,[],False,,,,,,,,,,,,,,SETTLED,,SETTLE-FN-MTB-100386,,2026-08-17T04:07:17Z,,,,,,,USD,,,,,,,,,,,,,,,,MATCHED,2026-08-17T16:07:17Z,0,True,LEDG-FN-MTB-100386,130.95,130.95,SETTLE-FN-MTB-100386,False,False,False,False,,,FEDNOW,FEDERAL_RESERVE_FEDNOW,pacs.008,MSG-FN-202608174859,INS-FN-873470,E2E-FN-255075331,2026-08-17T04:07:08Z,Thomas Wright,8958863975,Ironbridge National Bank,473278736,Crestline Office Outfitters,5123580257,Meridian Trust Bank,MTB0000001,Vertex Commerce Pay,130.95,USD,Invoice payment,INV-97331,PASSED,PASSED,PASSED,PASSED,PASSED,,,[],PASSED,PASSED,PASSED,PASSED,False,2025-07-31 00:00:00,41,382,False,5123580257,2,5,False,[],145.01,ACCEPT,Thomas Wright,8958863975,Ironbridge National Bank,Crestline Office Outfitters,5123580257,Meridian Trust Bank,Vertex Commerce Pay,130.95,POSTED,POST-MTB-276205,2026-08-17T04:07:27Z,2026-08-17 00:00:00,5123580257,CREDIT,USD,LEDG-FN-MTB-100386,5123580257,130.95,0,112615.45,112615.45,Vertex Commerce Pay,130.95,2026-08-17T04:07:08Z,2026-08-17T04:07:17Z,2026-08-17T04:07:27Z,2026-08-17T04:07:27Z,,,,,,,,,,,,,,,,,,,,,,,,,,,,,,,,,,,,,,,,,,,,,,,,,,,,,,,,,,,,,,,,,,,,,,,,,,,,,,,,,,,,,,,,,,,,,,,,,,,,,,,,,,,,
FEDNOW,POST,FN-MTB-100385,MERCHANT,MERCH-001,EXTERNAL_INDIVIDUAL,EXT-P-9945,CREDIT,MTB-IP-20260814-47131,FN-MTB-100385,,COMPLETED,,,,,,,,,,,,,,,,,,,,,,,,,,,PENDING,PENDING,,,,,,,,,2026-08-14T00:28:27Z,True,2026-08-14T00:28:42Z,2690,10000,False,0,,,,,,,False,0,,IDEMP-FN-MTB-100385,,PASSED,,,,,,5,7,18272.35,7075.28,False,48,10000,0.515,,[],False,,,,,,,,,,,,,,SETTLED,,SETTLE-FN-MTB-100385,,2026-08-14T00:28:42Z,,,,,,,USD,,,,,,,,,,,,,,,,MATCHED,2026-08-14T02:28:42Z,0,True,LEDG-FN-MTB-100385,5150,5150,SETTLE-FN-MTB-100385,False,False,False,False,,,FEDNOW,FEDERAL_RESERVE_FEDNOW,pacs.008,MSG-FN-202608147223,INS-FN-917806,E2E-FN-858646143,2026-08-14T00:28:27Z,Barbara Nguyen,8961997182,Cascade Point Bank,25018390,Bluepeak Hardware Supply,2813398050,Meridian Trust Bank,MTB0000001,Meridian Trust Bank,5150,USD,P2P transfer,INV-33377,PASSED,PASSED,PASSED,PASSED,PASSED,,,[],PASSED,PASSED,PASSED,PASSED,False,2023-05-07 00:00:00,13,1195,False,2813398050,1,1,False,[],5793.22,ACCEPT,Barbara Nguyen,8961997182,Cascade Point Bank,Bluepeak Hardware Supply,2813398050,Meridian Trust Bank,Meridian Trust Bank,5150,POSTED,POST-MTB-150422,2026-08-14T00:28:52Z,2026-08-14 00:00:00,2813398050,CREDIT,USD,LEDG-FN-MTB-100385,2813398050,5150,0,57215.81,57215.81,Meridian Trust Bank,5150,2026-08-14T00:28:27Z,2026-08-14T00:28:42Z,2026-08-14T00:28:52Z,2026-08-14T00:28:52Z,,,,,,,,,,,,,,,,,,,,,,,,,,,,,,,,,,,,,,,,,,,,,,,,,,,,,,,,,,,,,,,,,,,,,,,,,,,,,,,,,,,,,,,,,,,,,,,,,,,,,,,,,,,,
